event_id,event,sample,event_type,age_unit,kind,label,value_ma,younger_ma,older_ma,uncertainty,method,caveat,sources,assessment_date
nwa_reservoir,Extraction of the source reservoir,NWA 7034,Reservoir,Ma before present,minimum,"At least 4,547 Ma",,4547,,Interpreted bound; no older limit specified here.,Hf isotopic interpretation,This source reservoir age is neither the grain age nor the age of the dichotomy.,https://doi.org/10.1038/s41586-018-0222-z,2026-09-27
nwa_crystal,Crystallization of seven zircons,NWA 7034,Formation,Ma before present,range,"4,429.7–4,476.3 Ma",,4429.7,4476.3,"Range of ages across seven grains, not a confidence interval. Reported endpoint uncertainties: ±1.0 and ±0.9 Ma.",U–Pb dating,The grains did not all crystallize at the same time.,https://doi.org/10.1038/s41586-018-0222-z,2026-09-27
alh_crystal,Rock crystallization,ALH 84001,Formation,Ma before present,estimate,"4,091 ± 30 Ma",4091,4061,4121,Reported ±30 Ma; confidence level not re-audited here.,Lapen et al. (2010) age cited by Steele et al.,Crystallization predates the magnetic reworking discussed.,https://pmc.ncbi.nlm.nih.gov/articles/PMC10957104/,2026-09-27
alh_remanence,Latest ancient recording discussed,ALH 84001,Magnetization,Ma before present,approximate,"Around 3,900 Ma",3900,,,No numerical uncertainty propagated here.,Paleomagnetic interpretation and shock history,"Interpreted age marker, not direct dating of every grain or proof of a continuous dynamo.",https://pmc.ncbi.nlm.nih.gov/articles/PMC10957104/,2026-09-27
laf_crystal,Host-rock formation,Lafayette,Formation,Ma before present,approximate,"Around 1,320 Ma",1320,,,No numerical uncertainty propagated here.,Chronological context cited in Tremblay et al.,"Rounded age marker, distinct from alteration.",https://www.geochemicalperspectivesletters.org/article2443/,2026-09-27
nakhla_shock,Recorded shock episode,Nakhla,Shock,Ma before present,approximate,Around 913 Ma,913,,,No numerical uncertainty propagated here.,Thermochronology cited from Cassata et al. (2010),Age discussed for Nakhla; linking it to the Lafayette shock remains an association.,https://www.geochemicalperspectivesletters.org/article2443/,2026-09-27
laf_water,Iddingsite formation,Lafayette,Alteration,Ma before present,estimate,742 ± 15 Ma,742,727,757,"Reported ±15 Ma, 2σ.",⁴⁰Ar/³⁹Ar dating,Dates the interpreted water–rock interaction; does not automatically date magnetization.,https://www.geochemicalperspectivesletters.org/article2443/,2026-09-27
laf_ejection,Ejection from Mars,Lafayette,Ejection,Ma before present,approximate,Around 10.7 Ma,10.7,,,No numerical uncertainty propagated here.,Cosmic-ray exposure context cited from Cohen et al. (2017),"Ejection age marker for the nakhlite group, distinct from events within the rock.",https://www.geochemicalperspectivesletters.org/article2443/,2026-09-27
nwa_ejection,Proposed ejection from Karratha,NWA 7034,Ejection,Ma before present,range,5–10 Ma,,5,10,Interpreted range; not an analytical 2σ interval.,Crater chronology and agreement with exposure ages,"Proposed source attribution, not a directly observed location.",https://pmc.ncbi.nlm.nih.gov/articles/PMC9276826/,2026-09-27
global_dichotomy,Formation of the dichotomy,Global Mars,Formation,Ma before present,unknown,Not fixed in this selection,,,,No numerical uncertainty propagated here.,Scenario comparison still required,No single age is inferred from the zircons or the present mantle.,https://doi.org/10.1038/s41586-018-0222-z ; https://doi.org/10.1038/s41586-026-10893-x,2026-09-27
laf_remanence,Acquisition of magnetization,Lafayette,Magnetization,Ma before present,unknown,Not dated here,,,,No numerical uncertainty propagated here.,Mineral–magnetic component link still to be established,An alteration age cannot be assigned to magnetization without this link.,https://www.geochemicalperspectivesletters.org/article2443/,2026-09-27
