altitude_km,design,block,represented_arc_weight_km,delta_log1p
150,line_0_both_pure_noachian_d200_offset0,0,363.55870274793995,0.8281800050144212
150,line_0_both_pure_noachian_d200_offset0,20,827.6606421411368,-0.13654769435484998
150,line_0_both_pure_noachian_d200_offset0,21,208.42237924819835,-0.9890118453402729
150,line_500_both_pure_noachian_d200_offset0,0,682.0291192422634,0.47152759794011734
150,line_500_both_pure_noachian_d200_offset0,1,685.9082282322017,0.5297022927981779
150,line_500_both_pure_noachian_d200_offset0,2,525.3726743042489,0.15521452644528547
150,line_500_both_pure_noachian_d200_offset0,3,809.4098818101634,-0.1210521432328241
150,line_500_both_pure_noachian_d200_offset0,4,690.5790235845112,-0.007692006449334196
150,line_500_both_pure_noachian_d200_offset0,7,502.6733844984211,-0.350724944775065
150,line_500_both_pure_noachian_d200_offset0,8,980.2457526644706,1.0234838289738926
150,line_500_both_pure_noachian_d200_offset0,9,712.8582716181181,0.09917591247244215
150,line_500_both_pure_noachian_d200_offset0,10,1000.5606626223514,0.3240277429950788
150,line_500_both_pure_noachian_d200_offset0,11,928.2020181495011,1.0361487054584595
150,line_500_both_pure_noachian_d200_offset0,12,337.5444001593937,-0.6782458914403102
150,line_500_both_pure_noachian_d200_offset0,13,262.09625745672884,0.5459285114914115
150,line_500_both_pure_noachian_d200_offset0,20,458.0033151077296,0.480725105116161
150,line_500_both_pure_noachian_d200_offset0,21,530.1505709201383,0.3971704607872515
150,line_500_both_pure_noachian_d200_offset0,22,945.3271837318039,0.507939688395824
150,line_500_both_pure_noachian_d200_offset0,23,455.82106393614885,0.14429986958550453
150,line_1000_both_pure_noachian_d200_offset0,0,877.6799895391207,-0.18698880604273807
150,line_1000_both_pure_noachian_d200_offset0,1,975.2380804747794,0.07559918680001727
150,line_1000_both_pure_noachian_d200_offset0,2,775.7550103458678,0.11497077974925582
150,line_1000_both_pure_noachian_d200_offset0,3,731.8104788682765,0.08177820900747544
150,line_1000_both_pure_noachian_d200_offset0,6,587.4918936631959,0.21606553732633288
150,line_1000_both_pure_noachian_d200_offset0,7,367.1631095385602,0.48021053396978536
150,line_1000_both_pure_noachian_d200_offset0,8,279.5630550068586,-0.14617604628052572
150,line_1000_both_pure_noachian_d200_offset0,9,935.4232225081751,-0.2005914957309235
150,line_1000_both_pure_noachian_d200_offset0,10,865.6389750313355,-0.7107021699252132
150,line_1000_both_pure_noachian_d200_offset0,11,367.263078401331,0.409415464847248
150,line_1000_both_pure_noachian_d200_offset0,12,837.9278085005038,-0.1780223422021332
150,line_1000_both_pure_noachian_d200_offset0,13,509.55737023563586,-0.5364373895763723
150,line_1000_both_pure_noachian_d200_offset0,21,297.5984355275076,1.2238162617807191
150,line_1000_both_pure_noachian_d200_offset0,22,749.3228687609572,-0.911518371625508
150,line_1000_both_pure_noachian_d200_offset0,23,941.9202928406944,-0.7826316045006257
150,line_0_both_pure_noachian_d200_offset0.5,1,330.9939440374946,0.8868868501453184
150,line_0_both_pure_noachian_d200_offset0.5,20,360.614023334378,-0.39963815360761623
150,line_0_both_pure_noachian_d200_offset0.5,21,467.0466188067587,0.0665885776824465
150,line_0_both_pure_noachian_d200_offset0.5,22,208.42237924819835,-0.9890118453402729
150,line_500_both_pure_noachian_d200_offset0.5,0,705.6957403937284,0.2057271679190803
150,line_500_both_pure_noachian_d200_offset0.5,1,575.7389977157817,0.8282119138674334
150,line_500_both_pure_noachian_d200_offset0.5,2,533.2982986654425,0.5239203975647602
150,line_500_both_pure_noachian_d200_offset0.5,3,657.4396367306265,-0.15489130779068092
150,line_500_both_pure_noachian_d200_offset0.5,4,1004.0105167281844,-0.0289435023654203
150,line_500_both_pure_noachian_d200_offset0.5,5,205.22950847430494,-0.22191328647477643
150,line_500_both_pure_noachian_d200_offset0.5,8,958.812717567906,0.05571078761255667
150,line_500_both_pure_noachian_d200_offset0.5,9,948.9477688409902,0.7424212228895808
150,line_500_both_pure_noachian_d200_offset0.5,10,766.7624186961959,0.08759499333719833
150,line_500_both_pure_noachian_d200_offset0.5,11,928.7780910454376,1.2270792056691926
150,line_500_both_pure_noachian_d200_offset0.5,12,745.232407598447,0.057742363557904824
150,line_500_both_pure_noachian_d200_offset0.5,13,312.52909660222275,0.1406239224434082
150,line_500_both_pure_noachian_d200_offset0.5,21,449.9509598546503,0.6760226206488978
150,line_500_both_pure_noachian_d200_offset0.5,22,918.7190723401333,0.4151251622936458
150,line_500_both_pure_noachian_d200_offset0.5,23,621.1320223159755,0.3471788603468178
150,line_1000_both_pure_noachian_d200_offset0.5,0,902.3346464564022,-0.5651587935377416
150,line_1000_both_pure_noachian_d200_offset0.5,1,955.4599488770339,0.06065441289231517
150,line_1000_both_pure_noachian_d200_offset0.5,2,843.5614684698055,0.14009401050051426
150,line_1000_both_pure_noachian_d200_offset0.5,3,896.3256661513544,0.13564168071522203
150,line_1000_both_pure_noachian_d200_offset0.5,4,318.0140663824429,-0.0733866058034721
150,line_1000_both_pure_noachian_d200_offset0.5,7,601.1988264203326,0.15170790995791833
150,line_1000_both_pure_noachian_d200_offset0.5,8,348.83583474921556,0.48458569290305903
150,line_1000_both_pure_noachian_d200_offset0.5,9,623.0705992967793,-0.14019504799109878
150,line_1000_both_pure_noachian_d200_offset0.5,10,825.5158412746293,-0.2533143549239722
150,line_1000_both_pure_noachian_d200_offset0.5,11,635.6628742602092,-1.0553129016782854
150,line_1000_both_pure_noachian_d200_offset0.5,12,664.2006427596673,0.6690099113881063
150,line_1000_both_pure_noachian_d200_offset0.5,13,699.2309570987265,-0.6425185822115385
150,line_1000_both_pure_noachian_d200_offset0.5,14,220.40947576476302,-0.5767131828938643
150,line_1000_both_pure_noachian_d200_offset0.5,20,323.42842564967077,-0.6105608166877161
150,line_1000_both_pure_noachian_d200_offset0.5,22,550.2536823901712,0.2806463583899998
150,line_1000_both_pure_noachian_d200_offset0.5,23,879.2560823774841,-1.0795181969556022
150,line_0_both_pure_noachian_d400_offset0,20,239.386513871652,0.6046124375674513
150,line_500_both_pure_noachian_d400_offset0,0,734.3211182706157,0.5907357136952364
150,line_500_both_pure_noachian_d400_offset0,1,414.3305623849774,0.5113438947835706
150,line_500_both_pure_noachian_d400_offset0,3,499.04157308511105,-0.07096763805510614
150,line_500_both_pure_noachian_d400_offset0,4,224.69635741277827,0.47799651636003676
150,line_500_both_pure_noachian_d400_offset0,7,276.9922221607135,0.1142888745709456
150,line_500_both_pure_noachian_d400_offset0,8,650.2412893260844,0.664427809687342
150,line_500_both_pure_noachian_d400_offset0,9,330.8726743636935,0.7503034319235604
150,line_500_both_pure_noachian_d400_offset0,10,700.5984018457328,0.6236904810052155
150,line_500_both_pure_noachian_d400_offset0,11,528.5545740908924,0.5252557786878865
150,line_500_both_pure_noachian_d400_offset0,12,277.1181245724571,-0.6080019617597573
150,line_500_both_pure_noachian_d400_offset0,13,324.9091259471689,0.6994621715980444
150,line_500_both_pure_noachian_d400_offset0,20,468.01501905723,0.666165321530153
150,line_500_both_pure_noachian_d400_offset0,21,242.89069976201125,0.37757038595642683
150,line_500_both_pure_noachian_d400_offset0,22,767.9591656721869,0.34248082020853565
150,line_500_both_pure_noachian_d400_offset0,23,518.3778071469287,0.8100400209713006
150,line_1000_both_pure_noachian_d400_offset0,0,890.9205113488306,0.18151431308256552
150,line_1000_both_pure_noachian_d400_offset0,1,975.2380804747794,0.3865686192464768
150,line_1000_both_pure_noachian_d400_offset0,2,813.6167829858383,0.28115398752380205
150,line_1000_both_pure_noachian_d400_offset0,3,660.1735516749645,0.24899795654429688
150,line_1000_both_pure_noachian_d400_offset0,6,359.1034153701303,0.37793629435362375
150,line_1000_both_pure_noachian_d400_offset0,7,314.7356209463085,0.4784423366510995
150,line_1000_both_pure_noachian_d400_offset0,8,230.00736071619568,-0.20972409199790787
150,line_1000_both_pure_noachian_d400_offset0,9,937.7308586697744,0.2023962327579456
150,line_1000_both_pure_noachian_d400_offset0,10,921.3189311366109,-1.0340521730819685
150,line_1000_both_pure_noachian_d400_offset0,11,660.8579952432051,0.17324299934659398
150,line_1000_both_pure_noachian_d400_offset0,12,817.7691604421816,0.007854042942933126
150,line_1000_both_pure_noachian_d400_offset0,13,215.03194911381112,-0.14028920362174113
150,line_1000_both_pure_noachian_d400_offset0,20,481.97495351202474,-0.9980457897889587
150,line_1000_both_pure_noachian_d400_offset0,21,317.9386908618163,0.23024897152369284
150,line_1000_both_pure_noachian_d400_offset0,22,397.2746972219833,-0.18212138942775039
150,line_1000_both_pure_noachian_d400_offset0,23,453.58748598979366,0.2127375065764295
150,line_0_both_pure_noachian_d400_offset0.5,20,222.27828135121743,0.5830299737578459
150,line_500_both_pure_noachian_d400_offset0.5,0,723.0561338447743,0.681791588120676
150,line_500_both_pure_noachian_d400_offset0.5,1,689.8824351115202,0.7365602949183278
150,line_500_both_pure_noachian_d400_offset0.5,3,449.45810358184895,0.10365911857617924
150,line_500_both_pure_noachian_d400_offset0.5,4,332.59111273750625,0.3770286696657136
150,line_500_both_pure_noachian_d400_offset0.5,8,553.8936603221804,0.33970218010173964
150,line_500_both_pure_noachian_d400_offset0.5,9,409.03619243396537,0.7258423903578699
150,line_500_both_pure_noachian_d400_offset0.5,10,691.7818580211795,0.5600735127379017
150,line_500_both_pure_noachian_d400_offset0.5,11,408.8120978688054,1.384525608373829
150,line_500_both_pure_noachian_d400_offset0.5,12,634.7464849901351,-0.2641524522491261
150,line_500_both_pure_noachian_d400_offset0.5,21,402.808313840207,0.687556315495914
150,line_500_both_pure_noachian_d400_offset0.5,22,575.7384262644314,0.32101579247810397
150,line_500_both_pure_noachian_d400_offset0.5,23,525.777080144942,0.29708391651525556
150,line_1000_both_pure_noachian_d400_offset0.5,0,658.521486291917,0.286881481936481
150,line_1000_both_pure_noachian_d400_offset0.5,1,924.2741150847423,0.2686109636035763
150,line_1000_both_pure_noachian_d400_offset0.5,2,806.1585855301641,0.3472890694967934
150,line_1000_both_pure_noachian_d400_offset0.5,3,928.1367541157806,0.32099830819051955
150,line_1000_both_pure_noachian_d400_offset0.5,4,289.8307068043166,0.05985801214278534
150,line_1000_both_pure_noachian_d400_offset0.5,7,338.061250684813,0.5067873353674042
150,line_1000_both_pure_noachian_d400_offset0.5,8,317.20530959373605,0.37867066625537826
150,line_1000_both_pure_noachian_d400_offset0.5,9,604.95068730184,0.030373289876702805
150,line_1000_both_pure_noachian_d400_offset0.5,10,976.0495827990669,-0.31006538474323375
150,line_1000_both_pure_noachian_d400_offset0.5,11,671.7379758671627,-1.0040627121088366
150,line_1000_both_pure_noachian_d400_offset0.5,12,881.5409185996033,0.3783780129020199
150,line_1000_both_pure_noachian_d400_offset0.5,13,518.2984281146987,-0.3124105766980368
150,line_1000_both_pure_noachian_d400_offset0.5,20,424.32085682712864,-0.8193427468676925
150,line_1000_both_pure_noachian_d400_offset0.5,21,226.88026395201894,-0.6584150312341756
150,line_1000_both_pure_noachian_d400_offset0.5,22,525.779997481201,-0.02005651576081771
150,line_1000_both_pure_noachian_d400_offset0.5,23,332.1363769820258,-0.028447077216060067
150,line_0_both_pure_noachian_d600_offset0,20,425.0824975350281,1.420481988873258
150,line_1000_both_pure_noachian_d600_offset0,0,843.1113585348257,0.7459319166074188
150,line_1000_both_pure_noachian_d600_offset0,1,708.6431381811528,0.6379691057378483
150,line_1000_both_pure_noachian_d600_offset0,2,587.6096814230322,0.42316776962587743
150,line_1000_both_pure_noachian_d600_offset0,3,710.9731260054273,0.36601203272199423
150,line_1000_both_pure_noachian_d600_offset0,6,279.1517050434211,0.7647273575401704
150,line_1000_both_pure_noachian_d600_offset0,7,353.65762539272225,0.4538189763495835
150,line_1000_both_pure_noachian_d600_offset0,9,635.688108723675,0.32723077758337493
150,line_1000_both_pure_noachian_d600_offset0,10,971.3202166344543,-0.5518769709952054
150,line_1000_both_pure_noachian_d600_offset0,11,747.936482751317,1.1709966095057267
150,line_1000_both_pure_noachian_d600_offset0,12,429.0908145255073,-0.2710931074490762
150,line_1000_both_pure_noachian_d600_offset0,13,353.94660550576043,0.36950595864896635
150,line_1000_both_pure_noachian_d600_offset0,20,338.06865146443863,-1.7496625617175658
150,line_1000_both_pure_noachian_d600_offset0,22,511.1290648995045,0.3433391984803259
150,line_1000_both_pure_noachian_d600_offset0,23,322.1933332851939,0.0299012427611067
150,line_0_both_pure_noachian_d600_offset0.5,20,387.2013541961597,1.4297621461693921
150,line_1000_both_pure_noachian_d600_offset0.5,0,438.3448187583017,0.34990785659723633
150,line_1000_both_pure_noachian_d600_offset0.5,1,869.432210968967,0.8443445551226152
150,line_1000_both_pure_noachian_d600_offset0.5,2,477.0673262515918,0.6537219545772044
150,line_1000_both_pure_noachian_d600_offset0.5,3,891.5356826518037,0.43980930271230867
150,line_1000_both_pure_noachian_d600_offset0.5,4,334.42287380205306,0.2776430833232998
150,line_1000_both_pure_noachian_d600_offset0.5,7,430.03399934213945,0.8632315207002967
150,line_1000_both_pure_noachian_d600_offset0.5,8,272.8991562340518,0.2003929944814896
150,line_1000_both_pure_noachian_d600_offset0.5,9,443.9067550074402,0.09007090086881353
150,line_1000_both_pure_noachian_d600_offset0.5,10,760.7527319682222,-0.1270285407982068
150,line_1000_both_pure_noachian_d600_offset0.5,11,779.8255136766364,0.17505259674612483
150,line_1000_both_pure_noachian_d600_offset0.5,12,678.7573356541252,0.6308357413266419
150,line_1000_both_pure_noachian_d600_offset0.5,13,392.21977177825545,-0.14672897235450927
150,line_1000_both_pure_noachian_d600_offset0.5,20,299.80750672256727,-1.1094985961236534
150,line_1000_both_pure_noachian_d600_offset0.5,21,219.44576945749583,-2.278883413664468
150,line_1000_both_pure_noachian_d600_offset0.5,22,309.5158173365505,-0.35397904716800765
150,line_1000_both_pure_noachian_d600_offset0.5,23,505.3737299521632,0.4660507569227129
150,line_0_same_noachian_epoch_rank_d200_offset0,20,541.1892805783575,0.09479145127438125
150,line_500_same_noachian_epoch_rank_d200_offset0,1,537.0808510446535,0.45583583358846597
150,line_500_same_noachian_epoch_rank_d200_offset0,2,467.328879310804,0.03969211791043557
150,line_500_same_noachian_epoch_rank_d200_offset0,3,496.50973013095575,-0.1385203074042019
150,line_500_same_noachian_epoch_rank_d200_offset0,4,226.38101021790493,0.2741674826891624
150,line_500_same_noachian_epoch_rank_d200_offset0,7,212.8115098997203,-0.33714110651233153
150,line_500_same_noachian_epoch_rank_d200_offset0,8,663.9310329074983,1.028487657312192
150,line_500_same_noachian_epoch_rank_d200_offset0,9,547.3025669297525,-0.034916835879065786
150,line_500_same_noachian_epoch_rank_d200_offset0,10,349.6674243688118,0.5253459867076553
150,line_500_same_noachian_epoch_rank_d200_offset0,11,450.35633452469176,0.9871740601425425
150,line_500_same_noachian_epoch_rank_d200_offset0,12,205.31897076213073,-0.6484512179108407
150,line_500_same_noachian_epoch_rank_d200_offset0,13,217.8304842054321,0.6902557084849241
150,line_500_same_noachian_epoch_rank_d200_offset0,20,443.543076873006,0.5312221115169043
150,line_500_same_noachian_epoch_rank_d200_offset0,21,452.933198663212,0.4193352739492142
150,line_500_same_noachian_epoch_rank_d200_offset0,22,253.69599518546457,0.5722122211216738
150,line_500_same_noachian_epoch_rank_d200_offset0,23,306.8710806231866,-0.07355010548840278
150,line_1000_same_noachian_epoch_rank_d200_offset0,0,379.7085588448552,-0.060364054838352964
150,line_1000_same_noachian_epoch_rank_d200_offset0,1,601.4477545885761,0.02067953202810286
150,line_1000_same_noachian_epoch_rank_d200_offset0,2,645.2089128831026,0.09998826813915762
150,line_1000_same_noachian_epoch_rank_d200_offset0,3,532.5619516150546,0.01844907539062438
150,line_1000_same_noachian_epoch_rank_d200_offset0,6,587.4918936631959,0.21606553732633288
150,line_1000_same_noachian_epoch_rank_d200_offset0,9,308.06839048955976,-0.21368963958673481
150,line_1000_same_noachian_epoch_rank_d200_offset0,10,323.8930613795576,-0.7073022104270122
150,line_1000_same_noachian_epoch_rank_d200_offset0,21,297.5984355275076,1.2238162617807191
150,line_1000_same_noachian_epoch_rank_d200_offset0,22,749.3228687609572,-0.911518371625508
150,line_1000_same_noachian_epoch_rank_d200_offset0,23,535.5686121406703,-0.7515436740411925
150,line_0_same_noachian_epoch_rank_d200_offset0.5,20,210.6369331567759,-0.27385719076033344
150,line_0_same_noachian_epoch_rank_d200_offset0.5,21,330.55234742158166,0.32970437800537017
150,line_500_same_noachian_epoch_rank_d200_offset0.5,0,306.7333039965652,0.03896412624320833
150,line_500_same_noachian_epoch_rank_d200_offset0.5,1,234.18351170809024,0.7791621810474596
150,line_500_same_noachian_epoch_rank_d200_offset0.5,2,501.66284191661043,0.48500393021025534
150,line_500_same_noachian_epoch_rank_d200_offset0.5,3,579.3200158377465,-0.21966663743164153
150,line_500_same_noachian_epoch_rank_d200_offset0.5,4,420.21573397869236,0.07935056064736296
150,line_500_same_noachian_epoch_rank_d200_offset0.5,8,532.1685649865531,0.18088654227154524
150,line_500_same_noachian_epoch_rank_d200_offset0.5,9,710.8064214552132,0.5817165748448307
150,line_500_same_noachian_epoch_rank_d200_offset0.5,10,345.44115239085033,0.039054464286037725
150,line_500_same_noachian_epoch_rank_d200_offset0.5,11,295.2250354504697,1.4307224004097985
150,line_500_same_noachian_epoch_rank_d200_offset0.5,12,463.6226029132961,0.4042622576446099
150,line_500_same_noachian_epoch_rank_d200_offset0.5,13,253.8957731362437,0.21627839235793667
150,line_500_same_noachian_epoch_rank_d200_offset0.5,21,449.9509598546503,0.6760226206488978
150,line_500_same_noachian_epoch_rank_d200_offset0.5,22,457.96790181617996,0.3910336301554008
150,line_500_same_noachian_epoch_rank_d200_offset0.5,23,261.7750735137149,0.2000218646828907
150,line_1000_same_noachian_epoch_rank_d200_offset0.5,0,273.7839431951202,-0.5998472262914067
150,line_1000_same_noachian_epoch_rank_d200_offset0.5,1,512.7410204453524,0.013790174666513548
150,line_1000_same_noachian_epoch_rank_d200_offset0.5,2,688.9776190833775,0.13881124578573412
150,line_1000_same_noachian_epoch_rank_d200_offset0.5,3,691.3366013507068,0.11242124840360282
150,line_1000_same_noachian_epoch_rank_d200_offset0.5,4,214.32201657143116,-0.29202522836351863
150,line_1000_same_noachian_epoch_rank_d200_offset0.5,7,601.1988264203326,0.15170790995791833
150,line_1000_same_noachian_epoch_rank_d200_offset0.5,10,267.87620752550527,-0.2547771799006251
150,line_1000_same_noachian_epoch_rank_d200_offset0.5,11,250.01618699166636,-1.0838651863543864
150,line_1000_same_noachian_epoch_rank_d200_offset0.5,22,550.2536823901712,0.2806463583899998
150,line_1000_same_noachian_epoch_rank_d200_offset0.5,23,784.5474373241466,-1.015513819530778
150,line_500_same_noachian_epoch_rank_d400_offset0,0,371.04262623669024,0.7188886054162426
150,line_500_same_noachian_epoch_rank_d400_offset0,1,273.9730436286893,0.3171247619854405
150,line_500_same_noachian_epoch_rank_d400_offset0,3,337.76720596507477,-0.15183317151829986
150,line_500_same_noachian_epoch_rank_d400_offset0,8,474.5528757324363,0.7611766424559698
150,line_500_same_noachian_epoch_rank_d400_offset0,9,330.8726743636935,0.7503034319235604
150,line_500_same_noachian_epoch_rank_d400_offset0,10,411.3868624991545,0.9349742700818185
150,line_500_same_noachian_epoch_rank_d400_offset0,11,287.77082980863725,0.3060960148701657
150,line_500_same_noachian_epoch_rank_d400_offset0,20,373.9059453372113,0.7529589334698067
150,line_500_same_noachian_epoch_rank_d400_offset0,21,242.89069976201125,0.37757038595642683
150,line_500_same_noachian_epoch_rank_d400_offset0,22,447.31381010224027,0.3702483464998446
150,line_500_same_noachian_epoch_rank_d400_offset0,23,479.93300779277587,0.8420756635511945
150,line_1000_same_noachian_epoch_rank_d400_offset0,0,237.79299364998747,-0.019694241716415473
150,line_1000_same_noachian_epoch_rank_d400_offset0,1,749.0474011665219,0.41735467125925707
150,line_1000_same_noachian_epoch_rank_d400_offset0,2,663.8665046798835,0.2108988044640951
150,line_1000_same_noachian_epoch_rank_d400_offset0,3,423.93103861171636,0.372737836617956
150,line_1000_same_noachian_epoch_rank_d400_offset0,6,328.94397630557734,0.36503309412995655
150,line_1000_same_noachian_epoch_rank_d400_offset0,9,279.08102074603596,0.10409435566934479
150,line_1000_same_noachian_epoch_rank_d400_offset0,10,347.27203200366847,-1.211918379548599
150,line_1000_same_noachian_epoch_rank_d400_offset0,11,231.16563000338965,-0.3183654380794885
150,line_1000_same_noachian_epoch_rank_d400_offset0,20,336.7900544188241,-1.2153156400990337
150,line_1000_same_noachian_epoch_rank_d400_offset0,21,317.9386908618163,0.23024897152369284
150,line_1000_same_noachian_epoch_rank_d400_offset0,23,230.30302414871036,0.3071265745374375
150,line_500_same_noachian_epoch_rank_d400_offset0.5,0,538.7482535543968,0.8953518413249947
150,line_500_same_noachian_epoch_rank_d400_offset0.5,1,394.53107456413363,0.6271252695644047
150,line_500_same_noachian_epoch_rank_d400_offset0.5,3,349.21527564890334,0.04574185995599195
150,line_500_same_noachian_epoch_rank_d400_offset0.5,8,394.03695752970924,0.4585512054825425
150,line_500_same_noachian_epoch_rank_d400_offset0.5,9,363.30248898355416,0.653746573991564
150,line_500_same_noachian_epoch_rank_d400_offset0.5,10,451.02743336248335,0.8488855675527991
150,line_500_same_noachian_epoch_rank_d400_offset0.5,11,282.5864569699904,1.3343172163700592
150,line_500_same_noachian_epoch_rank_d400_offset0.5,12,386.55724441706457,-0.5578743815981542
150,line_500_same_noachian_epoch_rank_d400_offset0.5,21,356.87047585713015,0.7838149265213193
150,line_500_same_noachian_epoch_rank_d400_offset0.5,22,473.7146876278818,0.39686824849500235
150,line_500_same_noachian_epoch_rank_d400_offset0.5,23,268.7106638573919,0.14832970247284313
150,line_1000_same_noachian_epoch_rank_d400_offset0.5,1,510.43293199500937,0.3171335403136244
150,line_1000_same_noachian_epoch_rank_d400_offset0.5,2,653.397451769451,0.29033266055654416
150,line_1000_same_noachian_epoch_rank_d400_offset0.5,3,703.1544100552975,0.3374980751356714
150,line_1000_same_noachian_epoch_rank_d400_offset0.5,7,256.0007038174652,0.4590598110482159
150,line_1000_same_noachian_epoch_rank_d400_offset0.5,9,220.2690694020843,-0.07566799715159887
150,line_1000_same_noachian_epoch_rank_d400_offset0.5,10,354.83377256242034,-0.6554481458011727
150,line_1000_same_noachian_epoch_rank_d400_offset0.5,11,264.18369269317,-1.179821859372396
150,line_1000_same_noachian_epoch_rank_d400_offset0.5,12,237.24634458995126,0.4005076843420677
150,line_1000_same_noachian_epoch_rank_d400_offset0.5,20,246.8363016018452,-1.1147926604222245
150,line_1000_same_noachian_epoch_rank_d400_offset0.5,21,226.88026395201894,-0.6584150312341756
150,line_1000_same_noachian_epoch_rank_d400_offset0.5,22,303.25671330871245,-0.008029398167026205
150,line_1000_same_noachian_epoch_rank_d600_offset0,0,410.5165467554616,0.702391751934234
150,line_1000_same_noachian_epoch_rank_d600_offset0,1,536.0869401390524,0.6317420794568702
150,line_1000_same_noachian_epoch_rank_d600_offset0,2,428.64845647449897,0.5434228438772027
150,line_1000_same_noachian_epoch_rank_d600_offset0,3,504.07146319499066,0.2734965858790357
150,line_1000_same_noachian_epoch_rank_d600_offset0,9,324.98116810159576,0.28092914409558417
150,line_1000_same_noachian_epoch_rank_d600_offset0,10,276.6129012114548,-0.12675178288553396
150,line_1000_same_noachian_epoch_rank_d600_offset0,11,448.03731878692173,1.275782033076268
150,line_1000_same_noachian_epoch_rank_d600_offset0,13,267.3004214973166,0.7646016943097829
150,line_1000_same_noachian_epoch_rank_d600_offset0,20,244.83928950847255,-1.8071647071198127
150,line_1000_same_noachian_epoch_rank_d600_offset0.5,1,559.5234343608631,0.7388178585501648
150,line_1000_same_noachian_epoch_rank_d600_offset0.5,2,364.5464672631823,0.634719040203644
150,line_1000_same_noachian_epoch_rank_d600_offset0.5,3,617.4346070439638,0.5426612919250924
150,line_1000_same_noachian_epoch_rank_d600_offset0.5,4,244.57795646779957,-0.042577387719136855
150,line_1000_same_noachian_epoch_rank_d600_offset0.5,7,235.2532548316982,0.940838977036031
150,line_1000_same_noachian_epoch_rank_d600_offset0.5,9,273.084318223555,0.12383051634528444
150,line_1000_same_noachian_epoch_rank_d600_offset0.5,11,343.6814353160418,0.009989608693906554
150,line_1000_same_noachian_epoch_rank_d600_offset0.5,12,440.88407538045743,1.0545205591682734
150,line_1000_same_noachian_epoch_rank_d600_offset0.5,21,204.44717757298895,-2.379008547392893
150,line_1000_same_noachian_epoch_rank_d600_offset0.5,23,233.52266425073475,0.3437905307670286
400,line_0_both_pure_noachian_d200_offset0,0,363.55870274793995,0.27798597028096383
400,line_0_both_pure_noachian_d200_offset0,20,827.6606421411368,0.06208328543172471
400,line_0_both_pure_noachian_d200_offset0,21,208.42237924819835,-1.51542576853735
400,line_500_both_pure_noachian_d200_offset0,0,682.0291192422634,-0.1721259706882958
400,line_500_both_pure_noachian_d200_offset0,1,685.9082282322017,0.26520632538993244
400,line_500_both_pure_noachian_d200_offset0,2,525.3726743042489,-0.07677331613693131
400,line_500_both_pure_noachian_d200_offset0,3,809.4098818101634,0.00046035178731049925
400,line_500_both_pure_noachian_d200_offset0,4,690.5790235845112,0.1175942078421972
400,line_500_both_pure_noachian_d200_offset0,7,502.6733844984211,-0.06207383710437501
400,line_500_both_pure_noachian_d200_offset0,8,980.2457526644706,0.46948941726621624
400,line_500_both_pure_noachian_d200_offset0,9,712.8582716181181,-0.284402893261408
400,line_500_both_pure_noachian_d200_offset0,10,1000.5606626223514,-0.1002286571412479
400,line_500_both_pure_noachian_d200_offset0,11,928.2020181495011,1.201692547711649
400,line_500_both_pure_noachian_d200_offset0,12,337.5444001593937,-0.12613679433671943
400,line_500_both_pure_noachian_d200_offset0,13,262.09625745672884,0.056297671660700564
400,line_500_both_pure_noachian_d200_offset0,20,458.0033151077296,0.6319808015625807
400,line_500_both_pure_noachian_d200_offset0,21,530.1505709201383,0.9329648899353621
400,line_500_both_pure_noachian_d200_offset0,22,945.3271837318039,0.6048940582719007
400,line_500_both_pure_noachian_d200_offset0,23,455.82106393614885,-0.14963271540692427
400,line_1000_both_pure_noachian_d200_offset0,0,877.6799895391207,0.4419922326129021
400,line_1000_both_pure_noachian_d200_offset0,1,975.2380804747794,0.14395317170698566
400,line_1000_both_pure_noachian_d200_offset0,2,775.7550103458678,0.2677117406299544
400,line_1000_both_pure_noachian_d200_offset0,3,731.8104788682765,0.1543997879589184
400,line_1000_both_pure_noachian_d200_offset0,6,587.4918936631959,0.42867250387845524
400,line_1000_both_pure_noachian_d200_offset0,7,367.1631095385602,0.5869318082126573
400,line_1000_both_pure_noachian_d200_offset0,8,279.5630550068586,-0.061914214040475056
400,line_1000_both_pure_noachian_d200_offset0,9,935.4232225081751,-0.12334110250192978
400,line_1000_both_pure_noachian_d200_offset0,10,865.6389750313355,-0.540332661982454
400,line_1000_both_pure_noachian_d200_offset0,11,367.263078401331,0.13965403370201973
400,line_1000_both_pure_noachian_d200_offset0,12,837.9278085005038,-0.36260029259674037
400,line_1000_both_pure_noachian_d200_offset0,13,509.55737023563586,0.6374025886723531
400,line_1000_both_pure_noachian_d200_offset0,21,297.5984355275076,0.3053248896494212
400,line_1000_both_pure_noachian_d200_offset0,22,749.3228687609572,-0.34568640365892
400,line_1000_both_pure_noachian_d200_offset0,23,941.9202928406944,0.09866354218012188
400,line_0_both_pure_noachian_d200_offset0.5,1,330.9939440374946,0.2924908898512707
400,line_0_both_pure_noachian_d200_offset0.5,20,360.614023334378,0.07455404239499278
400,line_0_both_pure_noachian_d200_offset0.5,21,467.0466188067587,0.052454418287714855
400,line_0_both_pure_noachian_d200_offset0.5,22,208.42237924819835,-1.51542576853735
400,line_500_both_pure_noachian_d200_offset0.5,0,705.6957403937284,-0.4608853109374389
400,line_500_both_pure_noachian_d200_offset0.5,1,575.7389977157817,0.1736384674933699
400,line_500_both_pure_noachian_d200_offset0.5,2,533.2982986654425,0.288404924648909
400,line_500_both_pure_noachian_d200_offset0.5,3,657.4396367306265,0.018215535709397268
400,line_500_both_pure_noachian_d200_offset0.5,4,1004.0105167281844,-0.0031826442647524718
400,line_500_both_pure_noachian_d200_offset0.5,5,205.22950847430494,0.19210860088194115
400,line_500_both_pure_noachian_d200_offset0.5,8,958.812717567906,0.18951023844778817
400,line_500_both_pure_noachian_d200_offset0.5,9,948.9477688409902,0.11677385533153889
400,line_500_both_pure_noachian_d200_offset0.5,10,766.7624186961959,-0.3947334973686053
400,line_500_both_pure_noachian_d200_offset0.5,11,928.7780910454376,0.7245007138905032
400,line_500_both_pure_noachian_d200_offset0.5,12,745.232407598447,0.7492156299639996
400,line_500_both_pure_noachian_d200_offset0.5,13,312.52909660222275,-0.22111315422156527
400,line_500_both_pure_noachian_d200_offset0.5,21,449.9509598546503,0.9230117915447642
400,line_500_both_pure_noachian_d200_offset0.5,22,918.7190723401333,0.7427408595993789
400,line_500_both_pure_noachian_d200_offset0.5,23,621.1320223159755,0.5441499113251924
400,line_1000_both_pure_noachian_d200_offset0.5,0,902.3346464564022,0.38211720036661645
400,line_1000_both_pure_noachian_d200_offset0.5,1,955.4599488770339,0.2654842887378619
400,line_1000_both_pure_noachian_d200_offset0.5,2,843.5614684698055,0.2467125924997658
400,line_1000_both_pure_noachian_d200_offset0.5,3,896.3256661513544,0.16668708584957945
400,line_1000_both_pure_noachian_d200_offset0.5,4,318.0140663824429,-0.019105352511269436
400,line_1000_both_pure_noachian_d200_offset0.5,7,601.1988264203326,0.4807593523493796
400,line_1000_both_pure_noachian_d200_offset0.5,8,348.83583474921556,0.2589772338425251
400,line_1000_both_pure_noachian_d200_offset0.5,9,623.0705992967793,-0.058010314639233986
400,line_1000_both_pure_noachian_d200_offset0.5,10,825.5158412746293,-0.2845408784435903
400,line_1000_both_pure_noachian_d200_offset0.5,11,635.6628742602092,-0.6280653831102816
400,line_1000_both_pure_noachian_d200_offset0.5,12,664.2006427596673,0.14420985317042084
400,line_1000_both_pure_noachian_d200_offset0.5,13,699.2309570987265,-0.19658639881759454
400,line_1000_both_pure_noachian_d200_offset0.5,14,220.40947576476302,0.9785851590908988
400,line_1000_both_pure_noachian_d200_offset0.5,20,323.42842564967077,-0.6082285589896006
400,line_1000_both_pure_noachian_d200_offset0.5,22,550.2536823901712,-0.006974017471090192
400,line_1000_both_pure_noachian_d200_offset0.5,23,879.2560823774841,-0.209947288168027
400,line_0_both_pure_noachian_d400_offset0,20,239.386513871652,0.6012667197103998
400,line_500_both_pure_noachian_d400_offset0,0,734.3211182706157,0.10046325418806236
400,line_500_both_pure_noachian_d400_offset0,1,414.3305623849774,0.3240997246288932
400,line_500_both_pure_noachian_d400_offset0,3,499.04157308511105,0.36179686335967687
400,line_500_both_pure_noachian_d400_offset0,4,224.69635741277827,0.30159677141739244
400,line_500_both_pure_noachian_d400_offset0,7,276.9922221607135,0.18275116599324656
400,line_500_both_pure_noachian_d400_offset0,8,650.2412893260844,0.3272859637442764
400,line_500_both_pure_noachian_d400_offset0,9,330.8726743636935,-0.16392723878395943
400,line_500_both_pure_noachian_d400_offset0,10,700.5984018457328,0.29905601623927014
400,line_500_both_pure_noachian_d400_offset0,11,528.5545740908924,1.4755547211385793
400,line_500_both_pure_noachian_d400_offset0,12,277.1181245724571,0.054462936260648985
400,line_500_both_pure_noachian_d400_offset0,13,324.9091259471689,-0.34917410284650024
400,line_500_both_pure_noachian_d400_offset0,20,468.01501905723,0.592513404879349
400,line_500_both_pure_noachian_d400_offset0,21,242.89069976201125,0.7009052042792216
400,line_500_both_pure_noachian_d400_offset0,22,767.9591656721869,1.0584548807109027
400,line_500_both_pure_noachian_d400_offset0,23,518.3778071469287,-0.025759820604584684
400,line_1000_both_pure_noachian_d400_offset0,0,890.9205113488306,1.343513680084468
400,line_1000_both_pure_noachian_d400_offset0,1,975.2380804747794,0.09148325831346973
400,line_1000_both_pure_noachian_d400_offset0,2,813.6167829858383,0.46853015603348935
400,line_1000_both_pure_noachian_d400_offset0,3,660.1735516749645,0.2762166714047467
400,line_1000_both_pure_noachian_d400_offset0,6,359.1034153701303,0.6116107157653117
400,line_1000_both_pure_noachian_d400_offset0,7,314.7356209463085,0.3524773622491795
400,line_1000_both_pure_noachian_d400_offset0,8,230.00736071619568,0.18437656787994722
400,line_1000_both_pure_noachian_d400_offset0,9,937.7308586697744,-0.07496572168311211
400,line_1000_both_pure_noachian_d400_offset0,10,921.3189311366109,-0.7186728109553239
400,line_1000_both_pure_noachian_d400_offset0,11,660.8579952432051,0.6823566698777073
400,line_1000_both_pure_noachian_d400_offset0,12,817.7691604421816,-0.466361552558692
400,line_1000_both_pure_noachian_d400_offset0,13,215.03194911381112,0.08523607959072031
400,line_1000_both_pure_noachian_d400_offset0,20,481.97495351202474,-1.0154794728194587
400,line_1000_both_pure_noachian_d400_offset0,21,317.9386908618163,0.19396644031666102
400,line_1000_both_pure_noachian_d400_offset0,22,397.2746972219833,-0.4450877924848061
400,line_1000_both_pure_noachian_d400_offset0,23,453.58748598979366,0.3537781527410461
400,line_0_both_pure_noachian_d400_offset0.5,20,222.27828135121743,0.6253720470204496
400,line_500_both_pure_noachian_d400_offset0.5,0,723.0561338447743,-0.1917088924779728
400,line_500_both_pure_noachian_d400_offset0.5,1,689.8824351115202,0.29308822733812046
400,line_500_both_pure_noachian_d400_offset0.5,3,449.45810358184895,0.3663150278959613
400,line_500_both_pure_noachian_d400_offset0.5,4,332.59111273750625,0.2232469423905936
400,line_500_both_pure_noachian_d400_offset0.5,8,553.8936603221804,0.3807587508567079
400,line_500_both_pure_noachian_d400_offset0.5,9,409.03619243396537,0.022579262486793157
400,line_500_both_pure_noachian_d400_offset0.5,10,691.7818580211795,-0.022680673432170707
400,line_500_both_pure_noachian_d400_offset0.5,11,408.8120978688054,1.0120581483171
400,line_500_both_pure_noachian_d400_offset0.5,12,634.7464849901351,0.9042131947802061
400,line_500_both_pure_noachian_d400_offset0.5,21,402.808313840207,0.93849914854335
400,line_500_both_pure_noachian_d400_offset0.5,22,575.7384262644314,0.9936764346717919
400,line_500_both_pure_noachian_d400_offset0.5,23,525.777080144942,0.8336914874635397
400,line_1000_both_pure_noachian_d400_offset0.5,0,658.521486291917,1.5394243596906236
400,line_1000_both_pure_noachian_d400_offset0.5,1,924.2741150847423,0.34371946594095243
400,line_1000_both_pure_noachian_d400_offset0.5,2,806.1585855301641,0.32567792330996076
400,line_1000_both_pure_noachian_d400_offset0.5,3,928.1367541157806,0.3792119006383962
400,line_1000_both_pure_noachian_d400_offset0.5,4,289.8307068043166,0.017594778069495803
400,line_1000_both_pure_noachian_d400_offset0.5,7,338.061250684813,0.6569583479140924
400,line_1000_both_pure_noachian_d400_offset0.5,8,317.20530959373605,0.16866479824608688
400,line_1000_both_pure_noachian_d400_offset0.5,9,604.95068730184,0.03319994299960019
400,line_1000_both_pure_noachian_d400_offset0.5,10,976.0495827990669,-0.3695688712999403
400,line_1000_both_pure_noachian_d400_offset0.5,11,671.7379758671627,-0.5463496565863422
400,line_1000_both_pure_noachian_d400_offset0.5,12,881.5409185996033,0.34413699253359775
400,line_1000_both_pure_noachian_d400_offset0.5,13,518.2984281146987,-0.4442781729214105
400,line_1000_both_pure_noachian_d400_offset0.5,20,424.32085682712864,-1.091070811326214
400,line_1000_both_pure_noachian_d400_offset0.5,21,226.88026395201894,-0.2372367361890102
400,line_1000_both_pure_noachian_d400_offset0.5,22,525.779997481201,-0.18330750700072612
400,line_1000_both_pure_noachian_d400_offset0.5,23,332.1363769820258,-0.006296339229196257
400,line_0_both_pure_noachian_d600_offset0,20,425.0824975350281,1.1154057230552854
400,line_1000_both_pure_noachian_d600_offset0,0,843.1113585348257,1.1229102474892783
400,line_1000_both_pure_noachian_d600_offset0,1,708.6431381811528,0.06748945045951965
400,line_1000_both_pure_noachian_d600_offset0,2,587.6096814230322,0.24638070731023345
400,line_1000_both_pure_noachian_d600_offset0,3,710.9731260054273,-0.0651532658681675
400,line_1000_both_pure_noachian_d600_offset0,6,279.1517050434211,0.6825398237136894
400,line_1000_both_pure_noachian_d600_offset0,7,353.65762539272225,0.4161972267770783
400,line_1000_both_pure_noachian_d600_offset0,9,635.688108723675,-0.2252961898123052
400,line_1000_both_pure_noachian_d600_offset0,10,971.3202166344543,-0.8176023832259469
400,line_1000_both_pure_noachian_d600_offset0,11,747.936482751317,1.3430619982157013
400,line_1000_both_pure_noachian_d600_offset0,12,429.0908145255073,-0.400012444723154
400,line_1000_both_pure_noachian_d600_offset0,13,353.94660550576043,-0.09322726575318933
400,line_1000_both_pure_noachian_d600_offset0,20,338.06865146443863,-1.0045848875387264
400,line_1000_both_pure_noachian_d600_offset0,22,511.1290648995045,-0.17458427903131607
400,line_1000_both_pure_noachian_d600_offset0,23,322.1933332851939,0.46107256699036026
400,line_0_both_pure_noachian_d600_offset0.5,20,387.2013541961597,1.1310035732061925
400,line_1000_both_pure_noachian_d600_offset0.5,0,438.3448187583017,1.036065667887395
400,line_1000_both_pure_noachian_d600_offset0.5,1,869.432210968967,0.6727684612664819
400,line_1000_both_pure_noachian_d600_offset0.5,2,477.0673262515918,0.08113660621932363
400,line_1000_both_pure_noachian_d600_offset0.5,3,891.5356826518037,0.14726011596942673
400,line_1000_both_pure_noachian_d600_offset0.5,4,334.42287380205306,-0.22360084746635395
400,line_1000_both_pure_noachian_d600_offset0.5,7,430.03399934213945,0.6704694808965663
400,line_1000_both_pure_noachian_d600_offset0.5,8,272.8991562340518,0.25429491413111593
400,line_1000_both_pure_noachian_d600_offset0.5,9,443.9067550074402,-0.2253553596969781
400,line_1000_both_pure_noachian_d600_offset0.5,10,760.7527319682222,-0.594820041062716
400,line_1000_both_pure_noachian_d600_offset0.5,11,779.8255136766364,-0.18710704312123497
400,line_1000_both_pure_noachian_d600_offset0.5,12,678.7573356541252,0.9929178783943555
400,line_1000_both_pure_noachian_d600_offset0.5,13,392.21977177825545,-0.6053376068570138
400,line_1000_both_pure_noachian_d600_offset0.5,20,299.80750672256727,-1.049477441244933
400,line_1000_both_pure_noachian_d600_offset0.5,21,219.44576945749583,-1.0811499757498189
400,line_1000_both_pure_noachian_d600_offset0.5,22,309.5158173365505,-0.18399992036079807
400,line_1000_both_pure_noachian_d600_offset0.5,23,505.3737299521632,0.2299017192179656
400,line_0_same_noachian_epoch_rank_d200_offset0,20,541.1892805783575,0.03826430535452987
400,line_500_same_noachian_epoch_rank_d200_offset0,1,537.0808510446535,0.3870414318098127
400,line_500_same_noachian_epoch_rank_d200_offset0,2,467.328879310804,-0.12178407927876028
400,line_500_same_noachian_epoch_rank_d200_offset0,3,496.50973013095575,-0.03242141621648922
400,line_500_same_noachian_epoch_rank_d200_offset0,4,226.38101021790493,0.2580943376895392
400,line_500_same_noachian_epoch_rank_d200_offset0,7,212.8115098997203,-0.10850976989106109
400,line_500_same_noachian_epoch_rank_d200_offset0,8,663.9310329074983,0.5743191892816376
400,line_500_same_noachian_epoch_rank_d200_offset0,9,547.3025669297525,-0.2802398933501045
400,line_500_same_noachian_epoch_rank_d200_offset0,10,349.6674243688118,0.09436314177099131
400,line_500_same_noachian_epoch_rank_d200_offset0,11,450.35633452469176,1.4241512180909548
400,line_500_same_noachian_epoch_rank_d200_offset0,12,205.31897076213073,-0.20678734754471764
400,line_500_same_noachian_epoch_rank_d200_offset0,13,217.8304842054321,0.12947209438223362
400,line_500_same_noachian_epoch_rank_d200_offset0,20,443.543076873006,0.6644662103075919
400,line_500_same_noachian_epoch_rank_d200_offset0,21,452.933198663212,0.9697027306842734
400,line_500_same_noachian_epoch_rank_d200_offset0,22,253.69599518546457,0.6557212035667628
400,line_500_same_noachian_epoch_rank_d200_offset0,23,306.8710806231866,-0.3465210263746572
400,line_1000_same_noachian_epoch_rank_d200_offset0,0,379.7085588448552,0.348818457733524
400,line_1000_same_noachian_epoch_rank_d200_offset0,1,601.4477545885761,0.02506214419327215
400,line_1000_same_noachian_epoch_rank_d200_offset0,2,645.2089128831026,0.287973428208299
400,line_1000_same_noachian_epoch_rank_d200_offset0,3,532.5619516150546,0.20095324162643358
400,line_1000_same_noachian_epoch_rank_d200_offset0,6,587.4918936631959,0.42867250387845524
400,line_1000_same_noachian_epoch_rank_d200_offset0,9,308.06839048955976,-0.16871987847589076
400,line_1000_same_noachian_epoch_rank_d200_offset0,10,323.8930613795576,-0.531819747050684
400,line_1000_same_noachian_epoch_rank_d200_offset0,21,297.5984355275076,0.3053248896494212
400,line_1000_same_noachian_epoch_rank_d200_offset0,22,749.3228687609572,-0.34568640365892
400,line_1000_same_noachian_epoch_rank_d200_offset0,23,535.5686121406703,0.16818457189545513
400,line_0_same_noachian_epoch_rank_d200_offset0.5,20,210.6369331567759,0.0639169029302155
400,line_0_same_noachian_epoch_rank_d200_offset0.5,21,330.55234742158166,0.021917773487503164
400,line_500_same_noachian_epoch_rank_d200_offset0.5,0,306.7333039965652,-0.5294386948319784
400,line_500_same_noachian_epoch_rank_d200_offset0.5,1,234.18351170809024,0.29902354525245833
400,line_500_same_noachian_epoch_rank_d200_offset0.5,2,501.66284191661043,0.2922522845018656
400,line_500_same_noachian_epoch_rank_d200_offset0.5,3,579.3200158377465,-0.04519003723760366
400,line_500_same_noachian_epoch_rank_d200_offset0.5,4,420.21573397869236,0.017001572226759326
400,line_500_same_noachian_epoch_rank_d200_offset0.5,8,532.1685649865531,0.2616668774423569
400,line_500_same_noachian_epoch_rank_d200_offset0.5,9,710.8064214552132,0.15248941370585367
400,line_500_same_noachian_epoch_rank_d200_offset0.5,10,345.44115239085033,-0.40990435150009313
400,line_500_same_noachian_epoch_rank_d200_offset0.5,11,295.2250354504697,0.8988197161054339
400,line_500_same_noachian_epoch_rank_d200_offset0.5,12,463.6226029132961,1.0400579215441232
400,line_500_same_noachian_epoch_rank_d200_offset0.5,13,253.8957731362437,-0.20584123261918189
400,line_500_same_noachian_epoch_rank_d200_offset0.5,21,449.9509598546503,0.9230117915447642
400,line_500_same_noachian_epoch_rank_d200_offset0.5,22,457.96790181617996,0.915124938772639
400,line_500_same_noachian_epoch_rank_d200_offset0.5,23,261.7750735137149,0.42305660631986697
400,line_1000_same_noachian_epoch_rank_d200_offset0.5,0,273.7839431951202,0.44155484502535336
400,line_1000_same_noachian_epoch_rank_d200_offset0.5,1,512.7410204453524,0.1666520925779641
400,line_1000_same_noachian_epoch_rank_d200_offset0.5,2,688.9776190833775,0.2687588595777742
400,line_1000_same_noachian_epoch_rank_d200_offset0.5,3,691.3366013507068,0.17630277836615754
400,line_1000_same_noachian_epoch_rank_d200_offset0.5,4,214.32201657143116,-0.003945510304740545
400,line_1000_same_noachian_epoch_rank_d200_offset0.5,7,601.1988264203326,0.4807593523493796
400,line_1000_same_noachian_epoch_rank_d200_offset0.5,10,267.87620752550527,-0.43476142821517827
400,line_1000_same_noachian_epoch_rank_d200_offset0.5,11,250.01618699166636,-0.5614719727305248
400,line_1000_same_noachian_epoch_rank_d200_offset0.5,22,550.2536823901712,-0.006974017471090192
400,line_1000_same_noachian_epoch_rank_d200_offset0.5,23,784.5474373241466,-0.20349099815029278
400,line_500_same_noachian_epoch_rank_d400_offset0,0,371.04262623669024,0.12992651591387055
400,line_500_same_noachian_epoch_rank_d400_offset0,1,273.9730436286893,0.5275598075084761
400,line_500_same_noachian_epoch_rank_d400_offset0,3,337.76720596507477,0.3963321216091583
400,line_500_same_noachian_epoch_rank_d400_offset0,8,474.5528757324363,0.3573556891982595
400,line_500_same_noachian_epoch_rank_d400_offset0,9,330.8726743636935,-0.16392723878395943
400,line_500_same_noachian_epoch_rank_d400_offset0,10,411.3868624991545,0.6136124487070354
400,line_500_same_noachian_epoch_rank_d400_offset0,11,287.77082980863725,1.235818914458283
400,line_500_same_noachian_epoch_rank_d400_offset0,20,373.9059453372113,0.7268227651986545
400,line_500_same_noachian_epoch_rank_d400_offset0,21,242.89069976201125,0.7009052042792216
400,line_500_same_noachian_epoch_rank_d400_offset0,22,447.31381010224027,1.15527115864908
400,line_500_same_noachian_epoch_rank_d400_offset0,23,479.93300779277587,-0.06915813068632584
400,line_1000_same_noachian_epoch_rank_d400_offset0,0,237.79299364998747,0.8936328427162952
400,line_1000_same_noachian_epoch_rank_d400_offset0,1,749.0474011665219,0.10244741107988195
400,line_1000_same_noachian_epoch_rank_d400_offset0,2,663.8665046798835,0.4683241489514851
400,line_1000_same_noachian_epoch_rank_d400_offset0,3,423.93103861171636,0.19454429751898725
400,line_1000_same_noachian_epoch_rank_d400_offset0,6,328.94397630557734,0.5987339057775258
400,line_1000_same_noachian_epoch_rank_d400_offset0,9,279.08102074603596,-0.0889169745646187
400,line_1000_same_noachian_epoch_rank_d400_offset0,10,347.27203200366847,-0.8196566079625729
400,line_1000_same_noachian_epoch_rank_d400_offset0,11,231.16563000338965,0.10854430163610482
400,line_1000_same_noachian_epoch_rank_d400_offset0,20,336.7900544188241,-0.9344619315279072
400,line_1000_same_noachian_epoch_rank_d400_offset0,21,317.9386908618163,0.19396644031666102
400,line_1000_same_noachian_epoch_rank_d400_offset0,23,230.30302414871036,0.6082904419389593
400,line_500_same_noachian_epoch_rank_d400_offset0.5,0,538.7482535543968,-0.19799365092623464
400,line_500_same_noachian_epoch_rank_d400_offset0.5,1,394.53107456413363,0.44663958275322846
400,line_500_same_noachian_epoch_rank_d400_offset0.5,3,349.21527564890334,0.3102001379167717
400,line_500_same_noachian_epoch_rank_d400_offset0.5,8,394.03695752970924,0.48344274836397255
400,line_500_same_noachian_epoch_rank_d400_offset0.5,9,363.30248898355416,-0.023035380209126037
400,line_500_same_noachian_epoch_rank_d400_offset0.5,10,451.02743336248335,0.12147570098255889
400,line_500_same_noachian_epoch_rank_d400_offset0.5,11,282.5864569699904,0.9601195828741669
400,line_500_same_noachian_epoch_rank_d400_offset0.5,12,386.55724441706457,0.6915744040544891
400,line_500_same_noachian_epoch_rank_d400_offset0.5,21,356.87047585713015,0.9970556391104165
400,line_500_same_noachian_epoch_rank_d400_offset0.5,22,473.7146876278818,0.9479326694624262
400,line_500_same_noachian_epoch_rank_d400_offset0.5,23,268.7106638573919,0.9134904325416537
400,line_1000_same_noachian_epoch_rank_d400_offset0.5,1,510.43293199500937,0.30336279127339716
400,line_1000_same_noachian_epoch_rank_d400_offset0.5,2,653.397451769451,0.24013290375060256
400,line_1000_same_noachian_epoch_rank_d400_offset0.5,3,703.1544100552975,0.3216192008327197
400,line_1000_same_noachian_epoch_rank_d400_offset0.5,7,256.0007038174652,0.6444645464929397
400,line_1000_same_noachian_epoch_rank_d400_offset0.5,9,220.2690694020843,0.15273958591176462
400,line_1000_same_noachian_epoch_rank_d400_offset0.5,10,354.83377256242034,-0.5039413077573967
400,line_1000_same_noachian_epoch_rank_d400_offset0.5,11,264.18369269317,-0.7865992335972369
400,line_1000_same_noachian_epoch_rank_d400_offset0.5,12,237.24634458995126,0.3853139177342741
400,line_1000_same_noachian_epoch_rank_d400_offset0.5,20,246.8363016018452,-1.0372968292102291
400,line_1000_same_noachian_epoch_rank_d400_offset0.5,21,226.88026395201894,-0.2372367361890102
400,line_1000_same_noachian_epoch_rank_d400_offset0.5,22,303.25671330871245,0.04595360762099287
400,line_1000_same_noachian_epoch_rank_d600_offset0,0,410.5165467554616,1.0791693802106659
400,line_1000_same_noachian_epoch_rank_d600_offset0,1,536.0869401390524,0.07507575353003708
400,line_1000_same_noachian_epoch_rank_d600_offset0,2,428.64845647449897,0.23181356436646716
400,line_1000_same_noachian_epoch_rank_d600_offset0,3,504.07146319499066,-0.25156825266716704
400,line_1000_same_noachian_epoch_rank_d600_offset0,9,324.98116810159576,-0.1694262171205609
400,line_1000_same_noachian_epoch_rank_d600_offset0,10,276.6129012114548,-0.7471981309894937
400,line_1000_same_noachian_epoch_rank_d600_offset0,11,448.03731878692173,1.443870294686642
400,line_1000_same_noachian_epoch_rank_d600_offset0,13,267.3004214973166,0.19269560453382154
400,line_1000_same_noachian_epoch_rank_d600_offset0,20,244.83928950847255,-1.0393167277366522
400,line_1000_same_noachian_epoch_rank_d600_offset0.5,1,559.5234343608631,0.5874031253158852
400,line_1000_same_noachian_epoch_rank_d600_offset0.5,2,364.5464672631823,0.09863344628779887
400,line_1000_same_noachian_epoch_rank_d600_offset0.5,3,617.4346070439638,0.05632631789784777
400,line_1000_same_noachian_epoch_rank_d600_offset0.5,4,244.57795646779957,-0.38440444638786325
400,line_1000_same_noachian_epoch_rank_d600_offset0.5,7,235.2532548316982,0.6988906469101053
400,line_1000_same_noachian_epoch_rank_d600_offset0.5,9,273.084318223555,-0.10354144356455869
400,line_1000_same_noachian_epoch_rank_d600_offset0.5,11,343.6814353160418,-0.5618369870483816
400,line_1000_same_noachian_epoch_rank_d600_offset0.5,12,440.88407538045743,1.2868715863351712
400,line_1000_same_noachian_epoch_rank_d600_offset0.5,21,204.44717757298895,-1.1003160948524808
400,line_1000_same_noachian_epoch_rank_d600_offset0.5,23,233.52266425073475,0.44174039584213554
