altitude_km,comparison,selection,distance_each_side_km,block_offset_fraction,eligible_pairs,retained_arc_weight_km,pairs_in_retained_blocks,arc_weight_in_retained_blocks_km,retained_blocks,block_width_km,equal_block_mean_delta_log1p,arc_weighted_delta_log1p,positive_blocks,reference_sign_flip_tail,primary_synthetic_null_gate_pass,real_data_exchangeability_established
150,line_0,both_pure_noachian,200,0,120,1834.0100168618596,92,1399.641724137275,3,1001.7819942268974,-0.09912651156023389,-0.20468893411785924,1,0.75,False,False
150,line_500,both_pure_noachian,200,0,646,10544.241092666374,644,10506.781808038195,16,1001.7819942268974,0.2848518285351295,0.3552675022326961,12,0.0226977302269773,False,False
150,line_1000,both_pure_noachian,200,0,658,10681.320836598567,622,10099.353669242799,15,1001.7819942268974,-0.0700808168268804,-0.1828999377459325,7,0.630936906309369,False,False
150,real_minus_500,both_pure_noachian,200,0,29,399.10996221005763,0,0.0,0,1001.7819942268974,,-0.5509018068534101,0,,False,False
150,real_minus_1000,both_pure_noachian,200,0,29,399.10996221005763,0,0.0,0,1001.7819942268974,,-0.1470148145979236,0,,False,False
150,line_0,both_pure_noachian,200,0.5,120,1834.0100168618596,90,1367.0769654268297,4,1001.7819942268974,-0.10879364278003104,-0.20468893411785924,2,0.75,False,False
150,line_500,both_pure_noachian,200,0.5,646,10544.241092666374,633,10332.277253570024,15,1001.7819942268974,0.32677403476797323,0.3552675022326961,12,0.0052994700529947,False,False
150,line_1000,both_pure_noachian,200,0.5,658,10681.320836598567,633,10286.759038378688,16,1001.7819942268974,-0.19214615662100976,-0.1828999377459325,7,0.15598440155984403,False,False
150,real_minus_500,both_pure_noachian,200,0.5,29,399.10996221005763,0,0.0,0,1001.7819942268974,,-0.5509018068534101,0,,False,False
150,real_minus_1000,both_pure_noachian,200,0.5,29,399.10996221005763,0,0.0,0,1001.7819942268974,,-0.1470148145979236,0,,False,False
150,line_0,both_pure_noachian,400,0,16,239.386513871652,16,239.386513871652,1,1001.7819942268974,0.6046124375674513,0.6046124375674513,1,1.0,False,False
150,line_500,both_pure_noachian,400,0,437,7194.157600968513,424,6958.918715098583,15,1001.7819942268974,0.43165277474422603,0.4745159153285046,13,0.0016998300169983002,False,False
150,line_1000,both_pure_noachian,400,0,601,9605.444480547445,592,9447.280045708249,16,1001.7819942268974,0.013553788289445812,0.015693250826625562,11,0.9005099490050995,False,False
150,real_minus_500,both_pure_noachian,400,0,2,31.568470755157854,0,0.0,0,1001.7819942268974,,0.5009971254736438,0,,False,False
150,real_minus_1000,both_pure_noachian,400,0,2,31.568470755157854,0,0.0,0,1001.7819942268974,,2.0727636264518012,0,,False,False
150,line_0,both_pure_noachian,400,0.5,16,239.386513871652,15,222.27828135121743,1,1001.7819942268974,0.5830299737578459,0.6046124375674513,1,1.0,False,False
150,line_500,both_pure_noachian,400,0.5,437,7194.157600968513,389,6397.581899161496,12,1001.7819942268974,0.49589057792436525,0.4745159153285046,11,0.00146484375,False,False
150,line_1000,both_pure_noachian,400,0.5,601,9605.444480547445,589,9423.883296030217,16,1001.7819942268974,-0.03593455655357451,0.015693250826625562,9,0.7636236376362364,False,False
150,real_minus_500,both_pure_noachian,400,0.5,2,31.568470755157854,0,0.0,0,1001.7819942268974,,0.5009971254736438,0,,False,False
150,real_minus_1000,both_pure_noachian,400,0.5,2,31.568470755157854,0,0.0,0,1001.7819942268974,,2.0727636264518012,0,,False,False
150,line_0,both_pure_noachian,600,0,30,501.10860256264624,27,425.0824975350281,1,1001.7819942268974,1.420481988873258,1.1690407144009507,1,1.0,False,False
150,line_500,both_pure_noachian,600,0,43,742.3160031654384,0,0.0,0,1001.7819942268974,,0.08436134306195814,0,,False,False
150,line_1000,both_pure_noachian,600,0,520,8310.62333644047,494,7792.519912370432,14,1001.7819942268974,0.21856916467146761,0.25232793037709045,11,0.2806719328067193,False,False
150,real_minus_500,both_pure_noachian,600,0,0,0.0,0,0.0,0,1001.7819942268974,,,0,,False,False
150,real_minus_1000,both_pure_noachian,600,0,0,0.0,0,0.0,0,1001.7819942268974,,,0,,False,False
150,line_0,both_pure_noachian,600,0.5,30,501.10860256264624,25,387.2013541961597,1,1001.7819942268974,1.4297621461693921,1.1690407144009507,1,1.0,False,False
150,line_500,both_pure_noachian,600,0.5,43,742.3160031654384,0,0.0,0,1001.7819942268974,,0.08436134306195814,0,,False,False
150,line_1000,both_pure_noachian,600,0.5,520,8310.62333644047,507,8103.340999562366,16,1001.7819942268974,0.06093391832936866,0.25232793037709045,11,0.795920407959204,False,False
150,real_minus_500,both_pure_noachian,600,0.5,0,0.0,0,0.0,0,1001.7819942268974,,,0,,False,False
150,real_minus_1000,both_pure_noachian,600,0.5,0,0.0,0,0.0,0,1001.7819942268974,,,0,,False,False
150,line_0,same_noachian_epoch_rank,200,0,69,1115.745593423758,33,541.1892805783575,1,1001.7819942268974,0.09479145127438125,-0.360357900540617,1,1.0,False,False
150,line_500,same_noachian_epoch_rank,200,0,371,6042.524107315329,355,5831.5621456472245,15,1001.7819942268974,0.28607659201522184,0.35555591635907935,10,0.039196080391960805,False,False
150,line_1000,same_noachian_epoch_rank,200,0,348,5836.708625902522,296,4960.870439893038,10,1001.7819942268974,-0.10654192758538636,-0.18600314957268657,5,0.59765625,False,False
150,real_minus_500,same_noachian_epoch_rank,200,0,10,164.34903338994417,0,0.0,0,1001.7819942268974,,-1.0902672560543867,0,,False,False
150,real_minus_1000,same_noachian_epoch_rank,200,0,10,164.34903338994417,0,0.0,0,1001.7819942268974,,-1.7057187018584494,0,,False,False
150,line_0,same_noachian_epoch_rank,200,0.5,69,1115.745593423758,33,541.1892805783575,2,1001.7819942268974,0.027923593622518367,-0.360357900540617,1,1.0,False,False
150,line_500,same_noachian_epoch_rank,200,0.5,371,6042.524107315329,359,5812.968892954875,14,1001.7819942268974,0.37734377914418527,0.35555591635907935,13,0.0008999100089991,False,False
150,line_1000,same_noachian_epoch_rank,200,0.5,348,5836.708625902522,286,4835.053541297811,10,1001.7819942268974,-0.25486517032369466,-0.18600314957268657,5,0.15625,False,False
150,real_minus_500,same_noachian_epoch_rank,200,0.5,10,164.34903338994417,0,0.0,0,1001.7819942268974,,-1.0902672560543867,0,,False,False
150,real_minus_1000,same_noachian_epoch_rank,200,0.5,10,164.34903338994417,0,0.0,0,1001.7819942268974,,-1.7057187018584494,0,,False,False
150,line_0,same_noachian_epoch_rank,400,0,5,74.94918545932659,0,0.0,0,1001.7819942268974,,0.8713798729689052,0,,False,False
150,line_500,same_noachian_epoch_rank,400,0,290,4798.010513320332,248,4031.4095812286137,11,1001.7819942268974,0.5435985349720155,0.4841685259811021,10,0.001953125,False,False
150,line_1000,same_noachian_epoch_rank,400,0,306,4850.182614577788,266,4146.132366596132,11,1001.7819942268974,-0.06889085374925424,-0.006063865773556905,7,0.6884765625,False,False
150,real_minus_500,same_noachian_epoch_rank,400,0,1,17.108232520434562,0,0.0,0,1001.7819942268974,,0.7868704321215816,0,,False,False
150,real_minus_1000,same_noachian_epoch_rank,400,0,1,17.108232520434562,0,0.0,0,1001.7819942268974,,2.5215014898487085,0,,False,False
150,line_0,same_noachian_epoch_rank,400,0.5,5,74.94918545932659,0,0.0,0,1001.7819942268974,,0.8713798729689052,0,,False,False
150,line_500,same_noachian_epoch_rank,400,0.5,290,4798.010513320332,261,4259.30101237264,11,1001.7819942268974,0.5122598209212152,0.4841685259811021,10,0.009765625,False,False
150,line_1000,same_noachian_epoch_rank,400,0.5,306,4850.182614577788,255,3976.4916557474257,11,1001.7819942268974,-0.17160393825022457,-0.006063865773556905,5,0.373046875,False,False
150,real_minus_500,same_noachian_epoch_rank,400,0.5,1,17.108232520434562,0,0.0,0,1001.7819942268974,,0.7868704321215816,0,,False,False
150,real_minus_1000,same_noachian_epoch_rank,400,0.5,1,17.108232520434562,0,0.0,0,1001.7819942268974,,2.5215014898487085,0,,False,False
150,line_0,same_noachian_epoch_rank,600,0,1,18.662602196167057,0,0.0,0,1001.7819942268974,,-0.028429614490312897,0,,False,False
150,line_500,same_noachian_epoch_rank,600,0,33,593.322849318314,0,0.0,0,1001.7819942268974,,-0.006875035430180425,0,,False,False
150,line_1000,same_noachian_epoch_rank,600,0,292,4530.594641506777,231,3441.094505669765,9,1001.7819942268974,0.2820499602915145,0.3337691015700164,7,0.3671875,False,False
150,real_minus_500,same_noachian_epoch_rank,600,0,0,0.0,0,0.0,0,1001.7819942268974,,,0,,False,False
150,real_minus_1000,same_noachian_epoch_rank,600,0,0,0.0,0,0.0,0,1001.7819942268974,,,0,,False,False
150,line_0,same_noachian_epoch_rank,600,0.5,1,18.662602196167057,0,0.0,0,1001.7819942268974,,-0.028429614490312897,0,,False,False
150,line_500,same_noachian_epoch_rank,600,0.5,33,593.322849318314,0,0.0,0,1001.7819942268974,,-0.006875035430180425,0,,False,False
150,line_1000,same_noachian_epoch_rank,600,0.5,292,4530.594641506777,232,3516.955390711285,10,1001.7819942268974,0.1967582447577395,0.3337691015700164,8,0.587890625,False,False
150,real_minus_500,same_noachian_epoch_rank,600,0.5,0,0.0,0,0.0,0,1001.7819942268974,,,0,,False,False
150,real_minus_1000,same_noachian_epoch_rank,600,0.5,0,0.0,0,0.0,0,1001.7819942268974,,,0,,False,False
400,line_0,both_pure_noachian,200,0,120,1834.0100168618596,92,1399.641724137275,3,1001.7819942268974,-0.3917855042748872,-0.2782201466511122,2,1.0,False,False
400,line_500,both_pure_noachian,200,0,646,10544.241092666374,644,10506.781808038195,16,1001.7819942268974,0.20682538045949672,0.2477912291147046,9,0.0761923807619238,False,False
400,line_1000,both_pure_noachian,200,0,658,10681.320836598567,622,10099.353669242799,15,1001.7819942268974,0.118055441628218,0.05548166946502823,10,0.2121787821217878,False,False
400,real_minus_500,both_pure_noachian,200,0,29,399.10996221005763,0,0.0,0,1001.7819942268974,,-0.8064308705252327,0,,False,False
400,real_minus_1000,both_pure_noachian,200,0,29,399.10996221005763,0,0.0,0,1001.7819942268974,,-0.40842452339648033,0,,False,False
400,line_0,both_pure_noachian,200,0.5,120,1834.0100168618596,90,1367.0769654268297,4,1001.7819942268974,-0.2739816045008429,-0.2782201466511122,3,1.0,False,False
400,line_500,both_pure_noachian,200,0.5,646,10544.241092666374,633,10332.277253570024,15,1001.7819942268974,0.23882372813629474,0.2477912291147046,11,0.0494950504949505,False,False
400,line_1000,both_pure_noachian,200,0.5,658,10681.320836598567,633,10286.759038378688,16,1001.7819942268974,0.057004660859772516,0.05548166946502823,8,0.5797420257974203,False,False
400,real_minus_500,both_pure_noachian,200,0.5,29,399.10996221005763,0,0.0,0,1001.7819942268974,,-0.8064308705252327,0,,False,False
400,real_minus_1000,both_pure_noachian,200,0.5,29,399.10996221005763,0,0.0,0,1001.7819942268974,,-0.40842452339648033,0,,False,False
400,line_0,both_pure_noachian,400,0,16,239.386513871652,16,239.386513871652,1,1001.7819942268974,0.6012667197103998,0.6012667197103998,1,1.0,False,False
400,line_500,both_pure_noachian,400,0,437,7194.157600968513,424,6958.918715098583,15,1001.7819942268974,0.3493386496402983,0.38920957342516427,12,0.0052994700529947,False,False
400,line_1000,both_pure_noachian,400,0,601,9605.444480547445,592,9447.280045708249,16,1001.7819942268974,0.12018615023470963,0.11530684511689465,11,0.4310568943105689,False,False
400,real_minus_500,both_pure_noachian,400,0,2,31.568470755157854,0,0.0,0,1001.7819942268974,,0.30281345883722416,0,,False,False
400,real_minus_1000,both_pure_noachian,400,0,2,31.568470755157854,0,0.0,0,1001.7819942268974,,1.473341957862265,0,,False,False
400,line_0,both_pure_noachian,400,0.5,16,239.386513871652,15,222.27828135121743,1,1001.7819942268974,0.6253720470204496,0.6012667197103998,1,1.0,False,False
400,line_500,both_pure_noachian,400,0.5,437,7194.157600968513,389,6397.581899161496,12,1001.7819942268974,0.4794780882361684,0.38920957342516427,10,0.00341796875,False,False
400,line_1000,both_pure_noachian,400,0.5,601,9605.444480547445,589,9423.883296030217,16,1001.7819942268974,0.058155025924372904,0.11530684511689465,9,0.7105289471052895,False,False
400,real_minus_500,both_pure_noachian,400,0.5,2,31.568470755157854,0,0.0,0,1001.7819942268974,,0.30281345883722416,0,,False,False
400,real_minus_1000,both_pure_noachian,400,0.5,2,31.568470755157854,0,0.0,0,1001.7819942268974,,1.473341957862265,0,,False,False
400,line_0,both_pure_noachian,600,0,30,501.10860256264624,27,425.0824975350281,1,1001.7819942268974,1.1154057230552854,1.0010537977525573,1,1.0,False,False
400,line_500,both_pure_noachian,600,0,43,742.3160031654384,0,0.0,0,1001.7819942268974,,0.04755526555625529,0,,False,False
400,line_1000,both_pure_noachian,600,0,520,8310.62333644047,494,7792.519912370432,14,1001.7819942268974,0.11137080750021819,0.11191421433284468,7,0.5402459754024598,False,False
400,real_minus_500,both_pure_noachian,600,0,0,0.0,0,0.0,0,1001.7819942268974,,,0,,False,False
400,real_minus_1000,both_pure_noachian,600,0,0,0.0,0,0.0,0,1001.7819942268974,,,0,,False,False
400,line_0,both_pure_noachian,600,0.5,30,501.10860256264624,25,387.2013541961597,1,1001.7819942268974,1.1310035732061925,1.0010537977525573,1,1.0,False,False
400,line_500,both_pure_noachian,600,0.5,43,742.3160031654384,0,0.0,0,1001.7819942268974,,0.04755526555625529,0,,False,False
400,line_1000,both_pure_noachian,600,0.5,520,8310.62333644047,507,8103.340999562366,16,1001.7819942268974,-0.0041270869735760135,0.11191421433284468,8,0.9775022497750225,False,False
400,real_minus_500,both_pure_noachian,600,0.5,0,0.0,0,0.0,0,1001.7819942268974,,,0,,False,False
400,real_minus_1000,both_pure_noachian,600,0.5,0,0.0,0,0.0,0,1001.7819942268974,,,0,,False,False
400,line_0,same_noachian_epoch_rank,200,0,69,1115.745593423758,33,541.1892805783575,1,1001.7819942268974,0.03826430535452987,-0.44395627819622446,1,1.0,False,False
400,line_500,same_noachian_epoch_rank,200,0,371,6042.524107315329,355,5831.5621456472245,15,1001.7819942268974,0.2707378683285338,0.30704400242776625,9,0.051994800519948,False,False
400,line_1000,same_noachian_epoch_rank,200,0,348,5836.708625902522,296,4960.870439893038,10,1001.7819942268974,0.07187632079993655,0.08242732870035906,7,0.490234375,False,False
400,real_minus_500,same_noachian_epoch_rank,200,0,10,164.34903338994417,0,0.0,0,1001.7819942268974,,-1.4622014311161935,0,,False,False
400,real_minus_1000,same_noachian_epoch_rank,200,0,10,164.34903338994417,0,0.0,0,1001.7819942268974,,-0.9385594450566802,0,,False,False
400,line_0,same_noachian_epoch_rank,200,0.5,69,1115.745593423758,33,541.1892805783575,2,1001.7819942268974,0.04291733820885933,-0.44395627819622446,2,0.5,False,False
400,line_500,same_noachian_epoch_rank,200,0.5,371,6042.524107315329,359,5812.968892954875,14,1001.7819942268974,0.2880093108019474,0.30704400242776625,10,0.05449455054494551,False,False
400,line_1000,same_noachian_epoch_rank,200,0.5,348,5836.708625902522,286,4835.053541297811,10,1001.7819942268974,0.0323384001024802,0.08242732870035906,5,0.771484375,False,False
400,real_minus_500,same_noachian_epoch_rank,200,0.5,10,164.34903338994417,0,0.0,0,1001.7819942268974,,-1.4622014311161935,0,,False,False
400,real_minus_1000,same_noachian_epoch_rank,200,0.5,10,164.34903338994417,0,0.0,0,1001.7819942268974,,-0.9385594450566802,0,,False,False
400,line_0,same_noachian_epoch_rank,400,0,5,74.94918545932659,0,0.0,0,1001.7819942268974,,0.5236539702045688,0,,False,False
400,line_500,same_noachian_epoch_rank,400,0,290,4798.010513320332,248,4031.4095812286137,11,1001.7819942268974,0.510047205095614,0.42602227372349216,9,0.005859375,False,False
400,line_1000,same_noachian_epoch_rank,400,0,306,4850.182614577788,266,4146.132366596132,11,1001.7819942268974,0.12049529780734564,0.09802612175708718,8,0.5009765625,False,False
400,real_minus_500,same_noachian_epoch_rank,400,0,1,17.108232520434562,0,0.0,0,1001.7819942268974,,-0.30937420367899593,0,,False,False
400,real_minus_1000,same_noachian_epoch_rank,400,0,1,17.108232520434562,0,0.0,0,1001.7819942268974,,1.1741722778751895,0,,False,False
400,line_0,same_noachian_epoch_rank,400,0.5,5,74.94918545932659,0,0.0,0,1001.7819942268974,,0.5236539702045688,0,,False,False
400,line_500,same_noachian_epoch_rank,400,0.5,290,4798.010513320332,261,4259.30101237264,11,1001.7819942268974,0.5137183515385749,0.42602227372349216,9,0.005859375,False,False
400,line_1000,same_noachian_epoch_rank,400,0.5,306,4850.182614577788,255,3976.4916557474257,11,1001.7819942268974,-0.042862504830652924,0.09802612175708718,7,0.7919921875,False,False
400,real_minus_500,same_noachian_epoch_rank,400,0.5,1,17.108232520434562,0,0.0,0,1001.7819942268974,,-0.30937420367899593,0,,False,False
400,real_minus_1000,same_noachian_epoch_rank,400,0.5,1,17.108232520434562,0,0.0,0,1001.7819942268974,,1.1741722778751895,0,,False,False
400,line_0,same_noachian_epoch_rank,600,0,1,18.662602196167057,0,0.0,0,1001.7819942268974,,1.5644702775745147,0,,False,False
400,line_500,same_noachian_epoch_rank,600,0,33,593.322849318314,0,0.0,0,1001.7819942268974,,-0.04648965807878178,0,,False,False
400,line_1000,same_noachian_epoch_rank,600,0,292,4530.594641506777,231,3441.094505669765,9,1001.7819942268974,0.09056836320152886,0.17101700152553428,5,0.72265625,False,False
400,real_minus_500,same_noachian_epoch_rank,600,0,0,0.0,0,0.0,0,1001.7819942268974,,,0,,False,False
400,real_minus_1000,same_noachian_epoch_rank,600,0,0,0.0,0,0.0,0,1001.7819942268974,,,0,,False,False
400,line_0,same_noachian_epoch_rank,600,0.5,1,18.662602196167057,0,0.0,0,1001.7819942268974,,1.5644702775745147,0,,False,False
400,line_500,same_noachian_epoch_rank,600,0.5,33,593.322849318314,0,0.0,0,1001.7819942268974,,-0.04648965807878178,0,,False,False
400,line_1000,same_noachian_epoch_rank,600,0.5,292,4530.594641506777,232,3516.955390711285,10,1001.7819942268974,0.10197665467356595,0.17101700152553428,6,0.638671875,False,False
400,real_minus_500,same_noachian_epoch_rank,600,0.5,0,0.0,0,0.0,0,1001.7819942268974,,,0,,False,False
400,real_minus_1000,same_noachian_epoch_rank,600,0.5,0,0.0,0,0.0,0,1001.7819942268974,,,0,,False,False
