region,altitude_km,cells,arithmetic_mean_nt,back_transformed_log_mean_nt,fraction_of_total_weighted_log_signal,distance_to_southern_100nt_atlas_cells_min_km,distance_to_southern_100nt_atlas_cells_median_km
Xanthe_Chryse,150,14,78.90209252832913,63.341122362926846,0.6559103645112493,235.73092095697288,543.5637696444564
Cimmeria_margin,150,5,57.16653521952519,50.304181318522126,0.22130271216527547,118.31586999269553,165.50094797512799
Arabia_margin,150,2,79.8397857018515,79.83631103058448,0.09352763125081517,246.41239795337242,324.8655616618943
Tempe,150,2,5.105499999999999,5.058949909018889,0.029259292072660148,2625.2608974940417,2648.380611992081
All_23,150,23,69.34920705657443,52.525767291738944,1.0,118.31586999269553,424.3310093016575
Xanthe_Chryse,400,14,18.465673167025237,16.265252942040878,0.6517513908560175,235.73092095697288,543.5637696444564
Cimmeria_margin,400,5,21.589095803148506,18.804753830128696,0.24374596924395694,118.31586999269553,165.50094797512799
Arabia_margin,400,2,9.05434703183454,9.039531204545538,0.07133743420916006,246.41239795337242,324.8655616618943
Tempe,400,2,3.079,3.0789939936214665,0.03316520569086569,2625.2608974940417,2648.380611992081
All_23,400,23,17.372091526492078,14.4896696352832,1.0,118.31586999269553,424.3310093016575
