cell_id,region,latitude,longitude,altitude_km,field_nt,area_weight,distance_to_southern_100nt_atlas_cell_km
r38c088,Cimmeria_margin,-13.0,177.0,150,89.984,0.9743700647852352,164.85246864906486
r38c090,Cimmeria_margin,-13.0,181.0,150,42.383,0.9743700647852352,118.31586999269553
r39c090,Cimmeria_margin,-11.0,181.0,150,18.129,0.981627183447664,236.63173998539116
r39c091,Cimmeria_margin,-11.0,183.0,150,66.028,0.981627183447664,236.6317399853912
r39c092,Cimmeria_margin,-11.0,185.0,150,69.442,0.981627183447664,165.50094797512799
r47c152,Xanthe_Chryse,5.0,305.0,150,38.773,0.9961946980917455,236.63173998539116
r47c153,Xanthe_Chryse,5.0,307.0,150,41.134,0.9961946980917455,236.6317399853912
r47c154,Xanthe_Chryse,5.0,309.0,150,47.235,0.9961946980917455,235.73092095697288
r49c152,Xanthe_Chryse,9.0,305.0,150,148.35,0.9876883405951378,473.2634799707824
r49c153,Xanthe_Chryse,9.0,307.0,150,148.47,0.9876883405951378,424.3310093016575
r49c154,Xanthe_Chryse,9.0,309.0,150,127.856,0.9876883405951378,333.3673142964341
r50c151,Xanthe_Chryse,11.0,303.0,150,78.905,0.981627183447664,591.579349963478
r50c152,Xanthe_Chryse,11.0,305.0,150,130.23,0.981627183447664,587.714383401305
r50c153,Xanthe_Chryse,11.0,307.0,150,137.554,0.981627183447664,499.41315588760796
r51c152,Xanthe_Chryse,13.0,305.0,150,81.371,0.9743700647852352,664.8945861870594
r52c151,Xanthe_Chryse,15.0,303.0,150,30.042,0.9659258262890683,828.2110899488691
r52c152,Xanthe_Chryse,15.0,305.0,150,51.413,0.9659258262890683,752.7127774939427
r53c152,Xanthe_Chryse,17.0,305.0,150,18.786,0.9563047559630354,847.8694157793511
r53c153,Xanthe_Chryse,17.0,307.0,150,20.721,0.9563047559630354,790.4766445853122
r55c168,Arabia_margin,21.0,337.0,150,80.584,0.9335804264972017,403.3187253704162
r56c169,Arabia_margin,23.0,339.0,150,79.085,0.9205048534524404,246.41239795337242
r67c144,Tempe,45.0,289.0,150,4.353,0.7071067811865476,2671.5003264901206
r67c145,Tempe,45.0,291.0,150,5.858,0.7071067811865476,2625.2608974940417
r38c088,Cimmeria_margin,-13.0,177.0,400,6.828,0.9743700647852352,164.85246864906486
r38c090,Cimmeria_margin,-13.0,181.0,400,15.59,0.9743700647852352,118.31586999269553
r39c090,Cimmeria_margin,-11.0,181.0,400,19.751,0.981627183447664,236.63173998539116
r39c091,Cimmeria_margin,-11.0,183.0,400,28.141,0.981627183447664,236.6317399853912
r39c092,Cimmeria_margin,-11.0,185.0,400,37.482,0.981627183447664,165.50094797512799
r47c152,Xanthe_Chryse,5.0,305.0,400,23.416,0.9961946980917455,236.63173998539116
r47c153,Xanthe_Chryse,5.0,307.0,400,24.953,0.9961946980917455,236.6317399853912
r47c154,Xanthe_Chryse,5.0,309.0,400,24.383,0.9961946980917455,235.73092095697288
r49c152,Xanthe_Chryse,9.0,305.0,400,25.885,0.9876883405951378,473.2634799707824
r49c153,Xanthe_Chryse,9.0,307.0,400,27.638,0.9876883405951378,424.3310093016575
r49c154,Xanthe_Chryse,9.0,309.0,400,26.225,0.9876883405951378,333.3673142964341
r50c151,Xanthe_Chryse,11.0,303.0,400,17.432,0.981627183447664,591.579349963478
r50c152,Xanthe_Chryse,11.0,305.0,400,21.807,0.981627183447664,587.714383401305
r50c153,Xanthe_Chryse,11.0,307.0,400,23.378,0.981627183447664,499.41315588760796
r51c152,Xanthe_Chryse,13.0,305.0,400,14.884,0.9743700647852352,664.8945861870594
r52c151,Xanthe_Chryse,15.0,303.0,400,6.632,0.9659258262890683,828.2110899488691
r52c152,Xanthe_Chryse,15.0,305.0,400,8.814,0.9659258262890683,752.7127774939427
r53c152,Xanthe_Chryse,17.0,305.0,400,5.251,0.9563047559630354,847.8694157793511
r53c153,Xanthe_Chryse,17.0,307.0,400,6.391,0.9563047559630354,790.4766445853122
r55c168,Arabia_margin,21.0,337.0,400,9.596,0.9335804264972017,403.3187253704162
r56c169,Arabia_margin,23.0,339.0,400,8.505,0.9205048534524404,246.41239795337242
r67c144,Tempe,45.0,289.0,400,3.086,0.7071067811865476,2671.5003264901206
r67c145,Tempe,45.0,291.0,400,3.072,0.7071067811865476,2625.2608974940417
