case,role,altitude_km,inside_R,outside_inner_R,outside_outer_R,radius_scale,inside_nT,outside_nT,ratio,matched_ratio,common_support_fraction
Newton,Primary crater case,130,0.6,1.2,1.8,0.9,135.89523562874646,198.70774866343803,0.6838949992781586,1.7777103829662027,1.0
Newton,Primary crater case,130,0.6,1.2,1.8,1.0,138.665526900009,207.63186907497396,0.6678431760874731,1.6016976423111566,1.0
Newton,Primary crater case,130,0.6,1.2,1.8,1.1,143.20335730833443,212.0244979189817,0.6754094867049513,1.5395009722004454,1.0
Newton,Primary crater case,130,0.6,1.2,2.0,0.9,135.89523562874646,204.9067659592226,0.6632052142962924,1.5696985644084271,1.0
Newton,Primary crater case,130,0.6,1.2,2.0,1.0,138.665526900009,211.6648603653014,0.6551183160997691,1.5170619166313966,1.0
Newton,Primary crater case,130,0.6,1.2,2.0,1.1,143.20335730833443,216.86469394348083,0.6603350444201674,1.5226947755010956,1.0
Newton,Primary crater case,130,0.6,1.5,2.5,0.9,135.89523562874646,219.98172255411856,0.6177569393080571,1.4737945208152052,1.0
Newton,Primary crater case,130,0.6,1.5,2.5,1.0,138.665526900009,228.842489298044,0.6059430979157516,1.3635722793975305,1.0
Newton,Primary crater case,130,0.6,1.5,2.5,1.1,143.20335730833443,236.18685492765573,0.6063138329700769,1.1906044835396559,1.0
Newton,Primary crater case,130,0.8,1.2,1.8,0.9,145.02821158072666,198.70774866343803,0.7298568503554873,1.8971831967267272,1.0
Newton,Primary crater case,130,0.8,1.2,1.8,1.0,152.1109796177982,207.63186907497396,0.7325993851303834,1.6129009937191066,1.0
Newton,Primary crater case,130,0.8,1.2,1.8,1.1,152.64042563361963,212.0244979189817,0.7199188166074386,1.3452677873049967,1.0
Newton,Primary crater case,130,0.8,1.2,2.0,0.9,145.02821158072666,204.9067659592226,0.7077765875705049,1.6751917347485907,1.0
Newton,Primary crater case,130,0.8,1.2,2.0,1.0,152.1109796177982,211.6648603653014,0.7186406820446141,1.533053561207268,1.0
Newton,Primary crater case,130,0.8,1.2,2.0,1.1,152.64042563361963,216.86469394348083,0.7038509720415842,1.318799160612137,1.0
Newton,Primary crater case,130,0.8,1.5,2.5,0.9,145.02821158072666,219.98172255411856,0.6592739155638155,1.5728423634749529,1.0
Newton,Primary crater case,130,0.8,1.5,2.5,1.0,152.1109796177982,228.842489298044,0.6646972775221351,1.3709913861009473,1.0
Newton,Primary crater case,130,0.8,1.5,2.5,1.1,152.64042563361963,236.18685492765573,0.6462697751759874,1.0519547019235767,1.0
Newton,Primary crater case,130,1.0,1.2,1.8,0.9,156.1691678342349,198.70774866343803,0.7859238951911584,1.5223069727022593,0.9999999999999998
Newton,Primary crater case,130,1.0,1.2,1.8,1.0,161.056185235033,207.63186907497396,0.7756814305653488,1.2348862224806538,1.0
Newton,Primary crater case,130,1.0,1.2,1.8,1.1,165.79080194746805,212.0244979189817,0.7819417264264418,1.1117635204036798,0.9999999999999999
Newton,Primary crater case,130,1.0,1.2,2.0,0.9,156.1691678342349,204.9067659592226,0.7621474435124963,1.4073534998010824,0.9999999999999998
Newton,Primary crater case,130,1.0,1.2,2.0,1.0,161.056185235033,211.6648603653014,0.7609018566287975,1.1866711265353957,1.0
Newton,Primary crater case,130,1.0,1.2,2.0,1.1,165.79080194746805,216.86469394348083,0.764489594561097,1.0775412741874535,0.9999999999999999
Newton,Primary crater case,130,1.0,1.5,2.5,0.9,156.1691678342349,219.98172255411856,0.7099188333513259,1.297265319347141,0.9999999999999998
Newton,Primary crater case,130,1.0,1.5,2.5,1.0,161.056185235033,228.842489298044,0.7037861969123826,1.0445185509475192,1.0
Newton,Primary crater case,130,1.0,1.5,2.5,1.1,165.79080194746805,236.18685492765573,0.7019476253166161,0.8826223257087955,0.9999999999999999
Newton,Primary crater case,150,0.6,1.2,1.8,0.9,124.65796613593943,163.3595139305457,0.7630897223955949,1.7007004057691169,1.0
Newton,Primary crater case,150,0.6,1.2,1.8,1.0,126.46710700697345,169.89193377163238,0.7443973601299383,1.5384484757781376,1.0
Newton,Primary crater case,150,0.6,1.2,1.8,1.1,129.4728584555324,173.80409239895815,0.7449356149700679,1.4501069703409766,1.0
Newton,Primary crater case,150,0.6,1.2,2.0,0.9,124.65796613593943,168.00920737770716,0.7419710388591482,1.516440618704624,1.0
Newton,Primary crater case,150,0.6,1.2,2.0,1.0,126.46710700697345,173.49973498781608,0.7289181566522538,1.4411924915888872,1.0
Newton,Primary crater case,150,0.6,1.2,2.0,1.1,129.4728584555324,178.19967185313067,0.7265605885191633,1.4101606965576907,1.0
Newton,Primary crater case,150,0.6,1.5,2.5,0.9,124.65796613593943,180.72515718705458,0.6897654320860026,1.3801082268000207,1.0
Newton,Primary crater case,150,0.6,1.5,2.5,1.0,126.46710700697345,188.3251436627048,0.6715359645947188,1.265439788190248,1.0
Newton,Primary crater case,150,0.6,1.5,2.5,1.1,129.4728584555324,194.81587815930266,0.6645908930978475,1.1246574455771785,1.0
Newton,Primary crater case,150,0.8,1.2,1.8,0.9,130.4463347616213,163.3595139305457,0.79852303439812,1.779670736952791,1.0
Newton,Primary crater case,150,0.8,1.2,1.8,1.0,134.99543135651712,169.89193377163238,0.7945958843341974,1.539100860096676,1.0
Newton,Primary crater case,150,0.8,1.2,1.8,1.1,134.8966122359813,173.80409239895815,0.7761417488739749,1.3028945557338072,1.0
Newton,Primary crater case,150,0.8,1.2,2.0,0.9,130.4463347616213,168.00920737770716,0.776423725804268,1.5868550300102549,1.0
Newton,Primary crater case,150,0.8,1.2,2.0,1.0,134.99543135651712,173.49973498781608,0.7780728389354433,1.4478847533108345,1.0
Newton,Primary crater case,150,0.8,1.2,2.0,1.1,134.8966122359813,178.19967185313067,0.7569969733006071,1.262149166391937,1.0
Newton,Primary crater case,150,0.8,1.5,2.5,0.9,130.4463347616213,180.72515718705458,0.7217940036240026,1.4441921791351897,1.0
Newton,Primary crater case,150,0.8,1.5,2.5,1.0,134.99543135651712,188.3251436627048,0.7168210719557312,1.2686837985428139,1.0
Newton,Primary crater case,150,0.8,1.5,2.5,1.1,134.8966122359813,194.81587815930266,0.6924313023688714,1.0171686836955938,1.0
Newton,Primary crater case,150,1.0,1.2,1.8,0.9,137.300568987587,163.3595139305457,0.8404810083235313,1.488184642089668,0.9999999999999998
Newton,Primary crater case,150,1.0,1.2,1.8,1.0,140.25338357907876,169.89193377163238,0.8255446887055063,1.2349657276163906,1.0
Newton,Primary crater case,150,1.0,1.2,1.8,1.1,143.2265560406221,173.80409239895815,0.8240689506427333,1.1141566037925363,0.9999999999999999
Newton,Primary crater case,150,1.0,1.2,2.0,0.9,137.300568987587,168.00920737770716,0.8172205031532408,1.3784059621653002,0.9999999999999998
Newton,Primary crater case,150,1.0,1.2,2.0,1.0,140.25338357907876,173.49973498781608,0.8083780853551619,1.1791872111963098,1.0
Newton,Primary crater case,150,1.0,1.2,2.0,1.1,143.2265560406221,178.19967185313067,0.8037419741079387,1.0734684086425967,0.9999999999999999
Newton,Primary crater case,150,1.0,1.5,2.5,0.9,137.300568987587,180.72515718705458,0.7597202908805765,1.2471173803008808,0.9999999999999998
Newton,Primary crater case,150,1.0,1.5,2.5,1.0,140.25338357907876,188.3251436627048,0.7447406164217573,1.026950542774983,1.0
Newton,Primary crater case,150,1.0,1.5,2.5,1.1,143.2265560406221,194.81587815930266,0.7351893356634129,0.8810845635393005,0.9999999999999999
Newton,Primary crater case,400,0.6,1.2,1.8,0.9,24.364412681113837,28.12725973547943,0.8662206311687314,0.9054266065953155,1.0
Newton,Primary crater case,400,0.6,1.2,1.8,1.0,24.312519257420835,29.280003472451796,0.8303455045794432,0.8549087179803857,1.0
Newton,Primary crater case,400,0.6,1.2,1.8,1.1,24.282481369935677,30.69376789868387,0.7911209027868128,0.7976428064396736,1.0
Newton,Primary crater case,400,0.6,1.2,2.0,0.9,24.364412681113837,28.92280828561721,0.84239443281273,0.8567334626664986,1.0
Newton,Primary crater case,400,0.6,1.2,2.0,1.0,24.312519257420835,30.3730976153042,0.8004622895351444,0.8058900156179378,1.0
Newton,Primary crater case,400,0.6,1.2,2.0,1.1,24.282481369935677,31.902299845695374,0.7611514369617509,0.7542390323099368,1.0
Newton,Primary crater case,400,0.6,1.5,2.5,0.9,24.364412681113837,32.18875326063719,0.7569231552347341,0.7537734201013665,1.0
Newton,Primary crater case,400,0.6,1.5,2.5,1.0,24.312519257420835,34.31202469212381,0.7085713966334862,0.6611332584480847,1.0
Newton,Primary crater case,400,0.6,1.5,2.5,1.1,24.282481369935677,36.50312242043369,0.665216555730664,0.593275462078044,1.0
Newton,Primary crater case,400,0.8,1.2,1.8,0.9,24.491543904696908,28.12725973547943,0.870740489298484,0.9101510378331084,1.0
Newton,Primary crater case,400,0.8,1.2,1.8,1.0,24.630264558318324,29.280003472451796,0.8411974602903242,0.8672055020321429,1.0
Newton,Primary crater case,400,0.8,1.2,1.8,1.1,24.698235401078477,30.69376789868387,0.8046661290527816,0.8133564842214364,1.0
Newton,Primary crater case,400,0.8,1.2,2.0,0.9,24.491543904696908,28.92280828561721,0.8467899680708428,0.8612038176395033,1.0
Newton,Primary crater case,400,0.8,1.2,2.0,1.0,24.630264558318324,30.3730976153042,0.8109236953792881,0.8174221638320693,1.0
Newton,Primary crater case,400,0.8,1.2,2.0,1.1,24.698235401078477,31.902299845695374,0.7741835391347514,0.7668009342161648,1.0
Newton,Primary crater case,400,0.8,1.5,2.5,0.9,24.491543904696908,32.18875326063719,0.7608727093710397,0.7577065392147266,1.0
Newton,Primary crater case,400,0.8,1.5,2.5,1.0,24.630264558318324,34.31202469212381,0.7178318615506272,0.667582514908336,1.0
Newton,Primary crater case,400,0.8,1.5,2.5,1.1,24.698235401078477,36.50312242043369,0.6766061028043157,0.5956303064903968,1.0
Newton,Primary crater case,400,1.0,1.2,1.8,0.9,24.768874164326864,28.12725973547943,0.8806003285518662,0.9247815875313548,0.9999999999999998
Newton,Primary crater case,400,1.0,1.2,1.8,1.0,24.992969391404174,29.280003472451796,0.8535849189676123,0.8802452240101212,1.0
Newton,Primary crater case,400,1.0,1.2,1.8,1.1,25.281361456836848,30.69376789868387,0.8236643197500981,0.8334045697922031,0.9999999999999999
Newton,Primary crater case,400,1.0,1.2,2.0,0.9,24.768874164326864,28.92280828561721,0.8563786033406713,0.8773253639234896,0.9999999999999998
Newton,Primary crater case,400,1.0,1.2,2.0,1.0,24.992969391404174,30.3730976153042,0.8228653431387544,0.8322361653963217,1.0
Newton,Primary crater case,400,1.0,1.2,2.0,1.1,25.281361456836848,31.902299845695374,0.7924620349980223,0.785093232982305,0.9999999999999999
Newton,Primary crater case,400,1.0,1.5,2.5,0.9,24.768874164326864,32.18875326063719,0.7694884596420853,0.7611086459799831,0.9999999999999998
Newton,Primary crater case,400,1.0,1.5,2.5,1.0,24.992969391404174,34.31202469212381,0.7284026406387265,0.6710813022466329,1.0
Newton,Primary crater case,400,1.0,1.5,2.5,1.1,25.281361456836848,36.50312242043369,0.6925807925594022,0.6046220519253428,0.9999999999999999
Copernicus,Primary crater case,130,0.6,1.2,1.8,0.9,229.6305387800298,281.8249100314455,0.8147985880822531,0.7119850505938935,1.0
Copernicus,Primary crater case,130,0.6,1.2,1.8,1.0,233.4726537912484,292.45945761970614,0.7983077575656313,0.7090348433691246,1.0
Copernicus,Primary crater case,130,0.6,1.2,1.8,1.1,230.66284440330313,311.07287468354775,0.7415074189221893,0.6869075583622581,0.9999999999999998
Copernicus,Primary crater case,130,0.6,1.2,2.0,0.9,229.6305387800298,290.6608204904113,0.7900292113419021,0.703234599070371,1.0
Copernicus,Primary crater case,130,0.6,1.2,2.0,1.0,233.4726537912484,307.5980564300586,0.7590186248278042,0.6983942895006987,1.0
Copernicus,Primary crater case,130,0.6,1.2,2.0,1.1,230.66284440330313,328.9774232304058,0.701150985190111,0.644574538819406,0.9999999999999998
Copernicus,Primary crater case,130,0.6,1.5,2.5,0.9,229.6305387800298,336.6114472029469,0.6821827976681462,0.6101278816731865,1.0
Copernicus,Primary crater case,130,0.6,1.5,2.5,1.0,233.4726537912484,369.4288996542236,0.6319826467549591,0.5873072714075663,1.0
Copernicus,Primary crater case,130,0.6,1.5,2.5,1.1,230.66284440330313,405.8646657324549,0.5683245275541073,0.5660925118806734,0.981082278655956
Copernicus,Primary crater case,130,0.8,1.2,1.8,0.9,231.986179687493,281.8249100314455,0.823157114328923,0.7325423469595916,0.9999999999999997
Copernicus,Primary crater case,130,0.8,1.2,1.8,1.0,237.94729006275568,292.45945761970614,0.8136077800300298,0.7503416596952197,1.0
Copernicus,Primary crater case,130,0.8,1.2,1.8,1.1,236.7217897749041,311.07287468354775,0.7609849943223739,0.7249547322827211,1.0
Copernicus,Primary crater case,130,0.8,1.2,2.0,0.9,231.986179687493,290.6608204904113,0.7981336435233316,0.7252777406135181,0.9999999999999997
Copernicus,Primary crater case,130,0.8,1.2,2.0,1.0,237.94729006275568,307.5980564300586,0.7735656487051308,0.7365411268008706,1.0
Copernicus,Primary crater case,130,0.8,1.2,2.0,1.1,236.7217897749041,328.9774232304058,0.7195684963740242,0.6813635567894791,1.0
Copernicus,Primary crater case,130,0.8,1.5,2.5,0.9,231.986179687493,336.6114472029469,0.6891808986746248,0.6322351205263078,0.9999999999999997
Copernicus,Primary crater case,130,0.8,1.5,2.5,1.0,237.94729006275568,369.4288996542236,0.6440949538205282,0.6234471491347365,0.9490857057004155
Copernicus,Primary crater case,130,0.8,1.5,2.5,1.1,236.7217897749041,405.8646657324549,0.5832530145182694,0.6027345386927698,0.9362506906442315
Copernicus,Primary crater case,130,1.0,1.2,1.8,0.9,235.28727144817418,281.8249100314455,0.8348703860915676,0.7688811200131911,1.0
Copernicus,Primary crater case,130,1.0,1.2,1.8,1.0,242.35707621101255,292.45945761970614,0.8286860619366831,0.7910505080140762,1.0
Copernicus,Primary crater case,130,1.0,1.2,1.8,1.1,240.90557415329488,311.07287468354775,0.7744345256665868,0.7431986946510988,1.0
Copernicus,Primary crater case,130,1.0,1.2,2.0,0.9,235.28727144817418,290.6608204904113,0.809490839017074,0.7599490664388714,1.0
Copernicus,Primary crater case,130,1.0,1.2,2.0,1.0,242.35707621101255,307.5980564300586,0.7879018451019358,0.7643974238816845,1.0
Copernicus,Primary crater case,130,1.0,1.2,2.0,1.1,240.90557415329488,328.9774232304058,0.7322860389254491,0.6925288919013193,1.0
Copernicus,Primary crater case,130,1.0,1.5,2.5,0.9,235.28727144817418,336.6114472029469,0.6989877302251006,0.6574162554524754,1.0
Copernicus,Primary crater case,130,1.0,1.5,2.5,1.0,242.35707621101255,369.4288996542236,0.6560317193317925,0.6429225988325173,0.9174918980685631
Copernicus,Primary crater case,130,1.0,1.5,2.5,1.1,240.90557415329488,405.8646657324549,0.5935613382814144,0.6145782594441115,0.9052856554019465
Copernicus,Primary crater case,150,0.6,1.2,1.8,0.9,197.1271511275208,240.53404040823378,0.8195395162903225,0.7254273919691597,1.0
Copernicus,Primary crater case,150,0.6,1.2,1.8,1.0,199.74699114243253,250.57828334622258,0.7971440640226721,0.7223961095680521,1.0
Copernicus,Primary crater case,150,0.6,1.2,1.8,1.1,197.9009503516083,266.8063298315034,0.7417400871882949,0.7028071481934901,0.9999999999999998
Copernicus,Primary crater case,150,0.6,1.2,2.0,0.9,197.1271511275208,248.68667294942657,0.7926727588157045,0.717427814520246,1.0
Copernicus,Primary crater case,150,0.6,1.2,2.0,1.0,199.74699114243253,263.8040379975247,0.7571794300749362,0.7118680315042634,1.0
Copernicus,Primary crater case,150,0.6,1.2,2.0,1.1,197.9009503516083,282.4315616979595,0.7007040897336017,0.6610971566880723,0.9999999999999998
Copernicus,Primary crater case,150,0.6,1.5,2.5,0.9,197.1271511275208,288.93122094243085,0.6822632406582261,0.6272879586663475,1.0
Copernicus,Primary crater case,150,0.6,1.5,2.5,1.0,199.74699114243253,317.0629180045415,0.6299916508671363,0.6004607901056377,1.0
Copernicus,Primary crater case,150,0.6,1.5,2.5,1.1,197.9009503516083,347.5442487947091,0.569426629955561,0.5743231681350224,0.981082278655956
Copernicus,Primary crater case,150,0.8,1.2,1.8,0.9,198.95288915091402,240.53404040823378,0.8271298682433956,0.7441004427436687,0.9999999999999997
Copernicus,Primary crater case,150,0.8,1.2,1.8,1.0,203.3998697962165,250.57828334622258,0.8117218582552905,0.7599032199726503,1.0
Copernicus,Primary crater case,150,0.8,1.2,1.8,1.1,202.41570015592455,266.8063298315034,0.7586615365675786,0.734573493787315,1.0
Copernicus,Primary crater case,150,0.8,1.2,2.0,0.9,198.95288915091402,248.68667294942657,0.8000142781731351,0.737474676520666,0.9999999999999997
Copernicus,Primary crater case,150,0.8,1.2,2.0,1.0,203.3998697962165,263.8040379975247,0.7710263699531583,0.7459807153033853,1.0
Copernicus,Primary crater case,150,0.8,1.2,2.0,1.1,202.41570015592455,282.4315616979595,0.7166893775575753,0.6918853898194111,1.0
Copernicus,Primary crater case,150,0.8,1.5,2.5,0.9,198.95288915091402,288.93122094243085,0.6885821771076622,0.6477088728582773,0.9999999999999997
Copernicus,Primary crater case,150,0.8,1.5,2.5,1.0,203.3998697962165,317.0629180045415,0.6415126406970842,0.6321820720683968,0.9490857057004155
Copernicus,Primary crater case,150,0.8,1.5,2.5,1.1,202.41570015592455,347.5442487947091,0.5824170615911687,0.6053436540175194,0.9362506906442315
Copernicus,Primary crater case,150,1.0,1.2,1.8,0.9,201.69380156428744,240.53404040823378,0.8385249805889147,0.7776705521263064,1.0
Copernicus,Primary crater case,150,1.0,1.2,1.8,1.0,206.85734251273124,250.57828334622258,0.8255198325663268,0.7945329429180841,1.0
Copernicus,Primary crater case,150,1.0,1.2,1.8,1.1,206.0389751478353,266.8063298315034,0.7722417053521758,0.7463555990809188,1.0
Copernicus,Primary crater case,150,1.0,1.2,2.0,0.9,201.69380156428744,248.68667294942657,0.8110358274216982,0.7688346488746048,1.0
Copernicus,Primary crater case,150,1.0,1.2,2.0,1.0,206.85734251273124,263.8040379975247,0.7841325860018572,0.7678612110709522,1.0
Copernicus,Primary crater case,150,1.0,1.2,2.0,1.1,206.0389751478353,282.4315616979595,0.729518237654258,0.6972015008647742,1.0
Copernicus,Primary crater case,150,1.0,1.5,2.5,0.9,201.69380156428744,288.93122094243085,0.6980685607682205,0.6694652205872277,1.0
Copernicus,Primary crater case,150,1.0,1.5,2.5,1.0,206.85734251273124,317.0629180045415,0.6524173303349473,0.6459357584736095,0.9174918980685631
Copernicus,Primary crater case,150,1.0,1.5,2.5,1.1,206.0389751478353,347.5442487947091,0.5928424247052939,0.6135087559641371,0.9052856554019465
Copernicus,Primary crater case,400,0.6,1.2,1.8,0.9,52.3189434572355,65.23311390283551,0.8020304463031518,0.7923285699371739,1.0
Copernicus,Primary crater case,400,0.6,1.2,1.8,1.0,52.30957378652674,68.1870520508278,0.7671481932894574,0.8100091369588307,1.0
Copernicus,Primary crater case,400,0.6,1.2,1.8,1.1,52.960659676373055,71.02315597279886,0.745681587236935,0.8376081431049296,0.9999999999999998
Copernicus,Primary crater case,400,0.6,1.2,2.0,0.9,52.3189434572355,67.4402231842803,0.7757824779771869,0.8032275066250066,1.0
Copernicus,Primary crater case,400,0.6,1.2,2.0,1.0,52.30957378652674,70.51372148308397,0.7418353858840886,0.823471756406407,1.0
Copernicus,Primary crater case,400,0.6,1.2,2.0,1.1,52.960659676373055,73.50974140937458,0.7204577061621803,0.82753794607116,0.9999999999999998
Copernicus,Primary crater case,400,0.6,1.5,2.5,0.9,52.3189434572355,74.31100074515982,0.7040538134677623,0.8092281797201935,1.0
Copernicus,Primary crater case,400,0.6,1.5,2.5,1.0,52.30957378652674,78.57875204715273,0.6656961637051368,0.7898499014179845,1.0
Copernicus,Primary crater case,400,0.6,1.5,2.5,1.1,52.960659676373055,82.51222102481047,0.6418523101014139,0.7341663758675198,0.981082278655956
Copernicus,Primary crater case,400,0.8,1.2,1.8,0.9,53.04475352572788,65.23311390283551,0.813156851667971,0.7994024041367126,0.9999999999999997
Copernicus,Primary crater case,400,0.8,1.2,1.8,1.0,53.779803223597106,68.1870520508278,0.7887099032160639,0.8185631268691612,1.0
Copernicus,Primary crater case,400,0.8,1.2,1.8,1.1,53.87283028018475,71.02315597279886,0.758524871815292,0.8183931257620383,1.0
Copernicus,Primary crater case,400,0.8,1.2,2.0,0.9,53.04475352572788,67.4402231842803,0.7865447506124524,0.8097271765972944,0.9999999999999997
Copernicus,Primary crater case,400,0.8,1.2,2.0,1.0,53.779803223597106,70.51372148308397,0.762685646034137,0.8248744177627793,1.0
Copernicus,Primary crater case,400,0.8,1.2,2.0,1.1,53.87283028018475,73.50974140937458,0.7328665459475339,0.8055697482866438,1.0
Copernicus,Primary crater case,400,0.8,1.5,2.5,0.9,53.04475352572788,74.31100074515982,0.7138210089195024,0.8128456343993713,0.9999999999999997
Copernicus,Primary crater case,400,0.8,1.5,2.5,1.0,53.779803223597106,78.57875204715273,0.6844064307782016,0.7846267314020192,0.9490857057004155
Copernicus,Primary crater case,400,0.8,1.5,2.5,1.1,53.87283028018475,82.51222102481047,0.6529072858672149,0.7222113105708693,0.9362506906442315
Copernicus,Primary crater case,400,1.0,1.2,1.8,0.9,54.47972550379353,65.23311390283551,0.8351544521535624,0.8180448941027613,1.0
Copernicus,Primary crater case,400,1.0,1.2,1.8,1.0,54.99539195606781,68.1870520508278,0.8065371694771802,0.8163215157947524,1.0
Copernicus,Primary crater case,400,1.0,1.2,1.8,1.1,55.60639394362907,71.02315597279886,0.7829333008649425,0.7867497595286134,1.0
Copernicus,Primary crater case,400,1.0,1.2,2.0,0.9,54.47972550379353,67.4402231842803,0.8078224378784716,0.8208587846157365,1.0
Copernicus,Primary crater case,400,1.0,1.2,2.0,1.0,54.99539195606781,70.51372148308397,0.7799246841518788,0.8088259975795005,1.0
Copernicus,Primary crater case,400,1.0,1.2,2.0,1.1,55.60639394362907,73.50974140937458,0.7564493205595425,0.7673289178149945,1.0
Copernicus,Primary crater case,400,1.0,1.5,2.5,0.9,54.47972550379353,74.31100074515982,0.7331313662512077,0.8036110145826652,1.0
Copernicus,Primary crater case,400,1.0,1.5,2.5,1.0,54.99539195606781,78.57875204715273,0.6998761182038974,0.7504998206167361,0.9174918980685631
Copernicus,Primary crater case,400,1.0,1.5,2.5,1.1,55.60639394362907,82.51222102481047,0.6739170665022927,0.6989880878388425,0.9052856554019465
Huygens,Primary crater case,130,0.6,1.2,1.8,0.9,21.789828283874655,64.24708028540829,0.33915670855510505,0.23204510409686094,1.0
Huygens,Primary crater case,130,0.6,1.2,1.8,1.0,22.931195827619213,66.83895306811978,0.34308131374003703,0.25819955014162904,1.0
Huygens,Primary crater case,130,0.6,1.2,1.8,1.1,24.149979967774996,69.80064733807718,0.34598504295820276,0.2767439053731643,0.9999999999999997
Huygens,Primary crater case,130,0.6,1.2,2.0,0.9,21.789828283874655,65.12019460571577,0.3346093852422564,0.23876041906309473,1.0
Huygens,Primary crater case,130,0.6,1.2,2.0,1.0,22.931195827619213,69.32403667461541,0.33078275483654856,0.25938448892513305,1.0
Huygens,Primary crater case,130,0.6,1.2,2.0,1.1,24.149979967774996,73.0313791614608,0.3306795003060701,0.29207366649653177,0.9999999999999997
Huygens,Primary crater case,130,0.6,1.5,2.5,0.9,21.789828283874655,74.4886430116678,0.2925255099688355,0.2640848424683054,1.0
Huygens,Primary crater case,130,0.6,1.5,2.5,1.0,22.931195827619213,82.90166351450767,0.2766071856158385,0.2939776066875097,1.0
Huygens,Primary crater case,130,0.6,1.5,2.5,1.1,24.149979967774996,92.07690326032439,0.2622805406421736,0.3011550804660467,0.9999999999999997
Huygens,Primary crater case,130,0.8,1.2,1.8,0.9,26.241860264660758,64.24708028540829,0.40845218410058665,0.30626604302220806,1.0
Huygens,Primary crater case,130,0.8,1.2,1.8,1.0,28.313853642402233,66.83895306811978,0.4236130630823287,0.33843089559361306,1.0
Huygens,Primary crater case,130,0.8,1.2,1.8,1.1,30.057525124086357,69.80064733807718,0.4306195754675985,0.35796502082419535,0.9999999999999998
Huygens,Primary crater case,130,0.8,1.2,2.0,0.9,26.241860264660758,65.12019460571577,0.402975765406534,0.309312993077458,1.0
Huygens,Primary crater case,130,0.8,1.2,2.0,1.0,28.313853642402233,69.32403667461541,0.40842765367657824,0.33454075865973343,1.0
Huygens,Primary crater case,130,0.8,1.2,2.0,1.1,30.057525124086357,73.0313791614608,0.4115700055127527,0.3735868285717697,0.9999999999999998
Huygens,Primary crater case,130,0.8,1.5,2.5,0.9,26.241860264660758,74.4886430116678,0.35229343969321963,0.32738758915818056,1.0
Huygens,Primary crater case,130,0.8,1.5,2.5,1.0,28.313853642402233,82.90166351450767,0.341535410051782,0.366535813066345,1.0
Huygens,Primary crater case,130,0.8,1.5,2.5,1.1,30.057525124086357,92.07690326032439,0.32643935731750484,0.3747373558935822,0.9999999999999998
Huygens,Primary crater case,130,1.0,1.2,1.8,0.9,30.98419644218299,64.24708028540829,0.48226621823964944,0.3762547151275273,0.9999999999999998
Huygens,Primary crater case,130,1.0,1.2,1.8,1.0,34.116038803271366,66.83895306811978,0.5104215017925485,0.422072250667696,1.0
Huygens,Primary crater case,130,1.0,1.2,1.8,1.1,36.841744633620664,69.80064733807718,0.5278137959835654,0.4670721021358919,0.9999999999999999
Huygens,Primary crater case,130,1.0,1.2,2.0,0.9,30.98419644218299,65.12019460571577,0.47580012052764087,0.37678146446358873,0.9999999999999998
Huygens,Primary crater case,130,1.0,1.2,2.0,1.0,34.116038803271366,69.32403667461541,0.4921242391495609,0.415287789158557,1.0
Huygens,Primary crater case,130,1.0,1.2,2.0,1.1,36.841744633620664,73.0313791614608,0.5044645884636713,0.46666628826771794,0.9999999999999999
Huygens,Primary crater case,130,1.0,1.5,2.5,0.9,30.98419644218299,74.4886430116678,0.4159586641594433,0.3912148256012294,0.9999999999999998
Huygens,Primary crater case,130,1.0,1.5,2.5,1.0,34.116038803271366,82.90166351450767,0.4115241764394885,0.4310295847836172,1.0
Huygens,Primary crater case,130,1.0,1.5,2.5,1.1,36.841744633620664,92.07690326032439,0.4001192843058574,0.40954906107509553,0.9999999999999999
Huygens,Primary crater case,150,0.6,1.2,1.8,0.9,21.843322236865685,54.12698109599278,0.40355700234097897,0.28057132614713476,1.0
Huygens,Primary crater case,150,0.6,1.2,1.8,1.0,22.779222960528166,56.024742768296925,0.40659219185952944,0.30998570121893004,1.0
Huygens,Primary crater case,150,0.6,1.2,1.8,1.1,23.657611034169612,58.599409304760904,0.4037175683995769,0.3267554289203426,0.9999999999999997
Huygens,Primary crater case,150,0.6,1.2,2.0,0.9,21.843322236865685,54.73772732418406,0.39905424109953747,0.28894229859814563,1.0
Huygens,Primary crater case,150,0.6,1.2,2.0,1.0,22.779222960528166,58.22408653937245,0.3912336683053729,0.3104116702297469,1.0
Huygens,Primary crater case,150,0.6,1.2,2.0,1.1,23.657611034169612,61.039673628458935,0.3875776135070874,0.34552667725108366,0.9999999999999997
Huygens,Primary crater case,150,0.6,1.5,2.5,0.9,21.843322236865685,62.15561232636229,0.3514296041710975,0.3187468549518849,1.0
Huygens,Primary crater case,150,0.6,1.5,2.5,1.0,22.779222960528166,68.37295811154384,0.33316129051146326,0.3526333362769582,1.0
Huygens,Primary crater case,150,0.6,1.5,2.5,1.1,23.657611034169612,75.31366330655518,0.31412110360206696,0.35550897943014537,0.9999999999999997
Huygens,Primary crater case,150,0.8,1.2,1.8,0.9,25.337813564095505,54.12698109599278,0.4681179894212012,0.35623309725247965,1.0
Huygens,Primary crater case,150,0.8,1.2,1.8,1.0,26.95529775802084,56.024742768296925,0.4811320217836717,0.38955900799243615,1.0
Huygens,Primary crater case,150,0.8,1.2,1.8,1.1,28.25768382776723,58.599409304760904,0.4822178954194925,0.4058709102316384,0.9999999999999998
Huygens,Primary crater case,150,0.8,1.2,2.0,0.9,25.337813564095505,54.73772732418406,0.4628948771298517,0.36077087926764123,1.0
Huygens,Primary crater case,150,0.8,1.2,2.0,1.0,26.95529775802084,58.22408653937245,0.46295784717537913,0.3838743762553308,1.0
Huygens,Primary crater case,150,0.8,1.2,2.0,1.1,28.25768382776723,61.039673628458935,0.46293962840902975,0.4242118828616383,0.9999999999999998
Huygens,Primary crater case,150,0.8,1.5,2.5,0.9,25.337813564095505,62.15561232636229,0.40765125812056213,0.3809442386368819,1.0
Huygens,Primary crater case,150,0.8,1.5,2.5,1.0,26.95529775802084,68.37295811154384,0.3942391627117535,0.4220740032516769,1.0
Huygens,Primary crater case,150,0.8,1.5,2.5,1.1,28.25768382776723,75.31366330655518,0.375199964882172,0.4259273989867415,0.9999999999999998
Huygens,Primary crater case,150,1.0,1.2,1.8,0.9,28.96162874362908,54.12698109599278,0.5350682442877498,0.4234222846259517,0.9999999999999998
Huygens,Primary crater case,150,1.0,1.2,1.8,1.0,31.392415748934035,56.024742768296925,0.5603312786060352,0.46877344326648235,1.0
Huygens,Primary crater case,150,1.0,1.2,1.8,1.1,33.52552199234483,58.599409304760904,0.5721136508046857,0.5091314815173834,0.9999999999999999
Huygens,Primary crater case,150,1.0,1.2,2.0,0.9,28.96162874362908,54.73772732418406,0.5290981222531199,0.42555418374844445,0.9999999999999998
Huygens,Primary crater case,150,1.0,1.2,2.0,1.0,31.392415748934035,58.22408653937245,0.5391654487821937,0.45975322199563834,1.0
Huygens,Primary crater case,150,1.0,1.2,2.0,1.1,33.52552199234483,61.039673628458935,0.5492415014603551,0.5100104283768526,0.9999999999999999
Huygens,Primary crater case,150,1.0,1.5,2.5,0.9,28.96162874362908,62.15561232636229,0.4659535584905738,0.44084551138141126,0.9999999999999998
Huygens,Primary crater case,150,1.0,1.5,2.5,1.0,31.392415748934035,68.37295811154384,0.4591349652843798,0.47978328025611106,1.0
Huygens,Primary crater case,150,1.0,1.5,2.5,1.1,33.52552199234483,75.31366330655518,0.4451452833449786,0.4524834241417333,0.9999999999999999
Huygens,Primary crater case,400,0.6,1.2,1.8,0.9,12.976571199419878,14.470735817690702,0.8967457745691008,0.7313274796181597,1.0
Huygens,Primary crater case,400,0.6,1.2,1.8,1.0,13.075064659424672,14.526310374857939,0.9000953664087286,0.7689187939354858,1.0
Huygens,Primary crater case,400,0.6,1.2,1.8,1.1,13.037135733921419,14.868453593311973,0.8768319887540756,0.7691038800002347,0.9999999999999997
Huygens,Primary crater case,400,0.6,1.2,2.0,0.9,12.976571199419878,14.446854095292645,0.8982281619116065,0.7482091159092135,1.0
Huygens,Primary crater case,400,0.6,1.2,2.0,1.0,13.075064659424672,14.859466941820932,0.8799147850065749,0.764711170395023,1.0
Huygens,Primary crater case,400,0.6,1.2,2.0,1.1,13.037135733921419,15.10283792267777,0.8632242364427032,0.787293892815004,0.9999999999999997
Huygens,Primary crater case,400,0.6,1.5,2.5,0.9,12.976571199419878,15.230810518732893,0.8519947893422711,0.7791016894094976,1.0
Huygens,Primary crater case,400,0.6,1.5,2.5,1.0,13.075064659424672,15.819995648195816,0.8264897759890226,0.8084651769700633,1.0
Huygens,Primary crater case,400,0.6,1.5,2.5,1.1,13.037135733921419,16.515520713662188,0.789386902172371,0.795320681532119,0.9999999999999997
Huygens,Primary crater case,400,0.8,1.2,1.8,0.9,13.197093249359503,14.470735817690702,0.9119849478024364,0.7847368625197862,1.0
Huygens,Primary crater case,400,0.8,1.2,1.8,1.0,13.227912336904456,14.526310374857939,0.9106174930558593,0.8058858239481598,1.0
Huygens,Primary crater case,400,0.8,1.2,1.8,1.1,13.234247844397505,14.868453593311973,0.8900890574357003,0.7973538427961686,0.9999999999999998
Huygens,Primary crater case,400,0.8,1.2,2.0,0.9,13.197093249359503,14.446854095292645,0.9134925266296997,0.7952033646954437,1.0
Huygens,Primary crater case,400,0.8,1.2,2.0,1.0,13.227912336904456,14.859466941820932,0.8902010003922429,0.792707223015488,1.0
Huygens,Primary crater case,400,0.8,1.2,2.0,1.1,13.234247844397505,15.10283792267777,0.8762755657018294,0.8120468071250061,0.9999999999999998
Huygens,Primary crater case,400,0.8,1.5,2.5,0.9,13.197093249359503,15.230810518732893,0.8664734705436685,0.8073997540543993,1.0
Huygens,Primary crater case,400,0.8,1.5,2.5,1.0,13.227912336904456,15.819995648195816,0.8361514523180686,0.8285836988019215,1.0
Huygens,Primary crater case,400,0.8,1.5,2.5,1.1,13.234247844397505,16.515520713662188,0.8013218640723628,0.8163061458890137,0.9999999999999998
Huygens,Primary crater case,400,1.0,1.2,1.8,0.9,13.283814479869038,14.470735817690702,0.9179778172461255,0.8079508750272169,0.9999999999999998
Huygens,Primary crater case,400,1.0,1.2,1.8,1.0,13.397576459557099,14.526310374857939,0.9222972739688636,0.8320891450371914,1.0
Huygens,Primary crater case,400,1.0,1.2,1.8,1.1,13.508045331803647,14.868453593311973,0.9085037154018321,0.8432630898661603,0.9999999999999999
Huygens,Primary crater case,400,1.0,1.2,2.0,0.9,13.283814479869038,14.446854095292645,0.9194953027315081,0.8153270794387907,0.9999999999999998
Huygens,Primary crater case,400,1.0,1.2,2.0,1.0,13.397576459557099,14.859466941820932,0.9016189148650114,0.8163503157346391,1.0
Huygens,Primary crater case,400,1.0,1.2,2.0,1.1,13.508045331803647,15.10283792267777,0.8944044424604828,0.8391569148167504,0.9999999999999999
Huygens,Primary crater case,400,1.0,1.5,2.5,0.9,13.283814479869038,15.230810518732893,0.8721672732735282,0.8190187924225422,0.9999999999999998
Huygens,Primary crater case,400,1.0,1.5,2.5,1.0,13.397576459557099,15.819995648195816,0.8468761153600582,0.8311786627023073,1.0
Huygens,Primary crater case,400,1.0,1.5,2.5,1.1,13.508045331803647,16.515520713662188,0.817900056922174,0.7912507056789336,0.9999999999999999
Schiaparelli,Primary crater case,130,0.6,1.2,1.8,0.9,74.35907805417261,82.81093638920856,0.8979378968097582,1.533312762616447,0.14265885844412793
Schiaparelli,Primary crater case,130,0.6,1.2,1.8,1.0,74.81257612533253,83.37937690030255,0.897255159567654,1.6375297887183857,0.2026004948476075
Schiaparelli,Primary crater case,130,0.6,1.2,1.8,1.1,74.25519528766762,84.40638498090756,0.879734338870974,1.6105862614066224,0.2231916719819302
Schiaparelli,Primary crater case,130,0.6,1.2,2.0,0.9,74.35907805417261,82.90940653803997,0.8968714306265797,1.5722413019794446,0.14265885844412793
Schiaparelli,Primary crater case,130,0.6,1.2,2.0,1.0,74.81257612533253,84.30373883631223,0.887417060714138,1.5833569200509623,0.2026004948476075
Schiaparelli,Primary crater case,130,0.6,1.2,2.0,1.1,74.25519528766762,85.2034266589519,0.8715047997411264,1.4826128821334361,0.2231916719819302
Schiaparelli,Primary crater case,130,0.6,1.5,2.5,0.9,74.35907805417261,85.19174782380331,0.8728436726989659,1.4791294787135614,0.14265885844412793
Schiaparelli,Primary crater case,130,0.6,1.5,2.5,1.0,74.81257612533253,84.71393705162878,0.883120047646211,1.3927608973932186,0.2026004948476075
Schiaparelli,Primary crater case,130,0.6,1.5,2.5,1.1,74.25519528766762,83.41718204693282,0.89016667148849,1.2591477032433718,0.2231916719819302
Schiaparelli,Primary crater case,130,0.8,1.2,1.8,0.9,73.78769343313851,82.81093638920856,0.8910380277109642,1.58451484940536,0.2853219986352144
Schiaparelli,Primary crater case,130,0.8,1.2,1.8,1.0,73.37786163517639,83.37937690030255,0.8800480929824522,1.6494255833493259,0.3466579277430771
Schiaparelli,Primary crater case,130,0.8,1.2,1.8,1.1,73.63344672918498,84.40638498090756,0.8723682070478509,1.4988092235312163,0.3719312275980917
Schiaparelli,Primary crater case,130,0.8,1.2,2.0,0.9,73.78769343313851,82.90940653803997,0.8899797563896891,1.6189271115218138,0.2853219986352144
Schiaparelli,Primary crater case,130,0.8,1.2,2.0,1.0,73.37786163517639,84.30373883631223,0.8703986637846514,1.507845371730545,0.3466579277430771
Schiaparelli,Primary crater case,130,0.8,1.2,2.0,1.1,73.63344672918498,85.2034266589519,0.8642075749361741,1.2977425844755976,0.3719312275980917
Schiaparelli,Primary crater case,130,0.8,1.5,2.5,0.9,73.78769343313851,85.19174782380331,0.8661366308125162,1.3733683461479305,0.2853219986352144
Schiaparelli,Primary crater case,130,0.8,1.5,2.5,1.0,73.37786163517639,84.71393705162878,0.8661840564729788,1.174486177536711,0.3466579277430771
Schiaparelli,Primary crater case,130,0.8,1.5,2.5,1.1,73.63344672918498,83.41718204693282,0.8827131883663579,1.100972292419228,0.3719312275980917
Schiaparelli,Primary crater case,130,1.0,1.2,1.8,0.9,73.58328373827699,82.81093638920856,0.8885696376193366,1.5357699077235925,0.3736789626764615
Schiaparelli,Primary crater case,130,1.0,1.2,1.8,1.0,73.58328285939565,83.37937690030255,0.8825117864262746,1.4304474755609775,0.46477630347750476
Schiaparelli,Primary crater case,130,1.0,1.2,1.8,1.1,73.97299522022772,84.40638498090756,0.8763909891053877,1.309742279458454,0.5609799417496565
Schiaparelli,Primary crater case,130,1.0,1.2,2.0,0.9,73.58328373827699,82.90940653803997,0.8875142979646823,1.5720831184791206,0.3736789626764615
Schiaparelli,Primary crater case,130,1.0,1.2,2.0,1.0,73.58328285939565,84.30373883631223,0.8728353436645095,1.3368842188540226,0.46477630347750476
Schiaparelli,Primary crater case,130,1.0,1.2,2.0,1.1,73.97299522022772,85.2034266589519,0.8681927255851246,1.1632466687995104,0.5609799417496565
Schiaparelli,Primary crater case,130,1.0,1.5,2.5,0.9,73.58328373827699,85.19174782380331,0.8637372235919449,1.2571910864264788,0.3736789626764615
Schiaparelli,Primary crater case,130,1.0,1.5,2.5,1.0,73.58328285939565,84.71393705162878,0.8686089375653788,1.0668451690103244,0.46477630347750476
Schiaparelli,Primary crater case,130,1.0,1.5,2.5,1.1,73.97299522022772,83.41718204693282,0.8867836745984593,1.023253864196591,0.5609799417496565
Schiaparelli,Primary crater case,150,0.6,1.2,1.8,0.9,64.14361147045152,66.6424923264862,0.962503190249961,1.7782167372531255,0.14265885844412793
Schiaparelli,Primary crater case,150,0.6,1.2,1.8,1.0,64.58762339869324,66.34766156044024,0.973472491413376,1.8808041752552782,0.2026004948476075
Schiaparelli,Primary crater case,150,0.6,1.2,1.8,1.1,64.21530612404523,66.64984391251038,0.963472715830199,1.826043426301732,0.2231916719819302
Schiaparelli,Primary crater case,150,0.6,1.2,2.0,0.9,64.14361147045152,66.31731080016775,0.9672227461655346,1.8025443675373352,0.14265885844412793
Schiaparelli,Primary crater case,150,0.6,1.2,2.0,1.0,64.58762339869324,66.750026621074,0.9676044590265668,1.797276324538298,0.2026004948476075
Schiaparelli,Primary crater case,150,0.6,1.2,2.0,1.1,64.21530612404523,67.18492851209608,0.9557992774001955,1.65874455860807,0.2231916719819302
Schiaparelli,Primary crater case,150,0.6,1.5,2.5,0.9,64.14361147045152,67.0804105083724,0.9562197217389669,1.6421404289957486,0.14265885844412793
Schiaparelli,Primary crater case,150,0.6,1.5,2.5,1.0,64.58762339869324,66.68464954421248,0.9685530904060777,1.5452308825344292,0.2026004948476075
Schiaparelli,Primary crater case,150,0.6,1.5,2.5,1.1,64.21530612404523,65.86932978708985,0.97488931998563,1.3987868246764785,0.2231916719819302
Schiaparelli,Primary crater case,150,0.8,1.2,1.8,0.9,63.8065926487742,66.6424923264862,0.9574460741381229,1.8472569327654318,0.2853219986352144
Schiaparelli,Primary crater case,150,0.8,1.2,1.8,1.0,63.49018292465688,66.34766156044024,0.956931735518963,1.8983607646732747,0.3466579277430771
Schiaparelli,Primary crater case,150,0.8,1.2,1.8,1.1,63.58058156166971,66.64984391251038,0.9539494442797254,1.6831598385750095,0.3719312275980917
Schiaparelli,Primary crater case,150,0.8,1.2,2.0,0.9,63.8065926487742,66.31731080016775,0.9621408328971748,1.8690712406168024,0.2853219986352144
Schiaparelli,Primary crater case,150,0.8,1.2,2.0,1.0,63.49018292465688,66.750026621074,0.9511634097927395,1.707195725207987,0.3466579277430771
Schiaparelli,Primary crater case,150,0.8,1.2,2.0,1.1,63.58058156166971,67.18492851209608,0.9463518525620306,1.439423929326033,0.3719312275980917
Schiaparelli,Primary crater case,150,0.8,1.5,2.5,0.9,63.8065926487742,67.0804105083724,0.951195619782476,1.531721203647002,0.2853219986352144
Schiaparelli,Primary crater case,150,0.8,1.5,2.5,1.0,63.49018292465688,66.68464954421248,0.9520959225040594,1.3012664352681742,0.3466579277430771
Schiaparelli,Primary crater case,150,0.8,1.5,2.5,1.1,63.58058156166971,65.86932978708985,0.9652532030792162,1.2073134729063377,0.3719312275980917
Schiaparelli,Primary crater case,150,1.0,1.2,1.8,0.9,63.55837696754892,66.6424923264862,0.9537214883286779,1.7562146523002171,0.3736789626764615
Schiaparelli,Primary crater case,150,1.0,1.2,1.8,1.0,63.32457940624698,66.34766156044024,0.954435739209296,1.5844697677954585,0.46477630347750476
Schiaparelli,Primary crater case,150,1.0,1.2,1.8,1.1,63.39452656452613,66.64984391251038,0.9511579149043856,1.4331009726596189,0.5609799417496565
Schiaparelli,Primary crater case,150,1.0,1.2,2.0,0.9,63.55837696754892,66.31731080016775,0.9583979838848976,1.7888799565766635,0.3736789626764615
Schiaparelli,Primary crater case,150,1.0,1.2,2.0,1.0,63.32457940624698,66.750026621074,0.9486824591955211,1.4758189652812534,0.46477630347750476
Schiaparelli,Primary crater case,150,1.0,1.2,2.0,1.1,63.39452656452613,67.18492851209608,0.9435825559167259,1.2717646683472879,0.5609799417496565
Schiaparelli,Primary crater case,150,1.0,1.5,2.5,0.9,63.55837696754892,67.0804105083724,0.9474953490276585,1.3934522315771831,0.3736789626764615
Schiaparelli,Primary crater case,150,1.0,1.5,2.5,1.0,63.32457940624698,66.68464954421248,0.9496125396034699,1.1685899160650826,0.46477630347750476
Schiaparelli,Primary crater case,150,1.0,1.5,2.5,1.1,63.39452656452613,65.86932978708985,0.9624285956671632,1.1074901410862306,0.5609799417496565
Schiaparelli,Primary crater case,400,0.6,1.2,1.8,0.9,14.276926139204358,11.278790099961869,1.2658207141608766,2.7417711801461135,0.14265885844412793
Schiaparelli,Primary crater case,400,0.6,1.2,1.8,1.0,14.323552234063968,10.676343190691615,1.34161594267148,2.731172096976052,0.2026004948476075
Schiaparelli,Primary crater case,400,0.6,1.2,1.8,1.1,14.263971470953697,10.11738423560294,1.4098477569685426,2.4350469392745957,0.2231916719819302
Schiaparelli,Primary crater case,400,0.6,1.2,2.0,0.9,14.276926139204358,10.897104766320965,1.3101577387169119,2.6525060586847564,0.14265885844412793
Schiaparelli,Primary crater case,400,0.6,1.2,2.0,1.0,14.323552234063968,10.283456761787225,1.392873288220506,2.4573545749734707,0.2026004948476075
Schiaparelli,Primary crater case,400,0.6,1.2,2.0,1.1,14.263971470953697,9.845417978321052,1.4487928803390575,2.160102862157883,0.2231916719819302
Schiaparelli,Primary crater case,400,0.6,1.5,2.5,0.9,14.276926139204358,9.716071792014022,1.469413405419571,2.098914140264735,0.14265885844412793
Schiaparelli,Primary crater case,400,0.6,1.5,2.5,1.0,14.323552234063968,9.406415882699976,1.52274281859124,1.9294294446517404,0.2026004948476075
Schiaparelli,Primary crater case,400,0.6,1.5,2.5,1.1,14.263971470953697,9.422660114650022,1.513794543939516,1.7365776546992602,0.2231916719819302
Schiaparelli,Primary crater case,400,0.8,1.2,1.8,0.9,14.166530374441363,11.278790099961869,1.2560328057252574,2.6954914391702745,0.2853219986352144
Schiaparelli,Primary crater case,400,0.8,1.2,1.8,1.0,14.053506470772584,10.676343190691615,1.316322098284122,2.5437252967086432,0.3466579277430771
Schiaparelli,Primary crater case,400,0.8,1.2,1.8,1.1,13.9309205209396,10.11738423560294,1.3769290753944954,2.1709879857767267,0.3719312275980917
Schiaparelli,Primary crater case,400,0.8,1.2,2.0,0.9,14.166530374441363,10.897104766320965,1.300026995998517,2.6226956743710255,0.2853219986352144
Schiaparelli,Primary crater case,400,0.8,1.2,2.0,1.0,14.053506470772584,10.283456761787225,1.3666130753809034,2.281529638998327,0.3466579277430771
Schiaparelli,Primary crater case,400,0.8,1.2,2.0,1.1,13.9309205209396,9.845417978321052,1.4149648650381883,1.9203618772463278,0.3719312275980917
Schiaparelli,Primary crater case,400,0.8,1.5,2.5,0.9,14.166530374441363,9.716071792014022,1.4580512245787776,2.0115181603288805,0.2853219986352144
Schiaparelli,Primary crater case,400,0.8,1.5,2.5,1.0,14.053506470772584,9.406415882699976,1.4940341407421087,1.7075406656726397,0.3466579277430771
Schiaparelli,Primary crater case,400,0.8,1.5,2.5,1.1,13.9309205209396,9.422660114650022,1.4784487980501697,1.545902061899949,0.3719312275980917
Schiaparelli,Primary crater case,400,1.0,1.2,1.8,0.9,13.930928845539672,11.278790099961869,1.2351439048047157,2.30660457768599,0.3736789626764615
Schiaparelli,Primary crater case,400,1.0,1.2,1.8,1.0,13.705976884980728,10.676343190691615,1.2837707293758185,1.8789906878839147,0.46477630347750476
Schiaparelli,Primary crater case,400,1.0,1.2,1.8,1.1,13.497906842714137,10.11738423560294,1.3341301000722285,1.7436383615785278,0.5609799417496565
Schiaparelli,Primary crater case,400,1.0,1.2,2.0,0.9,13.930928845539672,10.897104766320965,1.278406434027795,2.2968267839583474,0.3736789626764615
Schiaparelli,Primary crater case,400,1.0,1.2,2.0,1.0,13.705976884980728,10.283456761787225,1.3328180593816863,1.8533362779336233,0.46477630347750476
Schiaparelli,Primary crater case,400,1.0,1.2,2.0,1.1,13.497906842714137,9.845417978321052,1.370983626336192,1.7076750730901227,0.5609799417496565
Schiaparelli,Primary crater case,400,1.0,1.5,2.5,0.9,13.930928845539672,9.716071792014022,1.43380258439321,1.8609807367708797,0.3736789626764615
Schiaparelli,Primary crater case,400,1.0,1.5,2.5,1.0,13.705976884980728,9.406415882699976,1.4570881253707257,1.6234140602541387,0.46477630347750476
Schiaparelli,Primary crater case,400,1.0,1.5,2.5,1.1,13.497906842714137,9.422660114650022,1.4324942933819786,1.5425353666604762,0.5609799417496565
Ladon window,Sensitivity case only,130,0.6,1.2,1.8,0.9,28.280348339651567,54.65717342602465,0.5174132975962871,0.5524556392320473,1.0
Ladon window,Sensitivity case only,130,0.6,1.2,1.8,1.0,26.662479807318558,63.93704931973506,0.4170114212494447,0.46676469904553897,0.9999999999999999
Ladon window,Sensitivity case only,130,0.6,1.2,1.8,1.1,25.542099703440215,72.99771027088335,0.3499027518624541,0.39999303679857534,1.0
Ladon window,Sensitivity case only,130,0.6,1.2,2.0,0.9,28.280348339651567,60.803474617764266,0.46511072792194047,0.5212254908073685,1.0
Ladon window,Sensitivity case only,130,0.6,1.2,2.0,1.0,26.662479807318558,71.01456768532069,0.37545085010536394,0.42384756433373305,0.9999999999999999
Ladon window,Sensitivity case only,130,0.6,1.2,2.0,1.1,25.542099703440215,78.16698661876941,0.3267632642411094,0.3706819653636582,1.0
Ladon window,Sensitivity case only,130,0.6,1.5,2.5,0.9,28.280348339651567,79.33174240747522,0.35648212785235367,0.4073004683485149,1.0
Ladon window,Sensitivity case only,130,0.6,1.5,2.5,1.0,26.662479807318558,85.30292747978531,0.31256230700449184,0.3398246121830899,0.9999999999999999
Ladon window,Sensitivity case only,130,0.6,1.5,2.5,1.1,25.542099703440215,89.4530847123163,0.2855362650218754,0.2977076036797405,1.0
Ladon window,Sensitivity case only,130,0.8,1.2,1.8,0.9,24.688758049985406,54.65717342602465,0.45170206401910307,0.4793764432325378,1.0
Ladon window,Sensitivity case only,130,0.8,1.2,1.8,1.0,23.917653181842073,63.93704931973506,0.3740812789504122,0.41821521223640723,1.0
Ladon window,Sensitivity case only,130,0.8,1.2,1.8,1.1,23.49061089482213,72.99771027088335,0.32179928394537394,0.35985832568452397,1.0
Ladon window,Sensitivity case only,130,0.8,1.2,2.0,0.9,24.688758049985406,60.803474617764266,0.4060418948948087,0.45244122571380363,1.0
Ladon window,Sensitivity case only,130,0.8,1.2,2.0,1.0,23.917653181842073,71.01456768532069,0.33679925065270877,0.38074466386065964,1.0
Ladon window,Sensitivity case only,130,0.8,1.2,2.0,1.1,23.49061089482213,78.16698661876941,0.3005183122817424,0.33298301573086764,1.0
Ladon window,Sensitivity case only,130,0.8,1.5,2.5,0.9,24.688758049985406,79.33174240747522,0.3112090734522812,0.3518032585576864,1.0
Ladon window,Sensitivity case only,130,0.8,1.5,2.5,1.0,23.917653181842073,85.30292747978531,0.280384904580326,0.30613246485368584,1.0
Ladon window,Sensitivity case only,130,0.8,1.5,2.5,1.1,23.49061089482213,89.4530847123163,0.2626025806753184,0.26993422085873525,1.0
Ladon window,Sensitivity case only,130,1.0,1.2,1.8,0.9,23.508347472793822,54.65717342602465,0.4301054372050729,0.4518797597912344,1.0
Ladon window,Sensitivity case only,130,1.0,1.2,1.8,1.0,24.172345099322527,63.93704931973506,0.3780647583288051,0.4103774058946846,1.0
Ladon window,Sensitivity case only,130,1.0,1.2,1.8,1.1,25.899732954142753,72.99771027088335,0.3548019911588021,0.38279244411145485,1.0
Ladon window,Sensitivity case only,130,1.0,1.2,2.0,0.9,23.508347472793822,60.803474617764266,0.3866283566946954,0.4222977383465664,1.0
Ladon window,Sensitivity case only,130,1.0,1.2,2.0,1.0,24.172345099322527,71.01456768532069,0.34038572489006585,0.37172320076115867,1.0
Ladon window,Sensitivity case only,130,1.0,1.2,2.0,1.1,25.899732954142753,78.16698661876941,0.3313385109811016,0.35319561481472095,1.0
Ladon window,Sensitivity case only,130,1.0,1.5,2.5,0.9,23.508347472793822,79.33174240747522,0.29632965014239615,0.32421076945863775,1.0
Ladon window,Sensitivity case only,130,1.0,1.5,2.5,1.0,24.172345099322527,85.30292747978531,0.283370639361126,0.29748095385344886,1.0
Ladon window,Sensitivity case only,130,1.0,1.5,2.5,1.1,25.899732954142753,89.4530847123163,0.28953426298754303,0.2891516626898225,1.0
Ladon window,Sensitivity case only,150,0.6,1.2,1.8,0.9,23.518644361040373,45.12356809242532,0.5212053336045546,0.5579628497613612,1.0
Ladon window,Sensitivity case only,150,0.6,1.2,1.8,1.0,22.150872144414514,52.72196183742185,0.42014506616276764,0.4712576659670618,0.9999999999999999
Ladon window,Sensitivity case only,150,0.6,1.2,1.8,1.1,21.222572105618816,59.97953550431124,0.35383021770972817,0.4053456835367406,1.0
Ladon window,Sensitivity case only,150,0.6,1.2,2.0,0.9,23.518644361040373,50.184769365714054,0.4686410769301687,0.5265505553358087,1.0
Ladon window,Sensitivity case only,150,0.6,1.2,2.0,1.0,22.150872144414514,58.365827567113136,0.379517828629156,0.4293091025149657,0.9999999999999999
Ladon window,Sensitivity case only,150,0.6,1.2,2.0,1.1,21.222572105618816,64.21798526122893,0.33047707771099705,0.3759753125972577,1.0
Ladon window,Sensitivity case only,150,0.6,1.5,2.5,0.9,23.518644361040373,65.2024019857065,0.36070211594652707,0.4133742907626524,1.0
Ladon window,Sensitivity case only,150,0.6,1.5,2.5,1.0,22.150872144414514,70.34979038424456,0.3148676353323633,0.34321283973794314,0.9999999999999999
Ladon window,Sensitivity case only,150,0.6,1.5,2.5,1.1,21.222572105618816,73.83667271815325,0.28742589995392764,0.3000339268047438,1.0
Ladon window,Sensitivity case only,150,0.8,1.2,1.8,0.9,20.487221340294838,45.12356809242532,0.4540248523417174,0.48401479878693565,1.0
Ladon window,Sensitivity case only,150,0.8,1.2,1.8,1.0,19.84461344439148,52.72196183742185,0.3764012709843026,0.4224513930540745,1.0
Ladon window,Sensitivity case only,150,0.8,1.2,1.8,1.1,19.49435174405017,59.97953550431124,0.3250167174543882,0.36423628307559175,1.0
Ladon window,Sensitivity case only,150,0.8,1.2,2.0,0.9,20.487221340294838,50.184769365714054,0.40823583727160834,0.4566430959856222,1.0
Ladon window,Sensitivity case only,150,0.8,1.2,2.0,1.0,19.84461344439148,58.365827567113136,0.34000397615492983,0.38555260462419716,1.0
Ladon window,Sensitivity case only,150,0.8,1.2,2.0,1.1,19.49435174405017,64.21798526122893,0.30356529661823134,0.3372544614190427,1.0
Ladon window,Sensitivity case only,150,0.8,1.5,2.5,0.9,20.487221340294838,65.2024019857065,0.31420961063345476,0.3562597403074856,1.0
Ladon window,Sensitivity case only,150,0.8,1.5,2.5,1.0,19.84461344439148,70.34979038424456,0.28208489799332587,0.30876177351657913,1.0
Ladon window,Sensitivity case only,150,0.8,1.5,2.5,1.1,19.49435174405017,73.83667271815325,0.26401991078963327,0.2714825557571728,1.0
Ladon window,Sensitivity case only,150,1.0,1.2,1.8,0.9,19.519836595800065,45.12356809242532,0.43258628297784735,0.45627486105507015,1.0
Ladon window,Sensitivity case only,150,1.0,1.2,1.8,1.0,20.124754077698675,52.72196183742185,0.3817148181958244,0.41542878882251083,1.0
Ladon window,Sensitivity case only,150,1.0,1.2,1.8,1.1,21.592391637464196,59.97953550431124,0.3599959795605981,0.38893805830890243,1.0
Ladon window,Sensitivity case only,150,1.0,1.2,2.0,0.9,19.519836595800065,50.184769365714054,0.38895937637079,0.4262983301703193,1.0
Ladon window,Sensitivity case only,150,1.0,1.2,2.0,1.0,20.124754077698675,58.365827567113136,0.34480371334678356,0.377291560742227,1.0
Ladon window,Sensitivity case only,150,1.0,1.2,2.0,1.1,21.592391637464196,64.21798526122893,0.33623589325684466,0.3590987476490923,1.0
Ladon window,Sensitivity case only,150,1.0,1.5,2.5,0.9,19.519836595800065,65.2024019857065,0.29937296788666085,0.328377006727588,1.0
Ladon window,Sensitivity case only,150,1.0,1.5,2.5,1.0,20.124754077698675,70.34979038424456,0.286067008412946,0.30097361175326337,1.0
Ladon window,Sensitivity case only,150,1.0,1.5,2.5,1.1,21.592391637464196,73.83667271815325,0.29243451583857133,0.29197144471523995,1.0
Ladon window,Sensitivity case only,400,0.6,1.2,1.8,0.9,8.311397840029999,10.501040943034566,0.7914832334353503,0.8700112134664856,1.0
Ladon window,Sensitivity case only,400,0.6,1.2,1.8,1.0,8.210360769771661,11.195912612874729,0.7333355532205713,0.8284208177263445,0.9999999999999999
Ladon window,Sensitivity case only,400,0.6,1.2,1.8,1.1,8.163930784353507,11.796162364005804,0.6920836228284294,0.7994449724176894,1.0
Ladon window,Sensitivity case only,400,0.6,1.2,2.0,0.9,8.311397840029999,10.94447710191745,0.7594147954838207,0.8599891955467799,1.0
Ladon window,Sensitivity case only,400,0.6,1.2,2.0,1.0,8.210360769771661,11.635886179405235,0.705606830728842,0.7983668746637471,0.9999999999999999
Ladon window,Sensitivity case only,400,0.6,1.2,2.0,1.1,8.163930784353507,12.223154248799426,0.667907040865117,0.7707066559951121,1.0
Ladon window,Sensitivity case only,400,0.6,1.5,2.5,0.9,8.311397840029999,12.319605753920692,0.6746480371244763,0.7832963477930298,1.0
Ladon window,Sensitivity case only,400,0.6,1.5,2.5,1.0,8.210360769771661,12.844304344057809,0.639221911116583,0.7086887296906134,0.9999999999999999
Ladon window,Sensitivity case only,400,0.6,1.5,2.5,1.1,8.163930784353507,13.026596466805753,0.6267124958661886,0.6639889131052236,1.0
Ladon window,Sensitivity case only,400,0.8,1.2,1.8,0.9,8.104943236589904,10.501040943034566,0.7718228393315603,0.848434552112688,1.0
Ladon window,Sensitivity case only,400,0.8,1.2,1.8,1.0,8.099883533407032,11.195912612874729,0.7234679131107704,0.8243652161683076,1.0
Ladon window,Sensitivity case only,400,0.8,1.2,1.8,1.1,8.121006438435131,11.796162364005804,0.688444782958833,0.7825558795215195,1.0
Ladon window,Sensitivity case only,400,0.8,1.2,2.0,0.9,8.104943236589904,10.94447710191745,0.740550979376615,0.8369044951876311,1.0
Ladon window,Sensitivity case only,400,0.8,1.2,2.0,1.0,8.099883533407032,11.635886179405235,0.6961123036544739,0.7965362030344455,1.0
Ladon window,Sensitivity case only,400,0.8,1.2,2.0,1.1,8.121006438435131,12.223154248799426,0.6643953167189056,0.7524884114920021,1.0
Ladon window,Sensitivity case only,400,0.8,1.5,2.5,0.9,8.104943236589904,12.319605753920692,0.657889822002666,0.7634498754134434,1.0
Ladon window,Sensitivity case only,400,0.8,1.5,2.5,1.0,8.099883533407032,12.844304344057809,0.6306206483774499,0.7079612350214679,1.0
Ladon window,Sensitivity case only,400,0.8,1.5,2.5,1.1,8.121006438435131,13.026596466805753,0.6234173645532816,0.649277862742897,1.0
Ladon window,Sensitivity case only,400,1.0,1.2,1.8,0.9,8.12884060498071,10.501040943034566,0.7740985535698385,0.8393977271136895,1.0
Ladon window,Sensitivity case only,400,1.0,1.2,1.8,1.0,8.22402385200187,11.195912612874729,0.7345559166427097,0.8106970717611998,1.0
Ladon window,Sensitivity case only,400,1.0,1.2,1.8,1.1,8.3481210361764,11.796162364005804,0.7076980443783498,0.7764155453880303,1.0
Ladon window,Sensitivity case only,400,1.0,1.2,2.0,0.9,8.12884060498071,10.94447710191745,0.7427344887547486,0.8220401760273554,1.0
Ladon window,Sensitivity case only,400,1.0,1.2,2.0,1.0,8.22402385200187,11.635886179405235,0.7067810500379301,0.7808939428051926,1.0
Ladon window,Sensitivity case only,400,1.0,1.2,2.0,1.1,8.3481210361764,12.223154248799426,0.6829760032682531,0.7432701565662527,1.0
Ladon window,Sensitivity case only,400,1.0,1.5,2.5,0.9,8.12884060498071,12.319605753920692,0.6598296055369889,0.7415488399092103,1.0
Ladon window,Sensitivity case only,400,1.0,1.5,2.5,1.0,8.22402385200187,12.844304344057809,0.6402856574950725,0.6890012265380776,1.0
Ladon window,Sensitivity case only,400,1.0,1.5,2.5,1.1,8.3481210361764,13.026596466805753,0.6408520489176893,0.6449331545852538,1.0
