setting,density_kg_m3,caliper_multiplier,target_candidates,control_candidates,matched_pairs,target_area_fraction_matched,maximum_absolute_post_smd,coverage_gate_pass,balance_gate_pass,elevation_km_smd_before,thickness_km_smd_before,boundary_distance_km_smd_before,latitude_deg_smd_before,elevation_km_smd_after,thickness_km_smd_after,boundary_distance_km_smd_after,latitude_deg_smd_after
rho2600_caliper0.5,2600,0.5,146,324,10,0.06720828337942036,0.22567589894489315,False,False,-2.3042137194547614,-2.5070769648254,-0.04523432404242059,2.408611154501361,-0.0615594255605136,0.035507837072272695,0.11678165241356595,0.22567589894489315
rho2600_caliper1,2600,1.0,146,324,47,0.3209234860186717,0.5276327611492738,False,False,-2.3042137194547614,-2.5070769648254,-0.04523432404242059,2.408611154501361,-0.5276327611492738,-0.4172309395083202,0.03750661511286862,0.43916422116509535
rho2600_caliper2,2600,2.0,146,324,90,0.6248261391206296,1.1264983432525004,True,False,-2.3042137194547614,-2.5070769648254,-0.04523432404242059,2.408611154501361,-1.1264983432525004,-1.006376573860806,0.09096965227772652,0.7584683244125678
rho2700_caliper0.5,2700,0.5,146,324,10,0.06720828337942036,0.22567589894489315,False,False,-2.3042137194547614,-2.4988424829823854,-0.04523432404242059,2.408611154501361,-0.0615594255605136,0.05367771696746667,0.11678165241356595,0.22567589894489315
rho2700_caliper1,2700,1.0,146,324,47,0.3209234860186717,0.5275122070275113,False,False,-2.3042137194547614,-2.4988424829823854,-0.04523432404242059,2.408611154501361,-0.5275122070275113,-0.40015383392468684,0.03769548007119454,0.4390830256494718
rho2700_caliper2,2700,2.0,146,324,90,0.6239692053142284,1.1248804340432732,True,False,-2.3042137194547614,-2.4988424829823854,-0.04523432404242059,2.408611154501361,-1.1248804340432732,-0.980880541890733,0.08754868107913072,0.764921236955685
rho2800_caliper0.5,2800,0.5,146,324,9,0.05936991139210014,0.21347191123370102,False,False,-2.3042137194547614,-2.4750728027570132,-0.04523432404242059,2.408611154501361,-0.14240780186770607,-0.0003829124923186469,0.10776153037612021,0.21347191123370102
rho2800_caliper1,2800,1.0,146,324,46,0.31422663410052815,0.4910676059861253,False,False,-2.3042137194547614,-2.4750728027570132,-0.04523432404242059,2.408611154501361,-0.4910676059861253,-0.3385657344210454,0.04094945942435239,0.4385949836976359
rho2800_caliper2,2800,2.0,146,324,88,0.6104600404843514,1.0975641946491357,True,False,-2.3042137194547614,-2.4750728027570132,-0.04523432404242059,2.408611154501361,-1.0975641946491357,-0.9152870325392164,0.06122226202314865,0.7667918339332465
rho2900_caliper0.5,2900,0.5,146,324,9,0.05953373756764697,0.1962843098421721,False,False,-2.3042137194547614,-2.42220772349529,-0.04523432404242059,2.408611154501361,-0.1812771138405164,-0.05073174531244891,0.11274758184915676,0.1962843098421721
rho2900_caliper1,2900,1.0,146,324,44,0.2988961689388867,0.4635650028343053,False,False,-2.3042137194547614,-2.42220772349529,-0.04523432404242059,2.408611154501361,-0.4635650028343053,-0.28455193881059987,0.0678178564691381,0.42408382099504055
rho2900_caliper2,2900,2.0,146,324,80,0.5512616521357975,0.9888583173128581,True,False,-2.3042137194547614,-2.42220772349529,-0.04523432404242059,2.408611154501361,-0.9888583173128581,-0.7538313318307402,0.0010194899307567576,0.7762933781274683
