setting,target_id,control_id,epoch_rank,squared_scaled_cost,elevation_km_difference,thickness_km_difference,boundary_distance_km_difference,latitude_deg_difference,pair_target_area_weight
rho2600_caliper0.5,r50c170,r48c165,2.0,2.149011439046695,0.4999999999999998,1.629999999999999,21.725085607142432,4.0,0.981627183447664
rho2600_caliper0.5,r52c166,r50c162,2.0,0.9139018855565135,0.16999999999999993,-0.843,15.83868701172507,4.0,0.9659258262890683
rho2600_caliper0.5,r61c015,r61c024,2.0,0.3274700435195581,-0.17599999999999993,-0.13700000000000045,-33.58819576573762,0.0,0.838670567945424
rho2600_caliper0.5,r62c012,r61c030,2.0,1.4388362402593677,-0.44599999999999995,-1.532,24.607361733004723,2.0,0.8191520442889918
rho2600_caliper0.5,r62c016,r61c025,2.0,0.2862505885607086,-0.15700000000000003,-0.3949999999999996,3.890316266576008,2.0,0.8191520442889918
rho2600_caliper0.5,r62c018,r60c026,2.0,0.7754174451129052,-0.061000000000000054,0.8559999999999981,4.305604343189657,4.0,0.8191520442889918
rho2600_caliper0.5,r63c018,r61c027,2.0,1.3863205367360845,-0.29300000000000004,0.2989999999999995,46.75456789598718,4.0,0.7986355100472928
rho2600_caliper0.5,r63c019,r61c026,2.0,1.0496700676886457,-0.08400000000000007,1.1430000000000007,31.142094193368393,4.0,0.7986355100472928
rho2600_caliper0.5,r63c021,r62c025,2.0,0.3103425600621561,-0.14,0.607999999999997,8.484061547963393,2.0,0.7986355100472928
rho2600_caliper0.5,r64c021,r63c026,2.0,0.4248861254828017,-0.088,-0.33200000000000074,34.878974409244876,2.0,0.7771459614569709
rho2600_caliper1,r50c167,r47c163,1.0,0.732655413063007,0.19200000000000017,0.25,-86.59709460436682,6.0,0.981627183447664
rho2600_caliper1,r50c170,r46c161,2.0,0.7674418745390575,0.1539999999999997,-0.7959999999999994,41.99497323643385,8.0,0.981627183447664
rho2600_caliper1,r51c166,r48c161,2.0,1.1175231992035723,0.8599999999999999,-0.639999999999997,-5.884894398405578,6.0,0.9743700647852352
rho2600_caliper1,r51c167,r47c162,2.0,1.6984833976028615,-0.3160000000000003,-1.3030000000000008,-141.5665509435911,8.0,0.9743700647852352
rho2600_caliper1,r51c170,r47c053,1.0,2.094223031564785,-0.9400000000000002,-3.4499999999999993,-46.116897230924565,8.0,0.9743700647852352
rho2600_caliper1,r52c166,r49c162,2.0,1.6335525901316559,0.9410000000000003,2.027000000000001,-70.94895825847088,6.0,0.9659258262890683
rho2600_caliper1,r52c167,r48c159,2.0,1.4800905838379614,-0.6560000000000001,-3.0,-33.458603323422295,8.0,0.9659258262890683
rho2600_caliper1,r52c168,r47c160,2.0,2.799339182571942,-0.7260000000000002,-2.660999999999998,-149.1747053218765,10.0,0.9659258262890683
rho2600_caliper1,r52c171,r48c165,2.0,1.2323507469132722,0.585,1.7219999999999978,-54.3973685535305,8.0,0.9659258262890683
rho2600_caliper1,r53c168,r50c162,2.0,0.4029646878691647,0.07599999999999962,0.2629999999999981,-27.829721109925046,6.0,0.9563047559630354
rho2600_caliper1,r53c170,r48c160,2.0,1.1753160796543616,0.016999999999999904,0.18200000000000216,62.51637939150933,10.0,0.9563047559630354
rho2600_caliper1,r54c169,r49c159,2.0,1.7677150942890774,-0.03500000000000014,-3.8810000000000002,60.74604696195661,10.0,0.9455185755993168
rho2600_caliper1,r54c170,r50c051,2.0,1.5944093761272902,-0.8759999999999999,-1.8020000000000032,-35.8575983978852,8.0,0.9455185755993168
rho2600_caliper1,r54c171,r49c052,2.0,2.3419498865050326,-0.9779999999999998,-2.9979999999999976,24.161515812615335,10.0,0.9455185755993168
rho2600_caliper1,r57c172,r57c040,2.0,0.8453413096598927,-0.726,-2.6700000000000017,27.293945617070065,0.0,0.9063077870366499
rho2600_caliper1,r60c013,r61c024,2.0,1.1845026668507956,-0.9019999999999999,-2.8190000000000026,-17.12118874794885,-2.0,0.8571673007021123
rho2600_caliper1,r61c009,r56c039,2.0,3.2927215551933546,-0.889,-3.843,143.22090766312886,10.0,0.838670567945424
rho2600_caliper1,r61c012,r60c026,2.0,1.317995215417994,-0.776,-2.812000000000001,-89.9406623663894,2.0,0.838670567945424
rho2600_caliper1,r61c013,r60c029,2.0,1.342459118087996,-0.9850000000000001,-2.629000000000005,35.42302580215136,2.0,0.838670567945424
rho2600_caliper1,r61c015,r56c038,2.0,2.4314333885724646,-0.7689999999999999,-0.5850000000000009,136.35844764032942,10.0,0.838670567945424
rho2600_caliper1,r62c009,r61c032,2.0,1.0622760240653482,-0.708,-2.0090000000000003,89.94608185724564,2.0,0.8191520442889918
rho2600_caliper1,r62c012,r62c028,2.0,1.5336248897270315,-0.939,-2.5549999999999997,93.7689448530707,0.0,0.8191520442889918
rho2600_caliper1,r62c013,r61c029,2.0,0.5151589132723772,-0.567,-1.4239999999999995,40.405131464066386,2.0,0.8191520442889918
rho2600_caliper1,r62c014,r61c026,2.0,1.085597827030376,-0.834,-2.7429999999999986,-33.2309645990523,2.0,0.8191520442889918
rho2600_caliper1,r62c015,r60c028,2.0,0.9850562712540071,-0.7839999999999999,-2.1839999999999975,21.003230780410206,4.0,0.8191520442889918
rho2600_caliper1,r62c016,r59c030,2.0,1.3890685745312839,-0.76,-3.280999999999999,-21.669749120695826,6.0,0.8191520442889918
rho2600_caliper1,r62c017,r61c025,2.0,0.3818257323635136,-0.5449999999999999,-1.0449999999999982,5.019360335646354,2.0,0.8191520442889918
rho2600_caliper1,r62c018,r59c028,2.0,1.335092456924974,-0.8550000000000001,-2.280999999999999,-28.44033897146653,6.0,0.8191520442889918
rho2600_caliper1,r62c019,r59c032,1.0,1.5844561567235074,-0.826,-2.0230000000000032,92.28097001158426,6.0,0.8191520442889918
rho2600_caliper1,r62c020,r59c031,1.0,1.2976725775983797,-0.85,-1.9840000000000018,36.03821022142387,6.0,0.8191520442889918
rho2600_caliper1,r62c021,r59c029,2.0,0.4418373657232386,-0.131,-0.6120000000000019,33.43843041730378,6.0,0.8191520442889918
rho2600_caliper1,r63c013,r61c031,2.0,1.4014100463255037,-0.9039999999999999,-2.8550000000000004,-46.99407986463655,4.0,0.7986355100472928
rho2600_caliper1,r63c016,r61c027,2.0,1.1914457427492189,-0.903,-2.247,17.796589894061754,4.0,0.7986355100472928
rho2600_caliper1,r63c017,r60c030,2.0,1.039040286223953,-0.782,-1.1260000000000012,-19.4429431938413,6.0,0.7986355100472928
rho2600_caliper1,r63c018,r60c032,2.0,1.0036833749646705,-0.724,-1.1940000000000026,37.49458009772985,6.0,0.7986355100472928
rho2600_caliper1,r63c019,r60c027,2.0,0.5558136087650644,-0.42600000000000005,-0.044000000000004036,-17.912392280595782,6.0,0.7986355100472928
rho2600_caliper1,r63c020,r62c025,2.0,0.08443567323790374,-0.20199999999999999,-0.2560000000000002,4.7676249698182005,2.0,0.7986355100472928
rho2600_caliper1,r63c021,r58c033,2.0,1.464485768203665,-0.439,-1.4370000000000047,-65.23982820779383,10.0,0.7986355100472928
rho2600_caliper1,r64c015,r61c030,2.0,1.0159826297446122,-0.6760000000000002,-2.219000000000001,6.7885395523456395,6.0,0.7771459614569709
rho2600_caliper1,r64c016,r63c027,2.0,1.2244826886733957,-0.976,-1.564,54.92189085557234,2.0,0.7771459614569709
rho2600_caliper1,r64c017,r64c027,2.0,1.0695633296515923,-0.8049999999999999,-0.16999999999999815,97.25534647082819,0.0,0.7771459614569709
rho2600_caliper1,r64c018,r62c027,2.0,1.155684508772754,-0.8849999999999999,-1.9760000000000026,35.58399285334579,4.0,0.7771459614569709
rho2600_caliper1,r64c019,r61c028,2.0,1.3369708564890166,-0.937,-1.5,14.231717078514038,6.0,0.7771459614569709
rho2600_caliper1,r64c020,r63c026,2.0,0.8503370101963987,-0.8220000000000001,-1.5480000000000018,29.546897119984777,2.0,0.7771459614569709
rho2600_caliper1,r64c021,r60c035,2.0,1.2175235170733736,-0.297,-0.5899999999999963,103.42285353900706,8.0,0.7771459614569709
rho2600_caliper1,r64c022,r62c026,2.0,0.960134824369607,-0.66,-3.0180000000000042,2.131184721259956,4.0,0.7771459614569709
rho2600_caliper1,r65c020,r61c033,2.0,1.7886991738849387,-0.92,-2.6990000000000016,-15.671327716920189,8.0,0.754709580222772
rho2600_caliper2,r50c167,r47c163,1.0,0.18316385326575174,0.19200000000000017,0.25,-86.59709460436682,6.0,0.981627183447664
rho2600_caliper2,r50c168,r47c054,1.0,0.8936258741772657,-1.3969999999999998,-5.610000000000003,-9.499272390762712,6.0,0.981627183447664
rho2600_caliper2,r50c169,r46c056,1.0,1.6805214182288184,-1.944,-7.556000000000001,20.797722004913,8.0,0.981627183447664
rho2600_caliper2,r50c170,r45c159,2.0,1.055701318939918,-1.3530000000000002,-5.842000000000002,24.664723890459186,10.0,0.981627183447664
rho2600_caliper2,r51c166,r48c161,2.0,0.2793807998008931,0.8599999999999999,-0.639999999999997,-5.884894398405578,6.0,0.9743700647852352
rho2600_caliper2,r51c167,r47c162,2.0,0.42462084940071537,-0.3160000000000003,-1.3030000000000008,-141.5665509435911,8.0,0.9743700647852352
rho2600_caliper2,r51c169,r48c056,1.0,1.5561437002133924,-1.973,-5.8679999999999986,115.65659911654552,6.0,0.9743700647852352
rho2600_caliper2,r51c170,r47c056,1.0,1.6442986921606502,-1.947,-6.602,95.21510486502922,8.0,0.9743700647852352
rho2600_caliper2,r51c171,r47c053,1.0,0.5935075020617274,-0.9410000000000001,-4.390999999999998,41.708030228667894,8.0,0.9743700647852352
rho2600_caliper2,r52c166,r47c158,2.0,1.2141624419184651,-1.3769999999999998,-6.366,-87.39769374910232,10.0,0.9659258262890683
rho2600_caliper2,r52c167,r42c067,2.0,2.52283278266765,-1.593,-8.974999999999998,86.38452083613427,20.0,0.9659258262890683
rho2600_caliper2,r52c168,r47c160,2.0,0.6998347956429855,-0.7260000000000002,-2.660999999999998,-149.1747053218765,10.0,0.9659258262890683
rho2600_caliper2,r52c171,r45c158,2.0,1.7950398100962857,-1.638,-7.964000000000002,-1.5252896989387636,14.0,0.9659258262890683
rho2600_caliper2,r53c168,r43c066,2.0,1.975090769649956,-0.9050000000000002,-8.579999999999998,55.45580915013355,20.0,0.9563047559630354
rho2600_caliper2,r53c170,r46c158,2.0,1.2794892648947696,-1.237,-6.1270000000000024,-53.28334862346048,14.0,0.9563047559630354
rho2600_caliper2,r53c171,r56c037,1.0,1.2966355081315437,-1.941,-5.135999999999999,9.392913916294617,-6.0,0.9563047559630354
rho2600_caliper2,r54c169,r46c060,2.0,2.281775182904529,-1.87,-8.614,47.94392622019558,16.0,0.9455185755993168
rho2600_caliper2,r54c170,r46c157,2.0,1.9562428887928838,-1.7189999999999999,-7.411000000000005,-50.44411354518448,16.0,0.9455185755993168
rho2600_caliper2,r54c171,r46c159,2.0,1.1971024432391055,-1.0499999999999998,-5.1030000000000015,-43.54792522634682,16.0,0.9455185755993168
rho2600_caliper2,r55c169,r47c157,2.0,1.623680119788611,-1.7349999999999999,-3.997,-80.14200010590567,16.0,0.9335804264972017
rho2600_caliper2,r55c170,r58c039,1.0,1.5385496918019257,-1.8900000000000001,-6.920000000000002,83.06300176476452,-6.0,0.9335804264972017
rho2600_caliper2,r55c171,r60c034,1.0,1.7146834491282141,-1.981,-6.827999999999999,39.54696349328549,-10.0,0.9335804264972017
rho2600_caliper2,r55c172,r59c035,1.0,1.9581008672460847,-1.9449999999999998,-8.328999999999997,119.48221060956169,-8.0,0.9335804264972017
rho2600_caliper2,r55c173,r46c161,2.0,0.8849065977146593,0.02799999999999958,-1.2469999999999999,-72.96879945784588,18.0,0.9335804264972017
rho2600_caliper2,r55c174,r60c033,1.0,1.9062987683240338,-1.857,-6.260999999999999,190.2542450227144,-10.0,0.9335804264972017
rho2600_caliper2,r56c171,r61c034,1.0,1.3554730712937926,-1.828,-4.729000000000003,64.65167837296492,-10.0,0.9205048534524404
rho2600_caliper2,r56c173,r48c054,2.0,1.9851688688460387,-1.913,-6.556000000000001,6.470957899991106,16.0,0.9205048534524404
rho2600_caliper2,r56c177,r46c160,2.0,1.1726329452150241,-0.6649999999999998,-2.2379999999999995,32.8500071438682,20.0,0.9205048534524404
rho2600_caliper2,r57c172,r47c155,2.0,2.815339666667101,-1.821,-9.668000000000003,68.1648435781894,20.0,0.9063077870366499
rho2600_caliper2,r57c173,r47c156,2.0,2.2169779304118737,-1.646,-7.096,57.01323826155331,20.0,0.9063077870366499
rho2600_caliper2,r57c175,r47c159,2.0,1.2363145622421348,-0.7569999999999999,-2.899000000000001,-28.4767835577008,20.0,0.9063077870366499
rho2600_caliper2,r57c176,r48c053,2.0,1.8538345099150029,-1.7420000000000002,-5.042000000000002,-52.799889131987925,18.0,0.9063077870366499
rho2600_caliper2,r57c177,r48c052,2.0,1.2887016561690667,-1.169,-3.490000000000002,-37.05990495422225,18.0,0.9063077870366499
rho2600_caliper2,r57c178,r48c165,2.0,0.8730760425145397,0.3340000000000001,1.693999999999999,-24.169431650507875,18.0,0.9063077870366499
rho2600_caliper2,r58c172,r48c157,2.0,1.5140438826740623,-1.3359999999999999,-2.599,4.9465685748403985,20.0,0.8910065241883679
rho2600_caliper2,r58c173,r48c158,2.0,1.3500396342108407,-0.9219999999999999,-3.4720000000000013,-39.08160026119282,20.0,0.8910065241883679
rho2600_caliper2,r58c174,r48c159,2.0,1.3025243704746055,-0.7640000000000002,-2.9450000000000003,-79.29887037476941,20.0,0.8910065241883679
rho2600_caliper2,r58c175,r48c160,2.0,1.0596931843827748,-0.2799999999999998,-0.3299999999999983,-59.248431156020786,20.0,0.8910065241883679
rho2600_caliper2,r58c176,r49c055,2.0,2.1003631986809403,-1.8240000000000003,-6.230000000000004,79.64997100617518,18.0,0.8910065241883679
rho2600_caliper2,r59c000,r49c053,2.0,2.4335162286020107,-1.9309999999999998,-5.2429999999999986,142.75571433109423,20.0,0.8746197071393957
rho2600_caliper2,r59c001,r49c162,2.0,2.0145953535617633,1.0780000000000003,2.1630000000000003,246.8926481703307,20.0,0.8746197071393957
rho2600_caliper2,r59c002,r49c052,2.0,1.980756641296003,-1.2970000000000002,-3.942999999999998,190.8556289886161,20.0,0.8746197071393957
rho2600_caliper2,r59c175,r49c159,2.0,1.0742886662938713,-0.1379999999999999,-2.6320000000000014,-4.7758105540743685,20.0,0.8746197071393957
rho2600_caliper2,r59c179,r49c054,2.0,2.4897855110386526,-1.762,-5.722999999999999,186.41016574607383,20.0,0.8746197071393957
rho2600_caliper2,r60c000,r50c051,2.0,1.558932595159976,-1.298,-3.5150000000000006,35.723116666912176,20.0,0.8571673007021123
rho2600_caliper2,r60c012,r55c038,2.0,0.7567584985075281,-1.124,-4.166,39.52599733944129,10.0,0.8571673007021123
rho2600_caliper2,r60c013,r55c036,2.0,1.3022362297114574,-1.808,-4.841000000000001,-7.750340252605781,10.0,0.8571673007021123
rho2600_caliper2,r60c179,r50c162,2.0,1.3248001299456866,0.266,-1.2330000000000005,162.0855995920421,20.0,0.8571673007021123
rho2600_caliper2,r61c004,r60c031,1.0,0.9365796137783202,-1.4730000000000003,-5.878,58.97005290864848,2.0,0.838670567945424
rho2600_caliper2,r61c006,r60c026,2.0,0.562818354562278,-1.2959999999999998,-3.6099999999999994,-15.2774968697438,2.0,0.838670567945424
rho2600_caliper2,r61c007,r61c024,2.0,0.3488374698040507,-0.99,-2.937000000000001,-39.74607128213506,0.0,0.838670567945424
rho2600_caliper2,r61c009,r61c025,2.0,0.6434244218244858,-1.3,-4.693999999999999,-7.274995821560367,0.0,0.838670567945424
rho2600_caliper2,r61c012,r56c038,2.0,0.6994282486684953,-1.208,-2.828000000000003,20.427353723979195,10.0,0.838670567945424
rho2600_caliper2,r61c013,r60c028,2.0,0.38727118404169186,-1.095,-2.774000000000001,7.125704439019557,2.0,0.838670567945424
rho2600_caliper2,r61c014,r61c026,2.0,0.6478555989086071,-1.4940000000000002,-2.1229999999999976,63.480530887624354,0.0,0.838670567945424
rho2600_caliper2,r61c015,r59c028,2.0,0.49764168710225454,-1.131,-3.705999999999996,-6.75551176469537,4.0,0.838670567945424
rho2600_caliper2,r61c177,r57c040,2.0,0.5673447815248409,-1.1070000000000002,-2.9480000000000004,-35.59205300675501,8.0,0.838670567945424
rho2600_caliper2,r62c005,r56c039,2.0,0.8202680093150148,-1.0159999999999998,-4.431000000000001,22.97772700576212,12.0,0.8191520442889918
rho2600_caliper2,r62c009,r61c027,2.0,0.6646845318247644,-1.331,-4.523,25.489395132658387,2.0,0.8191520442889918
rho2600_caliper2,r62c012,r57c039,2.0,0.8141001102026139,-1.285,-3.3200000000000003,60.79710040976673,10.0,0.8191520442889918
rho2600_caliper2,r62c013,r57c038,2.0,0.8736021767266638,-1.51,-2.2049999999999983,21.121633587385162,10.0,0.8191520442889918
rho2600_caliper2,r62c014,r60c029,2.0,0.44619694529290344,-1.069,-3.4020000000000046,-20.72097913616261,4.0,0.8191520442889918
rho2600_caliper2,r62c015,r60c027,2.0,0.26005629254107543,-0.7809999999999999,-2.567,-12.263919793311857,4.0,0.8191520442889918
rho2600_caliper2,r62c016,r56c036,2.0,0.7684795697085858,-1.034,-3.4099999999999966,47.34829747491182,12.0,0.8191520442889918
rho2600_caliper2,r62c017,r59c030,2.0,0.5786916162668649,-1.148,-3.9309999999999974,-20.54070505162548,6.0,0.8191520442889918
rho2600_caliper2,r62c018,r59c029,2.0,0.35557881236569644,-0.911,-2.4040000000000035,-5.251305829283012,6.0,0.8191520442889918
rho2600_caliper2,r62c019,r59c032,1.0,0.39611403918087684,-0.826,-2.0230000000000032,92.28097001158426,6.0,0.8191520442889918
rho2600_caliper2,r62c020,r59c031,1.0,0.32441814439959493,-0.85,-1.9840000000000018,36.03821022142387,6.0,0.8191520442889918
rho2600_caliper2,r62c021,r57c033,2.0,0.39834748117891355,-0.456,-3.103999999999999,1.1742683263314007,10.0,0.8191520442889918
rho2600_caliper2,r63c012,r61c030,2.0,0.3707369775348519,-0.8440000000000001,-2.387999999999998,-92.77110745343441,4.0,0.7986355100472928
rho2600_caliper2,r63c013,r61c031,2.0,0.3503525115813759,-0.9039999999999999,-2.8550000000000004,-46.99407986463655,4.0,0.7986355100472928
rho2600_caliper2,r63c014,r61c032,2.0,0.3158967492959155,-0.8999999999999999,-2.6709999999999994,13.597445959899915,4.0,0.7986355100472928
rho2600_caliper2,r63c016,r60c030,2.0,0.45412308945495694,-1.054,-2.855000000000004,-20.965341660609965,6.0,0.7986355100472928
rho2600_caliper2,r63c017,r62c025,2.0,0.4501330078974283,-1.173,-2.596,-50.8750804497501,2.0,0.7986355100472928
rho2600_caliper2,r63c018,r57c035,2.0,0.8542263936176772,-1.189,-3.716000000000001,15.616098283211954,12.0,0.7986355100472928
rho2600_caliper2,r63c019,r58c033,2.0,0.6417442866373653,-1.021,-3.1380000000000052,-54.21921889296124,10.0,0.7986355100472928
rho2600_caliper2,r63c020,r56c035,2.0,0.7380562136876735,-0.74,-2.796999999999997,-54.435017515296465,14.0,0.7986355100472928
rho2600_caliper2,r63c021,r57c034,2.0,0.5068161077602209,-0.595,-2.216000000000001,-28.78014590685524,12.0,0.7986355100472928
rho2600_caliper2,r64c013,r62c028,2.0,0.5790906862513074,-1.25,-3.5700000000000003,-43.49139871994994,4.0,0.7771459614569709
rho2600_caliper2,r64c015,r61c029,2.0,0.2875018053438744,-0.7310000000000001,-2.525000000000002,-3.7386469408971266,6.0,0.7771459614569709
rho2600_caliper2,r64c016,r60c035,2.0,0.9254241770255816,-1.539,-3.9179999999999957,42.19954777367133,8.0,0.7771459614569709
rho2600_caliper2,r64c017,r62c027,2.0,0.4039023205052642,-1.1429999999999998,-1.9299999999999997,-1.9225882226295141,4.0,0.7771459614569709
rho2600_caliper2,r64c018,r62c026,2.0,0.41499826521594363,-1.0359999999999998,-2.9420000000000037,-42.55415689958991,4.0,0.7771459614569709
rho2600_caliper2,r64c019,r61c028,2.0,0.33424271412225415,-0.937,-1.5,14.231717078514038,6.0,0.7771459614569709
rho2600_caliper2,r64c020,r63c026,2.0,0.21258425254909968,-0.8220000000000001,-1.5480000000000018,29.546897119984777,2.0,0.7771459614569709
rho2600_caliper2,r64c021,r57c036,2.0,0.6269576610424688,-0.589,-2.195999999999998,-13.427307765229813,14.0,0.7771459614569709
rho2600_caliper2,r64c022,r60c032,2.0,0.4262697857109126,-0.83,-2.964000000000002,-23.60644644969085,8.0,0.7771459614569709
rho2600_caliper2,r65c017,r64c027,2.0,0.40066629715286894,-1.208,-1.556000000000001,-12.145136629869853,2.0,0.754709580222772
rho2600_caliper2,r65c019,r63c027,2.0,0.647963612145768,-1.319,-4.010999999999999,33.05743022558059,4.0,0.754709580222772
rho2600_caliper2,r65c020,r61c033,2.0,0.4471747934712347,-0.92,-2.6990000000000016,-15.671327716920189,8.0,0.754709580222772
rho2700_caliper0.5,r50c170,r48c165,2.0,2.374833679046695,0.4999999999999998,2.0169999999999995,21.725085607142432,4.0,0.981627183447664
rho2700_caliper0.5,r52c166,r50c162,2.0,0.8790466855565131,0.16999999999999993,-0.7019999999999982,15.83868701172507,4.0,0.9659258262890683
rho2700_caliper0.5,r61c015,r61c024,2.0,0.3264030035195581,-0.17599999999999993,-0.10999999999999943,-33.58819576573762,0.0,0.838670567945424
rho2700_caliper0.5,r62c012,r61c030,2.0,1.4821802402593653,-0.44599999999999995,-1.617999999999995,24.607361733004723,2.0,0.8191520442889918
rho2700_caliper0.5,r62c016,r61c025,2.0,0.2914235485607083,-0.15700000000000003,-0.4339999999999975,3.890316266576008,2.0,0.8191520442889918
rho2700_caliper0.5,r62c018,r60c026,2.0,0.847578725112906,-0.061000000000000054,1.088000000000001,4.305604343189657,4.0,0.8191520442889918
rho2700_caliper0.5,r63c018,r61c027,2.0,1.3894403767360846,-0.29300000000000004,0.3299999999999983,46.75456789598718,4.0,0.7986355100472928
rho2700_caliper0.5,r63c019,r61c026,2.0,1.1646268676886462,-0.08400000000000007,1.4230000000000018,31.142094193368393,4.0,0.7986355100472928
rho2700_caliper0.5,r63c021,r62c025,2.0,0.3355284800621564,-0.14,0.7259999999999991,8.484061547963393,2.0,0.7986355100472928
rho2700_caliper0.5,r64c021,r63c026,2.0,0.43780532548280127,-0.088,-0.4369999999999976,34.878974409244876,2.0,0.7771459614569709
rho2700_caliper1,r50c167,r47c163,1.0,0.730539573063007,0.19200000000000017,0.09800000000000253,-86.59709460436682,6.0,0.981627183447664
rho2700_caliper1,r50c170,r46c161,2.0,0.7614738745390575,0.1539999999999997,-0.695999999999998,41.99497323643385,8.0,0.981627183447664
rho2700_caliper1,r51c166,r48c161,2.0,1.1142723592035724,0.8599999999999999,-0.5730000000000004,-5.884894398405578,6.0,0.9743700647852352
rho2700_caliper1,r51c167,r47c162,2.0,1.6922735976028616,-0.3160000000000003,-1.2420000000000009,-141.5665509435911,8.0,0.9743700647852352
rho2700_caliper1,r51c170,r47c053,1.0,2.261647871564786,-0.9400000000000002,-4.011000000000003,-46.116897230924565,8.0,0.9743700647852352
rho2700_caliper1,r52c166,r49c162,2.0,1.6695491901316557,0.9410000000000003,2.2379999999999995,-70.94895825847088,6.0,0.9659258262890683
rho2700_caliper1,r52c167,r48c159,2.0,1.6364765438379605,-0.6560000000000001,-3.5929999999999964,-33.458603323422295,8.0,0.9659258262890683
rho2700_caliper1,r52c168,r47c160,2.0,2.930838342571942,-0.7260000000000002,-3.219999999999999,-149.1747053218765,10.0,0.9659258262890683
rho2700_caliper1,r52c171,r48c165,2.0,1.2928376269132724,0.585,2.1159999999999997,-54.3973685535305,8.0,0.9659258262890683
rho2700_caliper1,r53c168,r50c162,2.0,0.40426836786916476,0.07599999999999962,0.3190000000000026,-27.829721109925046,6.0,0.9563047559630354
rho2700_caliper1,r53c170,r48c160,2.0,1.1776634796543615,0.016999999999999904,0.3030000000000008,62.51637939150933,10.0,0.9563047559630354
rho2700_caliper1,r54c169,r49c159,2.0,1.7519846542890778,-0.03500000000000014,-3.830000000000002,60.74604696195661,10.0,0.9455185755993168
rho2700_caliper1,r54c170,r50c051,2.0,1.6309852161272895,-0.8759999999999999,-2.039999999999999,-35.8575983978852,8.0,0.9455185755993168
rho2700_caliper1,r54c171,r49c052,2.0,2.463233286505033,-0.9779999999999998,-3.4669999999999987,24.161515812615335,10.0,0.9455185755993168
rho2700_caliper1,r57c172,r57c040,2.0,0.9288771496598928,-0.726,-3.0360000000000014,27.293945617070065,0.0,0.9063077870366499
rho2700_caliper1,r60c013,r61c024,2.0,1.2888722668507957,-0.9019999999999999,-3.2490000000000023,-17.12118874794885,-2.0,0.8571673007021123
rho2700_caliper1,r61c009,r56c039,2.0,3.5033586351933557,-0.889,-4.476000000000003,143.22090766312886,10.0,0.838670567945424
rho2700_caliper1,r61c012,r60c026,2.0,1.396839415417994,-0.776,-3.1430000000000007,-89.9406623663894,2.0,0.838670567945424
rho2700_caliper1,r61c013,r60c029,2.0,1.4709984380879937,-0.9850000000000001,-3.181999999999995,35.42302580215136,2.0,0.838670567945424
rho2700_caliper1,r61c015,r56c038,2.0,2.4383079485724646,-0.7689999999999999,-0.7169999999999987,136.35844764032942,10.0,0.838670567945424
rho2700_caliper1,r62c009,r61c032,2.0,1.1071304240653477,-0.708,-2.2709999999999972,89.94608185724564,2.0,0.8191520442889918
rho2700_caliper1,r62c012,r62c028,2.0,1.5769871297270317,-0.939,-2.7590000000000003,93.7689448530707,0.0,0.8191520442889918
rho2700_caliper1,r62c013,r61c029,2.0,0.5398029132723778,-0.567,-1.6260000000000048,40.405131464066386,2.0,0.8191520442889918
rho2700_caliper1,r62c014,r61c026,2.0,1.1687879070303755,-0.834,-3.0989999999999966,-33.2309645990523,2.0,0.8191520442889918
rho2700_caliper1,r62c015,r60c028,2.0,1.0686284712540073,-0.7839999999999999,-2.6189999999999998,21.003230780410206,4.0,0.8191520442889918
rho2700_caliper1,r62c016,r60c027,2.0,0.6271609517521374,-0.524,-1.9889999999999972,27.796627752716688,4.0,0.8191520442889918
rho2700_caliper1,r62c017,r61c025,2.0,0.37531657236351357,-0.5449999999999999,-0.9639999999999986,5.019360335646354,2.0,0.8191520442889918
rho2700_caliper1,r62c018,r59c028,2.0,1.4019693769249741,-0.8550000000000001,-2.622,-28.44033897146653,6.0,0.8191520442889918
rho2700_caliper1,r62c019,r59c032,1.0,1.6519236367235077,-0.826,-2.4040000000000035,92.28097001158426,6.0,0.8191520442889918
rho2700_caliper1,r62c020,r59c031,1.0,1.2991042975983798,-0.85,-1.993000000000002,36.03821022142387,6.0,0.8191520442889918
rho2700_caliper1,r62c021,r59c029,2.0,0.4413999657232386,-0.131,-0.6030000000000015,33.43843041730378,6.0,0.8191520442889918
rho2700_caliper1,r63c013,r61c031,2.0,1.4607616863255046,-0.9039999999999999,-3.1040000000000028,-46.99407986463655,4.0,0.7986355100472928
rho2700_caliper1,r63c016,r61c027,2.0,1.2499935427492188,-0.903,-2.5519999999999996,17.796589894061754,4.0,0.7986355100472928
rho2700_caliper1,r63c017,r60c030,2.0,1.052638206223953,-0.782,-1.2680000000000007,-19.4429431938413,6.0,0.7986355100472928
rho2700_caliper1,r63c018,r60c032,2.0,1.03451089496467,-0.724,-1.4819999999999993,37.49458009772985,6.0,0.7986355100472928
rho2700_caliper1,r63c019,r59c030,2.0,1.4100496281204071,-0.662,-1.8030000000000044,-67.3787691540083,8.0,0.7986355100472928
rho2700_caliper1,r63c020,r62c025,2.0,0.0846657932379038,-0.20199999999999999,-0.267000000000003,4.7676249698182005,2.0,0.7986355100472928
rho2700_caliper1,r63c021,r58c033,2.0,1.4894710082036646,-0.439,-1.6400000000000006,-65.23982820779383,10.0,0.7986355100472928
rho2700_caliper1,r64c015,r61c030,2.0,1.0642472297446117,-0.6760000000000002,-2.475999999999999,6.7885395523456395,6.0,0.7771459614569709
rho2700_caliper1,r64c016,r63c027,2.0,1.243056288673396,-0.976,-1.706000000000003,54.92189085557234,2.0,0.7771459614569709
rho2700_caliper1,r64c017,r64c027,2.0,1.0733073296515925,-0.8049999999999999,0.3500000000000014,97.25534647082819,0.0,0.7771459614569709
rho2700_caliper1,r64c018,r62c027,2.0,1.2200256287727536,-0.8849999999999999,-2.347999999999999,35.58399285334579,4.0,0.7771459614569709
rho2700_caliper1,r64c019,r61c028,2.0,1.3639348564890166,-0.937,-1.7100000000000009,14.231717078514038,6.0,0.7771459614569709
rho2700_caliper1,r64c020,r63c026,2.0,0.8928688501963985,-0.8220000000000001,-1.8599999999999994,29.546897119984777,2.0,0.7771459614569709
rho2700_caliper1,r64c021,r60c035,2.0,1.2173353570733738,-0.297,-0.5859999999999985,103.42285353900706,8.0,0.7771459614569709
rho2700_caliper1,r64c022,r62c026,2.0,0.9977578643696046,-0.66,-3.1699999999999946,2.131184721259956,4.0,0.7771459614569709
rho2700_caliper1,r65c020,r61c033,2.0,1.8672223738849378,-0.92,-3.040999999999997,-15.671327716920189,8.0,0.754709580222772
rho2700_caliper2,r50c167,r47c163,1.0,0.18263489326575175,0.19200000000000017,0.09800000000000253,-86.59709460436682,6.0,0.981627183447664
rho2700_caliper2,r50c168,r47c054,1.0,1.0008850341772657,-1.3969999999999998,-6.496000000000002,-9.499272390762712,6.0,0.981627183447664
rho2700_caliper2,r50c169,r46c056,1.0,1.8609322982288186,-1.944,-8.668000000000003,20.797722004913,8.0,0.981627183447664
rho2700_caliper2,r50c170,r45c159,2.0,1.1680139289399176,-1.3530000000000002,-6.734999999999999,24.664723890459186,10.0,0.981627183447664
rho2700_caliper2,r51c166,r47c162,2.0,0.6290408247688781,-0.5950000000000002,-3.0749999999999993,-160.4308238126297,8.0,0.9743700647852352
rho2700_caliper2,r51c167,r46c161,2.0,0.8550471938639143,-0.40400000000000036,-2.7719999999999985,-209.44283670670688,10.0,0.9743700647852352
rho2700_caliper2,r51c169,r48c056,1.0,1.686117150213393,-1.973,-6.8870000000000005,115.65659911654552,6.0,0.9743700647852352
rho2700_caliper2,r51c170,r47c056,1.0,1.8265450921606505,-1.947,-7.862000000000002,95.21510486502922,8.0,0.9743700647852352
rho2700_caliper2,r51c171,r47c053,1.0,0.6450311820617274,-0.9410000000000001,-4.942999999999998,41.708030228667894,8.0,0.9743700647852352
rho2700_caliper2,r52c166,r48c161,2.0,0.5821526051578954,1.056,0.754999999999999,-111.31105948741383,8.0,0.9659258262890683
rho2700_caliper2,r52c167,r42c067,2.0,2.6035604926676505,-1.593,-9.414000000000001,86.38452083613427,20.0,0.9659258262890683
rho2700_caliper2,r52c168,r47c160,2.0,0.7327095856429855,-0.7260000000000002,-3.219999999999999,-149.1747053218765,10.0,0.9659258262890683
rho2700_caliper2,r52c171,r45c158,2.0,1.9765570900962854,-1.638,-9.032,-1.5252896989387636,14.0,0.9659258262890683
rho2700_caliper2,r53c168,r43c066,2.0,1.915762059649956,-0.9050000000000002,-8.227,55.45580915013355,20.0,0.9563047559630354
rho2700_caliper2,r53c170,r46c158,2.0,1.4063436648947694,-1.237,-7.087,-53.28334862346048,14.0,0.9563047559630354
rho2700_caliper2,r53c171,r56c037,1.0,1.402636158131544,-1.941,-6.081000000000003,9.392913916294617,-6.0,0.9563047559630354
rho2700_caliper2,r54c169,r46c060,2.0,2.4615572329045294,-1.87,-9.601000000000003,47.94392622019558,16.0,0.9455185755993168
rho2700_caliper2,r54c170,r46c157,2.0,2.159743438792883,-1.7189999999999999,-8.676000000000002,-50.44411354518448,16.0,0.9455185755993168
rho2700_caliper2,r54c171,r48c058,2.0,2.740197890616923,-1.9939999999999998,-9.231000000000002,219.24136301237286,12.0,0.9455185755993168
rho2700_caliper2,r55c169,r47c157,2.0,1.7281160297886107,-1.7349999999999999,-5.139999999999997,-80.14200010590567,16.0,0.9335804264972017
rho2700_caliper2,r55c170,r58c039,1.0,1.6309193318019255,-1.8900000000000001,-7.558,83.06300176476452,-6.0,0.9335804264972017
rho2700_caliper2,r55c171,r60c034,1.0,1.8653207691282139,-1.981,-7.853999999999999,39.54696349328549,-10.0,0.9335804264972017
rho2700_caliper2,r55c172,r59c035,1.0,2.1880916672460846,-1.9449999999999998,-9.610999999999997,119.48221060956169,-8.0,0.9335804264972017
rho2700_caliper2,r55c173,r46c159,2.0,1.48257685254196,-1.1230000000000002,-5.9559999999999995,15.164822081923376,18.0,0.9335804264972017
rho2700_caliper2,r55c174,r60c033,1.0,2.0676847683240336,-1.857,-7.439,190.2542450227144,-10.0,0.9335804264972017
rho2700_caliper2,r56c171,r61c034,1.0,1.4155014212937915,-1.828,-5.325999999999993,64.65167837296492,-10.0,0.9205048534524404
rho2700_caliper2,r56c173,r48c054,2.0,2.1219147988460385,-1.913,-7.527000000000001,6.470957899991106,16.0,0.9205048534524404
rho2700_caliper2,r56c177,r46c160,2.0,1.1846471452150242,-0.6649999999999998,-2.4919999999999973,32.8500071438682,20.0,0.9205048534524404
rho2700_caliper2,r57c172,r47c156,2.0,2.0769162376231254,-1.5419999999999998,-6.938000000000002,10.025556646952879,20.0,0.9063077870366499
rho2700_caliper2,r57c173,r47c158,2.0,1.539388129480907,-1.005,-5.295000000000002,-24.208400469292144,20.0,0.9063077870366499
rho2700_caliper2,r57c175,r47c159,2.0,1.2699901622421352,-0.7569999999999999,-3.4310000000000045,-28.4767835577008,20.0,0.9063077870366499
rho2700_caliper2,r57c176,r48c053,2.0,1.9488978699150028,-1.7420000000000002,-5.91,-52.799889131987925,18.0,0.9063077870366499
rho2700_caliper2,r57c177,r48c052,2.0,1.3242715461690668,-1.169,-3.9670000000000023,-37.05990495422225,18.0,0.9063077870366499
rho2700_caliper2,r57c178,r48c165,2.0,0.8871045725145398,0.3340000000000001,2.067,-24.169431650507875,18.0,0.9063077870366499
rho2700_caliper2,r58c172,r48c157,2.0,1.5403155626740619,-1.3359999999999999,-3.0629999999999953,4.9465685748403985,20.0,0.8910065241883679
rho2700_caliper2,r58c173,r48c158,2.0,1.4074914042108406,-0.9219999999999999,-4.218999999999998,-39.08160026119282,20.0,0.8910065241883679
rho2700_caliper2,r58c174,r48c160,2.0,1.2454385996319346,-0.56,-0.9789999999999992,-119.04149304706367,20.0,0.8910065241883679
rho2700_caliper2,r58c175,r48c159,2.0,1.1657041573844868,-0.484,-3.2079999999999984,-19.505808483726526,20.0,0.8910065241883679
rho2700_caliper2,r58c176,r49c055,2.0,2.218751088680939,-1.8240000000000003,-7.116999999999997,79.64997100617518,18.0,0.8910065241883679
rho2700_caliper2,r59c000,r49c053,2.0,2.55137862860201,-1.9309999999999998,-6.266999999999996,142.75571433109423,20.0,0.8746197071393957
rho2700_caliper2,r59c001,r49c162,2.0,2.034942473561763,1.0780000000000003,2.5909999999999975,246.8926481703307,20.0,0.8746197071393957
rho2700_caliper2,r59c002,r49c052,2.0,2.042346961296003,-1.2970000000000002,-4.658999999999999,190.8556289886161,20.0,0.8746197071393957
rho2700_caliper2,r59c175,r49c159,2.0,1.0834144262938714,-0.1379999999999999,-2.8000000000000043,-4.7758105540743685,20.0,0.8746197071393957
rho2700_caliper2,r59c179,r49c054,2.0,2.6237067110386523,-1.762,-6.792999999999999,186.41016574607383,20.0,0.8746197071393957
rho2700_caliper2,r60c000,r50c051,2.0,1.5967432351599757,-1.298,-4.0169999999999995,35.723116666912176,20.0,0.8571673007021123
rho2700_caliper2,r60c012,r55c038,2.0,0.8134109785075282,-1.124,-4.798000000000002,39.52599733944129,10.0,0.8571673007021123
rho2700_caliper2,r60c013,r55c036,2.0,1.3865436697114577,-1.808,-5.645000000000003,-7.750340252605781,10.0,0.8571673007021123
rho2700_caliper2,r60c179,r50c162,2.0,1.3170794899456866,0.266,-0.8649999999999984,162.0855995920421,20.0,0.8571673007021123
rho2700_caliper2,r61c004,r60c031,1.0,1.0896479837783202,-1.4730000000000003,-7.061,58.97005290864848,2.0,0.838670567945424
rho2700_caliper2,r61c006,r60c026,2.0,0.5983906445622781,-1.2959999999999998,-4.073,-15.2774968697438,2.0,0.838670567945424
rho2700_caliper2,r61c007,r61c024,2.0,0.3756082198040508,-0.99,-3.362000000000002,-39.74607128213506,0.0,0.838670567945424
rho2700_caliper2,r61c009,r61c025,2.0,0.6966170618244858,-1.3,-5.23,-7.274995821560367,0.0,0.838670567945424
rho2700_caliper2,r61c012,r56c038,2.0,0.7280885686684951,-1.208,-3.2959999999999994,20.427353723979195,10.0,0.838670567945424
rho2700_caliper2,r61c013,r60c028,2.0,0.4219432340416914,-1.095,-3.340999999999994,7.125704439019557,2.0,0.838670567945424
rho2700_caliper2,r61c014,r61c026,2.0,0.6573532689086071,-1.4940000000000002,-2.3359999999999985,63.480530887624354,0.0,0.838670567945424
rho2700_caliper2,r61c015,r59c028,2.0,0.542968087102255,-1.131,-4.274000000000001,-6.75551176469537,4.0,0.838670567945424
rho2700_caliper2,r62c005,r56c039,2.0,0.893706759315015,-1.0159999999999998,-5.194000000000003,22.97772700576212,12.0,0.8191520442889918
rho2700_caliper2,r62c009,r61c027,2.0,0.7414334018247642,-1.331,-5.3039999999999985,25.489395132658387,2.0,0.8191520442889918
rho2700_caliper2,r62c012,r57c039,2.0,0.8362265502026137,-1.285,-3.637999999999998,60.79710040976673,10.0,0.8191520442889918
rho2700_caliper2,r62c013,r57c038,2.0,0.888839216726664,-1.51,-2.527000000000001,21.121633587385162,10.0,0.8191520442889918
rho2700_caliper2,r62c014,r60c029,2.0,0.486881155292903,-1.069,-3.9549999999999983,-20.72097913616261,4.0,0.8191520442889918
rho2700_caliper2,r62c015,r60c027,2.0,0.2808327625410756,-0.7809999999999999,-2.9440000000000026,-12.263919793311857,4.0,0.8191520442889918
rho2700_caliper2,r62c016,r56c036,2.0,0.8170345697085857,-1.034,-4.059999999999995,47.34829747491182,12.0,0.8191520442889918
rho2700_caliper2,r62c017,r59c030,2.0,0.6182042562668653,-1.148,-4.405000000000001,-20.54070505162548,6.0,0.8191520442889918
rho2700_caliper2,r62c018,r59c029,2.0,0.37573929236569636,-0.911,-2.7920000000000016,-5.251305829283012,6.0,0.8191520442889918
rho2700_caliper2,r62c019,r59c032,1.0,0.41298090918087693,-0.826,-2.4040000000000035,92.28097001158426,6.0,0.8191520442889918
rho2700_caliper2,r62c020,r59c031,1.0,0.32477607439959494,-0.85,-1.993000000000002,36.03821022142387,6.0,0.8191520442889918
rho2700_caliper2,r62c021,r57c033,2.0,0.4228946111789134,-0.456,-3.4769999999999968,1.1742683263314007,10.0,0.8191520442889918
rho2700_caliper2,r63c012,r57c040,2.0,0.5784330112227212,-0.6160000000000001,-3.511000000000003,5.177075433571147,12.0,0.7986355100472928
rho2700_caliper2,r63c013,r61c030,2.0,0.348981457718494,-0.798,-3.538999999999998,-46.991193799098966,4.0,0.7986355100472928
rho2700_caliper2,r63c014,r61c032,2.0,0.33193369929591543,-0.8999999999999999,-2.9559999999999995,13.597445959899915,4.0,0.7986355100472928
rho2700_caliper2,r63c016,r60c030,2.0,0.4748209294549569,-1.054,-3.1970000000000027,-20.965341660609965,6.0,0.7986355100472928
rho2700_caliper2,r63c017,r62c025,2.0,0.4751568478974283,-1.173,-3.039999999999999,-50.8750804497501,2.0,0.7986355100472928
rho2700_caliper2,r63c018,r57c035,2.0,0.9046694736176776,-1.189,-4.342000000000006,15.616098283211954,12.0,0.7986355100472928
rho2700_caliper2,r63c019,r58c033,2.0,0.6784036066373651,-1.021,-3.676000000000002,-54.21921889296124,10.0,0.7986355100472928
rho2700_caliper2,r63c020,r56c035,2.0,0.7606938836876738,-0.74,-3.176000000000002,-54.435017515296465,14.0,0.7986355100472928
rho2700_caliper2,r63c021,r57c034,2.0,0.5188173877602209,-0.595,-2.4720000000000013,-28.78014590685524,12.0,0.7986355100472928
rho2700_caliper2,r64c013,r62c028,2.0,0.6415633262513077,-1.25,-4.358000000000004,-43.49139871994994,4.0,0.7771459614569709
rho2700_caliper2,r64c015,r61c029,2.0,0.30947739534387453,-0.7310000000000001,-2.9280000000000044,-3.7386469408971266,6.0,0.7771459614569709
rho2700_caliper2,r64c016,r60c035,2.0,0.972979497025582,-1.539,-4.484000000000002,42.19954777367133,8.0,0.7771459614569709
rho2700_caliper2,r64c017,r62c027,2.0,0.41763896050526406,-1.1429999999999998,-2.2579999999999956,-1.9225882226295141,4.0,0.7771459614569709
rho2700_caliper2,r64c018,r62c026,2.0,0.4539731152159434,-1.0359999999999998,-3.5429999999999993,-42.55415689958991,4.0,0.7771459614569709
rho2700_caliper2,r64c019,r61c028,2.0,0.34098371412225414,-0.937,-1.7100000000000009,14.231717078514038,6.0,0.7771459614569709
rho2700_caliper2,r64c020,r63c026,2.0,0.22321721254909963,-0.8220000000000001,-1.8599999999999994,29.546897119984777,2.0,0.7771459614569709
rho2700_caliper2,r64c021,r57c036,2.0,0.6438605410424688,-0.589,-2.5519999999999996,-13.427307765229813,14.0,0.7771459614569709
rho2700_caliper2,r64c022,r60c032,2.0,0.43266582571091206,-0.83,-3.069999999999993,-23.60644644969085,8.0,0.7771459614569709
rho2700_caliper2,r65c017,r63c027,2.0,0.6951675980730327,-1.4969999999999999,-2.5450000000000017,-52.08703127048943,4.0,0.754709580222772
rho2700_caliper2,r65c019,r61c031,2.0,0.3712330187959464,-0.6619999999999999,-2.8770000000000024,-41.24397642850599,8.0,0.754709580222772
rho2700_caliper2,r65c020,r61c033,2.0,0.46680559347123446,-0.92,-3.040999999999997,-15.671327716920189,8.0,0.754709580222772
rho2700_caliper2,r66c018,r64c027,2.0,0.5013416235952548,-1.284,-1.9410000000000025,-32.175351180257834,4.0,0.7313537016191705
rho2800_caliper0.5,r52c166,r50c162,2.0,0.8333220455565143,0.16999999999999993,-0.4550000000000054,15.83868701172507,4.0,0.9659258262890683
rho2800_caliper0.5,r61c015,r61c024,2.0,0.3247230035195581,-0.17599999999999993,-0.03999999999999915,-33.58819576573762,0.0,0.838670567945424
rho2800_caliper0.5,r62c012,r61c030,2.0,1.5471717602593662,-0.44599999999999995,-1.7389999999999972,24.607361733004723,2.0,0.8191520442889918
rho2800_caliper0.5,r62c016,r61c025,2.0,0.2889755485607083,-0.15700000000000003,-0.4159999999999968,3.890316266576008,2.0,0.8191520442889918
rho2800_caliper0.5,r62c018,r60c026,2.0,0.9894950451129056,-0.061000000000000054,1.439,4.305604343189657,4.0,0.8191520442889918
rho2800_caliper0.5,r63c018,r61c027,2.0,1.398520216736085,-0.29300000000000004,0.4070000000000036,46.75456789598718,4.0,0.7986355100472928
rho2800_caliper0.5,r63c019,r61c026,2.0,1.3995439876886453,-0.08400000000000007,1.8689999999999998,31.142094193368393,4.0,0.7986355100472928
rho2800_caliper0.5,r63c020,r62c025,2.0,0.3427322929516149,-0.20199999999999999,-0.31099999999999994,4.7676249698182005,2.0,0.7986355100472928
rho2800_caliper0.5,r64c021,r63c026,2.0,0.48036644548280205,-0.088,-0.6760000000000019,34.878974409244876,2.0,0.7771459614569709
rho2800_caliper1,r50c167,r47c163,1.0,0.7305964130630069,0.19200000000000017,-0.10500000000000398,-86.59709460436682,6.0,0.981627183447664
rho2800_caliper1,r50c170,r46c161,2.0,0.7529132345390577,0.1539999999999997,-0.5200000000000031,41.99497323643385,8.0,0.981627183447664
rho2800_caliper1,r51c166,r48c161,2.0,1.1078631992035723,0.8599999999999999,-0.4099999999999966,-5.884894398405578,6.0,0.9743700647852352
rho2800_caliper1,r51c167,r47c162,2.0,1.6822817976028615,-0.3160000000000003,-1.1370000000000005,-141.5665509435911,8.0,0.9743700647852352
rho2800_caliper1,r51c170,r47c053,1.0,2.5107700715647865,-0.9400000000000002,-4.724000000000004,-46.116897230924565,8.0,0.9743700647852352
rho2800_caliper1,r52c166,r49c162,2.0,1.7206053901316554,0.9410000000000003,2.506999999999998,-70.94895825847088,6.0,0.9659258262890683
rho2800_caliper1,r52c167,r48c160,2.0,1.1448560172122657,-0.45199999999999996,-1.2490000000000023,-73.20122599571656,8.0,0.9659258262890683
rho2800_caliper1,r52c168,r47c160,2.0,3.126688302571943,-0.7260000000000002,-3.9070000000000036,-149.1747053218765,10.0,0.9659258262890683
rho2800_caliper1,r52c171,r48c165,2.0,1.4068533469132727,0.585,2.7070000000000007,-54.3973685535305,8.0,0.9659258262890683
rho2800_caliper1,r53c168,r50c162,2.0,0.40365536786916467,0.07599999999999962,0.29399999999999693,-27.829721109925046,6.0,0.9563047559630354
rho2800_caliper1,r53c170,r48c159,2.0,1.8253046268037778,-0.18700000000000028,-2.8530000000000015,102.25900206380359,10.0,0.9563047559630354
rho2800_caliper1,r54c169,r49c159,2.0,1.6513164942890786,-0.03500000000000014,-3.486000000000004,60.74604696195661,10.0,0.9455185755993168
rho2800_caliper1,r54c170,r50c051,2.0,1.6764893761272897,-0.8759999999999999,-2.3019999999999996,-35.8575983978852,8.0,0.9455185755993168
rho2800_caliper1,r54c171,r49c052,2.0,2.658442566505032,-0.9779999999999998,-4.110999999999997,24.161515812615335,10.0,0.9455185755993168
rho2800_caliper1,r57c172,r57c040,2.0,1.0335293096598939,-0.726,-3.440000000000005,27.293945617070065,0.0,0.9063077870366499
rho2800_caliper1,r60c013,r61c024,2.0,1.4543077868507945,-0.9019999999999999,-3.8329999999999984,-17.12118874794885,-2.0,0.8571673007021123
rho2800_caliper1,r61c012,r56c039,2.0,1.9781627131051145,-0.508,-3.2439999999999998,82.04290734039768,10.0,0.838670567945424
rho2800_caliper1,r61c013,r60c026,2.0,0.8043633450839651,-0.5820000000000001,-2.225999999999999,-71.53542384294104,2.0,0.838670567945424
rho2800_caliper1,r61c015,r56c038,2.0,2.451233388572464,-0.7689999999999999,-0.9149999999999991,136.35844764032942,10.0,0.838670567945424
rho2800_caliper1,r62c009,r61c032,2.0,1.1935137840653478,-0.708,-2.7049999999999983,89.94608185724564,2.0,0.8191520442889918
rho2800_caliper1,r62c012,r62c028,2.0,1.6499912497270306,-0.939,-3.0719999999999956,93.7689448530707,0.0,0.8191520442889918
rho2800_caliper1,r62c013,r61c029,2.0,0.5807368732723771,-0.567,-1.9149999999999991,40.405131464066386,2.0,0.8191520442889918
rho2800_caliper1,r62c014,r61c026,2.0,1.2921496270303754,-0.834,-3.5619999999999976,-33.2309645990523,2.0,0.8191520442889918
rho2800_caliper1,r62c015,r60c029,2.0,1.0806221574070274,-0.6739999999999999,-2.993000000000002,49.300552143542006,4.0,0.8191520442889918
rho2800_caliper1,r62c016,r60c027,2.0,0.6814371117521378,-0.524,-2.3049999999999997,27.796627752716688,4.0,0.8191520442889918
rho2800_caliper1,r62c017,r61c025,2.0,0.36490969236351356,-0.5449999999999999,-0.8179999999999978,5.019360335646354,2.0,0.8191520442889918
rho2800_caliper1,r62c018,r59c030,2.0,1.38091541709578,-0.807,-3.039999999999999,0.2332051780156803,6.0,0.8191520442889918
rho2800_caliper1,r62c019,r59c032,1.0,1.771692756723506,-0.826,-2.961999999999996,92.28097001158426,6.0,0.8191520442889918
rho2800_caliper1,r62c020,r59c031,1.0,1.2983080975983792,-0.85,-1.9879999999999995,36.03821022142387,6.0,0.8191520442889918
rho2800_caliper1,r62c021,r59c028,2.0,0.3747561353112551,-0.075,-0.3339999999999961,10.249397275120259,6.0,0.8191520442889918
rho2800_caliper1,r63c013,r61c031,2.0,1.5476128863255036,-0.9039999999999999,-3.436,-46.99407986463655,4.0,0.7986355100472928
rho2800_caliper1,r63c016,r61c027,2.0,1.3435103827492192,-0.903,-2.9750000000000014,17.796589894061754,4.0,0.7986355100472928
rho2800_caliper1,r63c017,r60c030,2.0,1.0713844862239532,-0.782,-1.4410000000000025,-19.4429431938413,6.0,0.7986355100472928
rho2800_caliper1,r63c018,r60c032,2.0,1.0853396949646692,-0.724,-1.8619999999999948,37.49458009772985,6.0,0.7986355100472928
rho2800_caliper1,r63c019,r60c028,2.0,0.5662701645440148,-0.42900000000000005,0.5420000000000016,15.354758293126281,6.0,0.7986355100472928
rho2800_caliper1,r63c020,r62c025,2.0,0.08568307323790372,-0.20199999999999999,-0.31099999999999994,4.7676249698182005,2.0,0.7986355100472928
rho2800_caliper1,r63c021,r59c029,2.0,0.9884044006064535,-0.184,0.21300000000000097,-83.88388947613959,8.0,0.7986355100472928
rho2800_caliper1,r64c015,r61c030,2.0,1.1208645497446117,-0.6760000000000002,-2.747,6.7885395523456395,6.0,0.7771459614569709
rho2800_caliper1,r64c016,r63c027,2.0,1.2710388486733954,-0.976,-1.8999999999999986,54.92189085557234,2.0,0.7771459614569709
rho2800_caliper1,r64c017,r64c027,2.0,1.1321130896515925,-0.8049999999999999,1.2620000000000005,97.25534647082819,0.0,0.7771459614569709
rho2800_caliper1,r64c018,r62c027,2.0,1.3405574687727526,-0.8849999999999999,-2.9199999999999946,35.58399285334579,4.0,0.7771459614569709
rho2800_caliper1,r64c019,r61c028,2.0,1.4105102164890164,-0.937,-2.0219999999999985,14.231717078514038,6.0,0.7771459614569709
rho2800_caliper1,r64c020,r63c026,2.0,0.9837342901963982,-0.8220000000000001,-2.3939999999999984,29.546897119984777,2.0,0.7771459614569709
rho2800_caliper1,r64c021,r60c035,2.0,1.222313757073374,-0.297,-0.6840000000000046,103.42285353900706,8.0,0.7771459614569709
rho2800_caliper1,r64c022,r62c026,2.0,1.0666723043696074,-0.66,-3.4310000000000045,2.131184721259956,4.0,0.7771459614569709
rho2800_caliper1,r65c020,r61c033,2.0,2.0220704938849385,-0.92,-3.622,-15.671327716920189,8.0,0.754709580222772
rho2800_caliper2,r50c167,r47c163,1.0,0.18264910326575173,0.19200000000000017,-0.10500000000000398,-86.59709460436682,6.0,0.981627183447664
rho2800_caliper2,r50c168,r47c054,1.0,1.1696508341772656,-1.3969999999999998,-7.686,-9.499272390762712,6.0,0.981627183447664
rho2800_caliper2,r50c169,r47c053,1.0,0.7163103083537774,-0.9890000000000001,-6.145000000000003,-19.372215976493976,6.0,0.981627183447664
rho2800_caliper2,r50c170,r40c071,2.0,2.9986483698535427,-1.3410000000000002,-7.628999999999998,295.01788740145713,20.0,0.981627183447664
rho2800_caliper2,r51c166,r47c162,2.0,0.650356734768878,-0.5950000000000002,-3.4039999999999964,-160.4308238126297,8.0,0.9743700647852352
rho2800_caliper2,r51c167,r46c161,2.0,0.8591476038639146,-0.40400000000000036,-2.845000000000006,-209.44283670670688,10.0,0.9743700647852352
rho2800_caliper2,r51c169,r48c056,1.0,1.918081620213392,-1.973,-8.403999999999996,115.65659911654552,6.0,0.9743700647852352
rho2800_caliper2,r51c170,r47c056,1.0,2.12619865216065,-1.947,-9.579999999999998,95.21510486502922,8.0,0.9743700647852352
rho2800_caliper2,r51c171,r46c056,1.0,2.159055667535667,-1.896,-9.674,81.87796821007487,10.0,0.9743700647852352
rho2800_caliper2,r52c166,r48c161,2.0,0.5843200451578954,1.056,0.8870000000000005,-111.31105948741383,8.0,0.9659258262890683
rho2800_caliper2,r52c167,r42c067,2.0,2.632792772667651,-1.593,-9.568000000000005,86.38452083613427,20.0,0.9659258262890683
rho2800_caliper2,r52c168,r47c160,2.0,0.7816720756429858,-0.7260000000000002,-3.9070000000000036,-149.1747053218765,10.0,0.9659258262890683
rho2800_caliper2,r52c171,r45c159,2.0,1.5327446989395777,-1.2679999999999998,-7.8189999999999955,-51.457730270213744,14.0,0.9659258262890683
rho2800_caliper2,r53c168,r43c066,2.0,1.7750436096499564,-0.9050000000000002,-7.322000000000003,55.45580915013355,20.0,0.9563047559630354
rho2800_caliper2,r53c170,r48c054,2.0,2.1549932047115443,-1.9510000000000003,-9.731000000000002,-24.12967103047481,10.0,0.9563047559630354
rho2800_caliper2,r53c171,r56c037,1.0,1.574399358131544,-1.941,-7.359000000000002,9.392913916294617,-6.0,0.9563047559630354
rho2800_caliper2,r54c169,r47c157,2.0,1.6033971472914055,-1.5070000000000001,-7.285000000000004,-36.64748635618048,14.0,0.9455185755993168
rho2800_caliper2,r54c170,r46c158,2.0,1.9296991715773575,-1.3049999999999997,-8.671,-100.43528285399603,16.0,0.9455185755993168
rho2800_caliper2,r54c171,r46c157,2.0,2.2866909587661084,-1.5819999999999999,-9.934999999999995,55.29099193313385,16.0,0.9455185755993168
rho2800_caliper2,r55c169,r48c159,2.0,0.8253567852753283,-0.786,-3.200000000000003,-84.05772227927388,14.0,0.9335804264972017
rho2800_caliper2,r55c170,r58c039,1.0,1.7301191318019256,-1.8900000000000001,-8.188000000000002,83.06300176476452,-6.0,0.9335804264972017
rho2800_caliper2,r55c171,r60c034,1.0,2.1294375691282132,-1.981,-9.385999999999996,39.54696349328549,-10.0,0.9335804264972017
rho2800_caliper2,r55c172,r60c031,1.0,1.228348124156105,-1.379,-7.073999999999998,-15.069182925741757,-10.0,0.9335804264972017
rho2800_caliper2,r55c173,r46c159,2.0,1.6400639825419596,-1.1230000000000002,-7.1569999999999965,15.164822081923376,18.0,0.9335804264972017
rho2800_caliper2,r55c174,r60c033,1.0,2.344947518324034,-1.857,-9.113999999999997,190.2542450227144,-10.0,0.9335804264972017
rho2800_caliper2,r56c171,r61c034,1.0,1.494844911293792,-1.828,-6.024999999999999,64.65167837296492,-10.0,0.9205048534524404
rho2800_caliper2,r56c173,r46c060,2.0,2.9389235897329464,-1.4609999999999999,-9.278000000000006,221.36676574401378,20.0,0.9205048534524404
rho2800_caliper2,r56c177,r46c160,2.0,1.2043425052150243,-0.6649999999999998,-2.8599999999999994,32.8500071438682,20.0,0.9205048534524404
rho2800_caliper2,r57c172,r47c156,2.0,2.2456774876231256,-1.5419999999999998,-8.063000000000002,10.025556646952879,20.0,0.9063077870366499
rho2800_caliper2,r57c173,r47c158,2.0,1.6292901294809068,-1.005,-6.085000000000001,-24.208400469292144,20.0,0.9063077870366499
rho2800_caliper2,r57c175,r47c159,2.0,1.3239999122421346,-0.7569999999999999,-4.143999999999998,-28.4767835577008,20.0,0.9063077870366499
rho2800_caliper2,r57c176,r48c053,2.0,2.1095556799150024,-1.7420000000000002,-7.140999999999998,-52.799889131987925,18.0,0.9063077870366499
rho2800_caliper2,r57c177,r48c052,2.0,1.3798829061690667,-1.169,-4.615000000000002,-37.05990495422225,18.0,0.9063077870366499
rho2800_caliper2,r57c178,r48c165,2.0,0.9126573725145397,0.3340000000000001,2.6129999999999995,-24.169431650507875,18.0,0.9063077870366499
rho2800_caliper2,r58c172,r48c157,2.0,1.5839885126740625,-1.3359999999999999,-3.7080000000000055,4.9465685748403985,20.0,0.8910065241883679
rho2800_caliper2,r58c173,r48c158,2.0,1.5253190042108407,-0.9219999999999999,-5.439,-39.08160026119282,20.0,0.8910065241883679
rho2800_caliper2,r58c174,r49c162,2.0,1.2269660956330204,0.883,2.9990000000000023,-109.03827404618899,18.0,0.8910065241883679
rho2800_caliper2,r58c175,r48c160,2.0,1.0639185943827747,-0.2799999999999998,-0.7289999999999992,-59.248431156020786,20.0,0.8910065241883679
rho2800_caliper2,r58c176,r49c055,2.0,2.42119819868094,-1.8240000000000003,-8.420000000000002,79.64997100617518,18.0,0.8910065241883679
rho2800_caliper2,r59c000,r49c053,2.0,2.7550730286020104,-1.9309999999999998,-7.722999999999999,142.75571433109423,20.0,0.8746197071393957
rho2800_caliper2,r59c001,r49c052,2.0,2.123903646427645,-1.4289999999999998,-6.290999999999997,139.95139434277922,20.0,0.8746197071393957
rho2800_caliper2,r59c175,r49c159,2.0,1.0947745862938714,-0.1379999999999999,-2.996000000000002,-4.7758105540743685,20.0,0.8746197071393957
rho2800_caliper2,r59c179,r49c054,2.0,2.8698756610386527,-1.762,-8.411999999999999,186.41016574607383,20.0,0.8746197071393957
rho2800_caliper2,r60c000,r50c051,2.0,1.6600563451599761,-1.298,-4.740000000000002,35.723116666912176,20.0,0.8571673007021123
rho2800_caliper2,r60c012,r55c038,2.0,0.9103869385075279,-1.124,-5.719999999999999,39.52599733944129,10.0,0.8571673007021123
rho2800_caliper2,r60c013,r55c036,2.0,1.5225639097114578,-1.808,-6.743000000000002,-7.750340252605781,10.0,0.8571673007021123
rho2800_caliper2,r60c179,r50c162,2.0,1.3106994799456866,0.266,-0.33200000000000074,162.0855995920421,20.0,0.8571673007021123
rho2800_caliper2,r61c006,r60c026,2.0,0.6481647145622779,-1.2959999999999998,-4.643999999999998,-15.2774968697438,2.0,0.838670567945424
rho2800_caliper2,r61c007,r61c024,2.0,0.41257906980405046,-0.99,-3.8729999999999976,-39.74607128213506,0.0,0.838670567945424
rho2800_caliper2,r61c009,r61c025,2.0,0.7758052718244859,-1.3,-5.939,-7.274995821560367,0.0,0.838670567945424
rho2800_caliper2,r61c012,r56c038,2.0,0.773273248668495,-1.208,-3.921999999999997,20.427353723979195,10.0,0.838670567945424
rho2800_caliper2,r61c013,r60c028,2.0,0.4794881140416917,-1.095,-4.1129999999999995,7.125704439019557,2.0,0.838670567945424
rho2800_caliper2,r61c014,r61c026,2.0,0.6705403989086073,-1.4940000000000002,-2.6030000000000015,63.480530887624354,0.0,0.838670567945424
rho2800_caliper2,r61c015,r59c028,2.0,0.6192765371022548,-1.131,-5.088999999999999,-6.75551176469537,4.0,0.838670567945424
rho2800_caliper2,r62c005,r56c039,2.0,1.0161820893150146,-1.0159999999999998,-6.262999999999998,22.97772700576212,12.0,0.8191520442889918
rho2800_caliper2,r62c009,r61c027,2.0,0.8638424018247643,-1.331,-6.353999999999999,25.489395132658387,2.0,0.8191520442889918
rho2800_caliper2,r62c012,r57c039,2.0,0.8809487502026138,-1.285,-4.207999999999998,60.79710040976673,10.0,0.8191520442889918
rho2800_caliper2,r62c013,r57c038,2.0,0.916427686726664,-1.51,-3.024000000000001,21.121633587385162,10.0,0.8191520442889918
rho2800_caliper2,r62c014,r60c029,2.0,0.5506095452929032,-1.069,-4.692,-20.72097913616261,4.0,0.8191520442889918
rho2800_caliper2,r62c015,r60c027,2.0,0.31242861254107535,-0.7809999999999999,-3.439,-12.263919793311857,4.0,0.8191520442889918
rho2800_caliper2,r62c016,r56c036,2.0,0.8951489797085863,-1.034,-4.929000000000002,47.34829747491182,12.0,0.8191520442889918
rho2800_caliper2,r62c017,r59c030,2.0,0.6791890062668648,-1.148,-5.049999999999997,-20.54070505162548,6.0,0.8191520442889918
rho2800_caliper2,r62c018,r59c029,2.0,0.40874226236569644,-0.911,-3.331000000000003,-5.251305829283012,6.0,0.8191520442889918
rho2800_caliper2,r62c019,r59c032,1.0,0.4429231891808765,-0.826,-2.961999999999996,92.28097001158426,6.0,0.8191520442889918
rho2800_caliper2,r62c020,r59c031,1.0,0.3245770243995948,-0.85,-1.9879999999999995,36.03821022142387,6.0,0.8191520442889918
rho2800_caliper2,r62c021,r57c033,2.0,0.4582614111789133,-0.456,-3.952999999999996,1.1742683263314007,10.0,0.8191520442889918
rho2800_caliper2,r63c002,r57c040,2.0,0.6648999328869589,-0.8999999999999999,-3.1850000000000023,9.283935578529793,12.0,0.7986355100472928
rho2800_caliper2,r63c012,r61c030,2.0,0.4390275375348519,-0.8440000000000001,-3.539999999999999,-92.77110745343441,4.0,0.7986355100472928
rho2800_caliper2,r63c013,r61c031,2.0,0.3869032215813759,-0.9039999999999999,-3.436,-46.99407986463655,4.0,0.7986355100472928
rho2800_caliper2,r63c014,r61c032,2.0,0.3636483492959155,-0.8999999999999999,-3.4510000000000005,13.597445959899915,4.0,0.7986355100472928
rho2800_caliper2,r63c016,r60c030,2.0,0.507228449454957,-1.054,-3.669000000000004,-20.965341660609965,6.0,0.7986355100472928
rho2800_caliper2,r63c017,r60c032,2.0,0.4640478210257538,-1.062,-3.0159999999999982,10.05900056257309,6.0,0.7986355100472928
rho2800_caliper2,r63c018,r57c035,2.0,0.9866438436176763,-1.189,-5.200999999999993,15.616098283211954,12.0,0.7986355100472928
rho2800_caliper2,r63c019,r58c033,2.0,0.7369618566373652,-1.021,-4.401000000000003,-54.21921889296124,10.0,0.7986355100472928
rho2800_caliper2,r63c020,r56c035,2.0,0.7934874836876735,-0.74,-3.655999999999999,-54.435017515296465,14.0,0.7986355100472928
rho2800_caliper2,r63c021,r57c034,2.0,0.5328951877602207,-0.595,-2.7419999999999973,-28.78014590685524,12.0,0.7986355100472928
rho2800_caliper2,r64c015,r61c029,2.0,0.33893791534387413,-0.7310000000000001,-3.3939999999999984,-3.7386469408971266,6.0,0.7771459614569709
rho2800_caliper2,r64c016,r61c028,2.0,0.44741745339737315,-0.9550000000000001,-2.870999999999995,-65.02792789074249,6.0,0.7771459614569709
rho2800_caliper2,r64c017,r62c027,2.0,0.43949933050526413,-1.1429999999999998,-2.698999999999998,-1.9225882226295141,4.0,0.7771459614569709
rho2800_caliper2,r64c018,r63c026,2.0,0.5517409853815876,-1.19,-4.3089999999999975,13.553810694520706,2.0,0.7771459614569709
rho2800_caliper2,r64c019,r62c026,2.0,0.5832902559938007,-1.158,-4.560000000000002,-3.1926539809449537,4.0,0.7771459614569709
rho2800_caliper2,r64c020,r60c035,2.0,0.5903451831697548,-1.031,-2.402000000000001,98.09077624974697,8.0,0.7771459614569709
rho2800_caliper2,r64c021,r57c036,2.0,0.6704213410424688,-0.589,-3.0279999999999987,-13.427307765229813,14.0,0.7771459614569709
rho2800_caliper2,r64c022,r62c025,2.0,0.4934289709283953,-0.9410000000000001,-3.9070000000000036,-84.54052746201404,4.0,0.7771459614569709
rho2800_caliper2,r65c017,r63c027,2.0,0.7426223480730327,-1.4969999999999999,-3.3500000000000014,-52.08703127048943,4.0,0.754709580222772
rho2800_caliper2,r65c019,r62c028,2.0,0.6487573201755459,-1.049,-5.244,27.920492757097577,6.0,0.754709580222772
rho2800_caliper2,r65c020,r61c033,2.0,0.5055176234712346,-0.92,-3.622,-15.671327716920189,8.0,0.754709580222772
rho2800_caliper2,r66c018,r64c027,2.0,0.5352230635952546,-1.284,-2.674999999999997,-32.175351180257834,4.0,0.7313537016191705
rho2900_caliper0.5,r52c166,r50c162,2.0,0.8002250855565135,0.16999999999999993,0.012999999999998124,15.83868701172507,4.0,0.9659258262890683
rho2900_caliper0.5,r61c015,r61c024,2.0,0.3274263635195579,-0.17599999999999993,0.13599999999999568,-33.58819576573762,0.0,0.838670567945424
rho2900_caliper0.5,r62c012,r61c030,2.0,1.6482314402593672,-0.44599999999999995,-1.911999999999999,24.607361733004723,2.0,0.8191520442889918
rho2900_caliper0.5,r62c015,r61c026,2.0,1.915938203854846,-0.43899999999999995,-2.1569999999999965,36.79056668065232,2.0,0.8191520442889918
rho2900_caliper0.5,r62c016,r61c025,2.0,0.2725225885607087,-0.15700000000000003,-0.26500000000000057,3.890316266576008,2.0,0.8191520442889918
rho2900_caliper0.5,r62c018,r60c026,2.0,1.3246886451129036,-0.061000000000000054,2.040999999999997,4.305604343189657,4.0,0.8191520442889918
rho2900_caliper0.5,r63c018,r61c027,2.0,1.4230923767360855,-0.29300000000000004,0.5650000000000048,46.75456789598718,4.0,0.7986355100472928
rho2900_caliper0.5,r63c020,r62c025,2.0,0.35023949295161466,-0.20199999999999999,-0.3789999999999978,4.7676249698182005,2.0,0.7986355100472928
rho2900_caliper0.5,r64c021,r63c026,2.0,0.6780664454828024,-0.088,-1.301000000000002,34.878974409244876,2.0,0.7771459614569709
rho2900_caliper1,r50c167,r47c163,1.0,0.737551413063007,0.19200000000000017,-0.4299999999999997,-86.59709460436682,6.0,0.981627183447664
rho2900_caliper1,r50c170,r46c161,2.0,0.7435717945390576,0.1539999999999997,-0.19200000000000017,41.99497323643385,8.0,0.981627183447664
rho2900_caliper1,r51c166,r48c161,2.0,1.1011392392035724,0.8599999999999999,-0.0009999999999976694,-5.884894398405578,6.0,0.9743700647852352
rho2900_caliper1,r51c167,r47c162,2.0,1.6631151976028615,-0.3160000000000003,-0.902000000000001,-141.5665509435911,8.0,0.9743700647852352
rho2900_caliper1,r52c166,r49c162,2.0,1.7884284301316549,0.9410000000000003,2.8249999999999957,-70.94895825847088,6.0,0.9659258262890683
rho2900_caliper1,r52c167,r48c160,2.0,1.2202454172122656,-0.45199999999999996,-1.8560000000000016,-73.20122599571656,8.0,0.9659258262890683
rho2900_caliper1,r52c168,r47c160,2.0,3.414048102571942,-0.7260000000000002,-4.7379999999999995,-149.1747053218765,10.0,0.9659258262890683
rho2900_caliper1,r52c171,r48c165,2.0,1.647515746913272,0.585,3.6529999999999987,-54.3973685535305,8.0,0.9659258262890683
rho2900_caliper1,r53c168,r50c162,2.0,0.4004229278691647,0.07599999999999962,0.07500000000000284,-27.829721109925046,6.0,0.9563047559630354
rho2900_caliper1,r53c170,r48c159,2.0,2.0754977068037768,-0.18700000000000028,-3.793999999999997,102.25900206380359,10.0,0.9563047559630354
rho2900_caliper1,r54c169,r49c159,2.0,1.4158290142890773,-0.03500000000000014,-2.503,60.74604696195661,10.0,0.9455185755993168
rho2900_caliper1,r54c171,r50c051,2.0,1.6184332664789327,-0.7389999999999999,-2.3200000000000003,69.87750708043313,8.0,0.9455185755993168
rho2900_caliper1,r57c172,r57c040,2.0,1.1423543096598918,-0.726,-3.8149999999999977,27.293945617070065,0.0,0.9063077870366499
rho2900_caliper1,r60c013,r61c024,2.0,1.7408572268507967,-0.9019999999999999,-4.675000000000004,-17.12118874794885,-2.0,0.8571673007021123
rho2900_caliper1,r61c012,r56c039,2.0,2.2838070331051146,-0.508,-4.2620000000000005,82.04290734039768,10.0,0.838670567945424
rho2900_caliper1,r61c013,r60c026,2.0,0.874277145083965,-0.5820000000000001,-2.5889999999999986,-71.53542384294104,2.0,0.838670567945424
rho2900_caliper1,r61c015,r56c038,2.0,2.475248428572465,-0.7689999999999999,-1.1990000000000052,136.35844764032942,10.0,0.838670567945424
rho2900_caliper1,r62c009,r61c032,2.0,1.4035137840653484,-0.708,-3.5450000000000017,89.94608185724564,2.0,0.8191520442889918
rho2900_caliper1,r62c012,r64c027,2.0,1.8856713807705514,-0.9199999999999999,-0.7489999999999952,138.8477769621733,-4.0,0.8191520442889918
rho2900_caliper1,r62c013,r61c029,2.0,0.6606238732723764,-0.567,-2.3799999999999955,40.405131464066386,2.0,0.8191520442889918
rho2900_caliper1,r62c014,r61c026,2.0,1.4875504270303763,-0.834,-4.192,-33.2309645990523,2.0,0.8191520442889918
rho2900_caliper1,r62c015,r60c029,2.0,1.2663539574070253,-0.6739999999999999,-3.6879999999999953,49.300552143542006,4.0,0.8191520442889918
rho2900_caliper1,r62c016,r60c027,2.0,0.760732151752138,-0.524,-2.7010000000000005,27.796627752716688,4.0,0.8191520442889918
rho2900_caliper1,r62c017,r61c025,2.0,0.35024473236351383,-0.5449999999999999,-0.5500000000000043,5.019360335646354,2.0,0.8191520442889918
rho2900_caliper1,r62c018,r59c030,2.0,1.5677674170957814,-0.807,-3.730000000000004,0.2332051780156803,6.0,0.8191520442889918
rho2900_caliper1,r62c019,r59c032,1.0,2.009657756723508,-0.826,-3.8370000000000033,92.28097001158426,6.0,0.8191520442889918
rho2900_caliper1,r62c020,r59c031,1.0,1.2909215775983789,-0.85,-1.9409999999999954,36.03821022142387,6.0,0.8191520442889918
rho2900_caliper1,r62c021,r59c028,2.0,0.3710446553112552,-0.075,-0.13700000000000045,10.249397275120259,6.0,0.8191520442889918
rho2900_caliper1,r63c013,r61c031,2.0,1.6928506863255044,-0.9039999999999999,-3.929000000000002,-46.99407986463655,4.0,0.7986355100472928
rho2900_caliper1,r63c016,r61c027,2.0,1.515980742749219,-0.903,-3.628,17.796589894061754,4.0,0.7986355100472928
rho2900_caliper1,r63c017,r60c030,2.0,1.0939502462239528,-0.782,-1.625,-19.4429431938413,6.0,0.7986355100472928
rho2900_caliper1,r63c018,r60c032,2.0,1.17648229496467,-0.724,-2.3969999999999985,37.49458009772985,6.0,0.7986355100472928
rho2900_caliper1,r63c019,r60c028,2.0,0.5812191645440147,-0.42900000000000005,0.8170000000000002,15.354758293126281,6.0,0.7986355100472928
rho2900_caliper1,r63c020,r62c025,2.0,0.08755987323790367,-0.20199999999999999,-0.3789999999999978,4.7676249698182005,2.0,0.7986355100472928
rho2900_caliper1,r63c021,r59c029,2.0,1.0072680806064536,-0.184,0.7190000000000012,-83.88388947613959,8.0,0.7986355100472928
rho2900_caliper1,r64c015,r61c030,2.0,1.161951549744613,-0.6760000000000002,-2.9280000000000044,6.7885395523456395,6.0,0.7771459614569709
rho2900_caliper1,r64c016,r63c027,2.0,1.313954688673396,-0.976,-2.1640000000000015,54.92189085557234,2.0,0.7771459614569709
rho2900_caliper1,r64c017,r62c028,2.0,0.9614610111528603,-0.824,0.19299999999999784,52.176514361725594,4.0,0.7771459614569709
rho2900_caliper1,r64c018,r62c027,2.0,1.6066541087727542,-0.8849999999999999,-3.896000000000001,35.58399285334579,4.0,0.7771459614569709
rho2900_caliper1,r64c019,r61c028,2.0,1.504831696489017,-0.937,-2.5390000000000015,14.231717078514038,6.0,0.7771459614569709
rho2900_caliper1,r64c020,r63c026,2.0,1.2402938501963983,-0.8220000000000001,-3.4849999999999994,29.546897119984777,2.0,0.7771459614569709
rho2900_caliper1,r64c021,r60c035,2.0,1.2456245170733742,-0.297,-1.0250000000000057,103.42285353900706,8.0,0.7771459614569709
rho2900_caliper1,r64c022,r62c026,2.0,1.1948778643696074,-0.66,-3.8700000000000045,2.131184721259956,4.0,0.7771459614569709
rho2900_caliper1,r65c020,r61c033,2.0,2.3835490938849384,-0.92,-4.707000000000001,-15.671327716920189,8.0,0.754709580222772
rho2900_caliper2,r50c167,r47c163,1.0,0.18438785326575174,0.19200000000000017,-0.4299999999999997,-86.59709460436682,6.0,0.981627183447664
rho2900_caliper2,r50c170,r40c071,2.0,3.2621122098535427,-1.3410000000000002,-9.195,295.01788740145713,20.0,0.981627183447664
rho2900_caliper2,r51c166,r48c161,2.0,0.2752848098008931,0.8599999999999999,-0.0009999999999976694,-5.884894398405578,6.0,0.9743700647852352
rho2900_caliper2,r51c167,r47c162,2.0,0.4157787994007154,-0.3160000000000003,-0.902000000000001,-141.5665509435911,8.0,0.9743700647852352
rho2900_caliper2,r51c170,r47c054,1.0,1.1392816479290961,-1.334,-7.302,10.394936922302861,8.0,0.9743700647852352
rho2900_caliper2,r51c171,r47c053,1.0,0.8410636520617268,-0.9410000000000001,-6.635999999999996,41.708030228667894,8.0,0.9743700647852352
rho2900_caliper2,r52c166,r43c066,2.0,1.3718653094415973,-0.8109999999999999,-5.369,99.12421727178366,18.0,0.9659258262890683
rho2900_caliper2,r52c167,r42c067,2.0,2.5267866226676503,-1.593,-8.997,86.38452083613427,20.0,0.9659258262890683
rho2900_caliper2,r52c168,r47c160,2.0,0.8535120256429855,-0.7260000000000002,-4.7379999999999995,-149.1747053218765,10.0,0.9659258262890683
rho2900_caliper2,r52c171,r45c159,2.0,1.8236870989395775,-1.2679999999999998,-9.498999999999995,-51.457730270213744,14.0,0.9659258262890683
rho2900_caliper2,r53c168,r49c162,2.0,0.5686681697323878,0.847,2.8870000000000005,-114.617366380121,8.0,0.9563047559630354
rho2900_caliper2,r53c170,r46c159,2.0,1.6559598429667552,-1.1190000000000002,-8.585,-102.1310964741296,14.0,0.9563047559630354
rho2900_caliper2,r54c169,r47c157,2.0,1.953654857291404,-1.5070000000000001,-9.385999999999996,-36.64748635618048,14.0,0.9455185755993168
rho2900_caliper2,r54c170,r47c159,2.0,0.9541729381521715,-0.7209999999999999,-5.526999999999994,-50.85455568280494,14.0,0.9455185755993168
rho2900_caliper2,r54c171,r46c160,2.0,1.0991068780229027,-0.6449999999999998,-4.871000000000002,-102.98096728066423,16.0,0.9455185755993168
rho2900_caliper2,r55c169,r48c160,2.0,0.7742509367791917,-0.5819999999999999,-1.7109999999999985,-123.80034495156814,14.0,0.9335804264972017
rho2900_caliper2,r55c171,r58c039,1.0,1.4642995856034628,-1.5290000000000001,-7.078000000000003,161.23667264090878,-6.0,0.9335804264972017
rho2900_caliper2,r55c172,r60c031,1.0,1.4912850541561056,-1.379,-8.737000000000002,-15.069182925741757,-10.0,0.9335804264972017
rho2900_caliper2,r55c173,r46c161,2.0,0.8842649177146592,0.02799999999999958,-1.2209999999999965,-72.96879945784588,18.0,0.9335804264972017
rho2900_caliper2,r55c174,r56c037,1.0,1.4852455059773666,-1.706,-8.372999999999998,64.73692484172409,-2.0,0.9335804264972017
rho2900_caliper2,r56c171,r61c034,1.0,1.596280911293792,-1.828,-6.814999999999998,64.65167837296492,-10.0,0.9205048534524404
rho2900_caliper2,r56c173,r46c060,2.0,3.015328359732946,-1.4609999999999999,-9.681000000000004,221.36676574401378,20.0,0.9205048534524404
rho2900_caliper2,r56c177,r46c158,2.0,2.3413468308405,-1.1879999999999997,-8.759,141.13079704885473,20.0,0.9205048534524404
rho2900_caliper2,r57c172,r49c055,2.0,2.3000941887329267,-1.75,-9.457,3.295889252298082,16.0,0.9063077870366499
rho2900_caliper2,r57c173,r47c158,2.0,1.760990129480907,-1.005,-7.085000000000001,-24.208400469292144,20.0,0.9063077870366499
rho2900_caliper2,r57c175,r49c053,2.0,1.9483024636882522,-1.7089999999999999,-7.578000000000003,-18.666109180615877,16.0,0.9063077870366499
rho2900_caliper2,r57c176,r48c053,2.0,2.406020869915002,-1.7420000000000002,-8.979999999999997,-52.799889131987925,18.0,0.9063077870366499
rho2900_caliper2,r57c177,r48c052,2.0,1.4743709061690669,-1.169,-5.545000000000002,-37.05990495422225,18.0,0.9063077870366499
rho2900_caliper2,r57c178,r48c165,2.0,0.9649275225145393,0.3340000000000001,3.471999999999994,-24.169431650507875,18.0,0.9063077870366499
rho2900_caliper2,r58c172,r48c158,2.0,1.5289297362538985,-0.9919999999999998,-5.1569999999999965,-39.077514798806234,20.0,0.8910065241883679
rho2900_caliper2,r58c173,r48c157,2.0,1.9008094237701876,-1.266,-7.07,4.942483112453814,20.0,0.8910065241883679
rho2900_caliper2,r58c174,r50c162,2.0,0.648645415343634,0.11199999999999966,-0.029000000000003467,-22.250628775993036,16.0,0.8910065241883679
rho2900_caliper2,r58c175,r48c159,2.0,1.3479475173844864,-0.484,-5.339999999999996,-19.505808483726526,20.0,0.8910065241883679
rho2900_caliper2,r58c176,r49c054,2.0,2.267555366732784,-1.681,-8.638999999999996,20.76707986093919,18.0,0.8910065241883679
rho2900_caliper2,r59c000,r50c051,2.0,1.5890450505227034,-1.134,-4.630000000000003,147.94199723892905,18.0,0.8746197071393957
rho2900_caliper2,r59c175,r49c159,2.0,1.1093434262938715,-0.1379999999999999,-3.230000000000004,-4.7758105540743685,20.0,0.8746197071393957
rho2900_caliper2,r59c179,r49c052,2.0,1.8810172329848887,-1.245,-6.494999999999997,80.30856721819913,20.0,0.8746197071393957
rho2900_caliper2,r60c012,r55c038,2.0,1.097865698507528,-1.124,-7.1739999999999995,39.52599733944129,10.0,0.8571673007021123
rho2900_caliper2,r60c013,r55c036,2.0,1.7611061797114573,-1.808,-8.326,-7.750340252605781,10.0,0.8571673007021123
rho2900_caliper2,r61c006,r60c026,2.0,0.7164797645622781,-1.2959999999999998,-5.329000000000001,-15.2774968697438,2.0,0.838670567945424
rho2900_caliper2,r61c007,r61c024,2.0,0.46140458980405097,-0.99,-4.459000000000003,-39.74607128213506,0.0,0.838670567945424
rho2900_caliper2,r61c009,r61c025,2.0,0.9033370618244858,-1.3,-6.93,-7.274995821560367,0.0,0.838670567945424
rho2900_caliper2,r61c012,r56c038,2.0,0.8479364086684953,-1.208,-4.780000000000001,20.427353723979195,10.0,0.838670567945424
rho2900_caliper2,r61c013,r60c028,2.0,0.5822826740416914,-1.095,-5.214999999999996,7.125704439019557,2.0,0.838670567945424
rho2900_caliper2,r61c014,r61c026,2.0,0.6891615189086072,-1.4940000000000002,-2.939,63.480530887624354,0.0,0.838670567945424
rho2900_caliper2,r61c015,r59c028,2.0,0.761999767102255,-1.131,-6.338000000000001,-6.75551176469537,4.0,0.838670567945424
rho2900_caliper2,r62c009,r56c039,2.0,0.9370864616007059,-0.7989999999999999,-6.2890000000000015,44.46785517723464,12.0,0.8191520442889918
rho2900_caliper2,r62c012,r57c039,2.0,0.9876454002026137,-1.285,-5.326999999999998,60.79710040976673,10.0,0.8191520442889918
rho2900_caliper2,r62c013,r57c038,2.0,0.9783324867266637,-1.51,-3.915999999999997,21.121633587385162,10.0,0.8191520442889918
rho2900_caliper2,r62c014,r60c029,2.0,0.6579881952929032,-1.069,-5.722999999999999,-20.72097913616261,4.0,0.8191520442889918
rho2900_caliper2,r62c015,r60c027,2.0,0.3638230125410754,-0.7809999999999999,-4.119,-12.263919793311857,4.0,0.8191520442889918
rho2900_caliper2,r62c016,r56c036,2.0,1.030423569708586,-1.034,-6.149999999999999,47.34829747491182,12.0,0.8191520442889918
rho2900_caliper2,r62c017,r59c030,2.0,0.7824859662668657,-1.148,-5.986000000000004,-20.54070505162548,6.0,0.8191520442889918
rho2900_caliper2,r62c018,r59c029,2.0,0.46835565236569643,-0.911,-4.130000000000003,-5.251305829283012,6.0,0.8191520442889918
rho2900_caliper2,r62c019,r59c032,1.0,0.502414439180877,-0.826,-3.8370000000000033,92.28097001158426,6.0,0.8191520442889918
rho2900_caliper2,r62c020,r59c031,1.0,0.3227303943995947,-0.85,-1.9409999999999954,36.03821022142387,6.0,0.8191520442889918
rho2900_caliper2,r62c021,r57c033,2.0,0.5110311611789138,-0.456,-4.572000000000003,1.1742683263314007,10.0,0.8191520442889918
rho2900_caliper2,r63c002,r57c040,2.0,0.7078576828869585,-0.8999999999999999,-3.799999999999997,9.283935578529793,12.0,0.7986355100472928
rho2900_caliper2,r63c003,r61c029,2.0,0.6811446522162312,-1.2069999999999999,-4.619999999999997,-75.59071503472396,4.0,0.7986355100472928
rho2900_caliper2,r63c012,r61c030,2.0,0.5221950975348522,-0.8440000000000001,-4.5660000000000025,-92.77110745343441,4.0,0.7986355100472928
rho2900_caliper2,r63c013,r61c031,2.0,0.4232126715813761,-0.9039999999999999,-3.929000000000002,-46.99407986463655,4.0,0.7986355100472928
rho2900_caliper2,r63c014,r61c032,2.0,0.4387708292959158,-0.8999999999999999,-4.407000000000004,13.597445959899915,4.0,0.7986355100472928
rho2900_caliper2,r63c016,r60c030,2.0,0.5627960494549571,-1.054,-4.361000000000004,-20.965341660609965,6.0,0.7986355100472928
rho2900_caliper2,r63c017,r60c032,2.0,0.5216184210257538,-1.062,-3.853999999999999,10.05900056257309,6.0,0.7986355100472928
rho2900_caliper2,r63c018,r57c035,2.0,1.1344900736176766,-1.189,-6.467999999999996,15.616098283211954,12.0,0.7986355100472928
rho2900_caliper2,r63c019,r58c033,2.0,0.8385574066373647,-1.021,-5.4339999999999975,-54.21921889296124,10.0,0.7986355100472928
rho2900_caliper2,r63c020,r56c035,2.0,0.8408743736876731,-0.74,-4.2549999999999955,-54.435017515296465,14.0,0.7986355100472928
rho2900_caliper2,r63c021,r57c034,2.0,0.5453847577602208,-0.595,-2.9609999999999985,-28.78014590685524,12.0,0.7986355100472928
rho2900_caliper2,r64c015,r61c028,2.0,1.0214978767380358,-1.4180000000000001,-6.419000000000004,-38.8627586054202,6.0,0.7771459614569709
rho2900_caliper2,r64c016,r62c027,2.0,0.537506408703292,-1.025,-4.844000000000001,-4.3141491972657775,4.0,0.7771459614569709
rho2900_caliper2,r64c017,r60c035,2.0,1.1291154664378158,-1.6569999999999998,-5.105000000000004,44.59110874830759,8.0,0.7771459614569709
rho2900_caliper2,r64c018,r62c026,2.0,0.658150265215944,-1.0359999999999998,-5.742000000000004,-42.55415689958991,4.0,0.7771459614569709
rho2900_caliper2,r64c019,r61c027,2.0,0.3606294577553394,-0.897,-2.5529999999999973,-19.670297353638432,6.0,0.7771459614569709
rho2900_caliper2,r64c020,r63c026,2.0,0.31007346254909957,-0.8220000000000001,-3.4849999999999994,29.546897119984777,2.0,0.7771459614569709
rho2900_caliper2,r64c021,r57c036,2.0,0.7160778610424691,-0.589,-3.706000000000003,-13.427307765229813,14.0,0.7771459614569709
rho2900_caliper2,r64c022,r62c025,2.0,0.5231968909283952,-0.9410000000000001,-4.271000000000001,-84.54052746201404,4.0,0.7771459614569709
rho2900_caliper2,r65c017,r63c027,2.0,0.868834238073033,-1.4969999999999999,-4.883000000000003,-52.08703127048943,4.0,0.754709580222772
rho2900_caliper2,r65c018,r64c027,2.0,0.5584423080417193,-1.284,-3.4369999999999976,40.41504204816252,2.0,0.754709580222772
rho2900_caliper2,r65c019,r62c028,2.0,0.7790215201755458,-1.049,-6.366,27.920492757097577,6.0,0.754709580222772
rho2900_caliper2,r65c020,r61c033,2.0,0.5958872734712346,-0.92,-4.707000000000001,-15.671327716920189,8.0,0.754709580222772
