cell_id,latitude_deg,longitude_east_deg,unit,epoch_rank,unit_group,south_of_boundary,inside_arabia_footprint,boundary_distance_km,arabia_edge_distance_km,elevation_km,thickness_2600_km,thickness_2700_km,thickness_2800_km,thickness_2900_km,candidate_arabia,candidate_control
r38c088,-13,177,eNh,1.0,Highland Units,False,False,12.222978121511286,7460.239073323117,-1.503,39.247,43.19,48.061,54.271,False,False
r38c090,-13,181,eNh,1.0,Highland Units,False,False,6.003554813424255,7624.993049444004,-0.204,45.72,49.991,55.255,61.957,False,False
r39c090,-11,181,eNh,1.0,Highland Units,False,False,103.40378252598737,7540.508653260486,-1.26,57.081,57.494,57.714,57.598,False,False
r39c091,-11,183,eNh,1.0,Highland Units,False,False,82.83918221901068,7620.493918551156,-1.351,55.027,55.805,56.432,56.754,False,False
r39c092,-11,185,eNh,1.0,Highland Units,False,False,77.44064345274361,7699.338817984509,-1.659,49.014,50.019,50.846,51.299,False,False
r47c152,5,305,eNh,1.0,Highland Units,False,False,29.581695894409883,1629.902959848273,0.925,46.796,51.679,57.896,66.195,False,False
r47c153,5,307,eNh,1.0,Highland Units,False,False,29.67130487737817,1526.571249472115,0.644,45.656,50.485,56.606,64.72,False,False
r47c154,5,309,eNh,1.0,Highland Units,False,False,29.580610350848005,1425.143226331677,0.293,42.764,47.576,53.684,61.784,False,False
r49c152,9,305,eNh,1.0,Highland Units,False,False,207.05315918292158,1532.3746734349597,-0.064,60.222,59.872,59.407,58.77,False,False
r49c153,9,307,eNh,1.0,Highland Units,False,False,207.06512541550168,1423.4629744978906,-0.152,59.838,59.452,58.937,58.208,False,False
r49c154,9,309,eNh,1.0,Highland Units,False,False,184.66918525687254,1315.5724349961404,-0.688,57.794,57.313,56.657,55.735,False,False
r50c151,11,303,eNh,1.0,Highland Units,False,False,330.7033303878717,1605.9271222876305,-0.352,58.01,57.927,57.806,57.655,False,False
r50c152,11,305,eNh,1.0,Highland Units,False,False,325.36888727271656,1494.462409647559,-0.094,57.962,57.858,57.714,57.537,False,False
r50c153,11,307,eNh,1.0,Highland Units,False,False,325.3762202955139,1383.4743040274,-0.629,55.069,54.964,54.787,54.528,False,False
r51c152,13,305,eNh,1.0,Highland Units,False,False,443.6846908957911,1464.5730915452305,-0.699,54.921,54.955,55.003,55.078,False,False
r52c151,15,303,eNh,1.0,Highland Units,False,False,565.0653993259369,1556.3210376250056,-0.736,54.864,54.88,54.88,54.874,False,False
r52c152,15,305,eNh,1.0,Highland Units,False,False,562.0005223465848,1443.207103264062,-0.83,55.82,55.886,55.95,56.031,False,False
r53c152,17,305,eNh,1.0,Highland Units,False,False,680.316367105892,1430.7476320551589,-1.181,54.071,54.218,54.405,54.663,False,False
r53c153,17,307,eNh,1.0,Highland Units,False,False,654.5161046182566,1317.8358071374084,-2.029,50.732,50.831,50.97,51.191,False,False
r55c168,21,337,eNh,1.0,Highland Units,False,True,29.92108642648574,181.40913818873437,-3.393,34.897,37.163,39.779,42.846,False,False
r56c169,23,339,eNh,1.0,Highland Units,False,True,8.760117339984511,148.77215711258464,-3.231,32.134,34.982,38.429,42.717,False,False
r67c144,45,289,eNh,1.0,Highland Units,False,False,2277.5810710806127,2518.7663956946735,0.234,64.631,64.794,65.003,65.311,False,False
r67c145,45,291,eNh,1.0,Highland Units,False,False,2279.3096126110936,2439.325867702998,-0.113,63.802,63.999,64.246,64.598,False,False
