scenario,ordering_endmember,depth_km,earliest_sampled_compatible_time_myr,qualification
cooling,pyrrhotite,5.0,0.0,No later ordering-temperature crossing; acquisition and survival remain unresolved
cooling,pyrrhotite,15.0,0.0,No later ordering-temperature crossing; acquisition and survival remain unresolved
cooling,pyrrhotite,25.0,63.5,No later ordering-temperature crossing; acquisition and survival remain unresolved
cooling,pyrrhotite,35.0,632.375,No later ordering-temperature crossing; acquisition and survival remain unresolved
cooling,pyrrhotite,45.0,1175.625,No later ordering-temperature crossing; acquisition and survival remain unresolved
cooling,magnetite,5.0,0.0,No later ordering-temperature crossing; acquisition and survival remain unresolved
cooling,magnetite,15.0,0.0,No later ordering-temperature crossing; acquisition and survival remain unresolved
cooling,magnetite,25.0,0.0,No later ordering-temperature crossing; acquisition and survival remain unresolved
cooling,magnetite,35.0,0.0,No later ordering-temperature crossing; acquisition and survival remain unresolved
cooling,magnetite,45.0,159.625,No later ordering-temperature crossing; acquisition and survival remain unresolved
cooling,hematite,5.0,0.0,No later ordering-temperature crossing; acquisition and survival remain unresolved
cooling,hematite,15.0,0.0,No later ordering-temperature crossing; acquisition and survival remain unresolved
cooling,hematite,25.0,0.0,No later ordering-temperature crossing; acquisition and survival remain unresolved
cooling,hematite,35.0,0.0,No later ordering-temperature crossing; acquisition and survival remain unresolved
cooling,hematite,45.0,0.0,No later ordering-temperature crossing; acquisition and survival remain unresolved
reheating,pyrrhotite,5.0,0.0,No later ordering-temperature crossing; acquisition and survival remain unresolved
reheating,pyrrhotite,15.0,0.0,No later ordering-temperature crossing; acquisition and survival remain unresolved
reheating,pyrrhotite,25.0,1002.59375,No later ordering-temperature crossing; acquisition and survival remain unresolved
reheating,pyrrhotite,35.0,1020.375,No later ordering-temperature crossing; acquisition and survival remain unresolved
reheating,pyrrhotite,45.0,1176.5,No later ordering-temperature crossing; acquisition and survival remain unresolved
reheating,magnetite,5.0,0.0,No later ordering-temperature crossing; acquisition and survival remain unresolved
reheating,magnetite,15.0,0.0,No later ordering-temperature crossing; acquisition and survival remain unresolved
reheating,magnetite,25.0,1000.140625,No later ordering-temperature crossing; acquisition and survival remain unresolved
reheating,magnetite,35.0,0.0,No later ordering-temperature crossing; acquisition and survival remain unresolved
reheating,magnetite,45.0,159.625,No later ordering-temperature crossing; acquisition and survival remain unresolved
reheating,hematite,5.0,0.0,No later ordering-temperature crossing; acquisition and survival remain unresolved
reheating,hematite,15.0,0.0,No later ordering-temperature crossing; acquisition and survival remain unresolved
reheating,hematite,25.0,1000.015625,No later ordering-temperature crossing; acquisition and survival remain unresolved
reheating,hematite,35.0,0.0,No later ordering-temperature crossing; acquisition and survival remain unresolved
reheating,hematite,45.0,0.0,No later ordering-temperature crossing; acquisition and survival remain unresolved
