band,host_c,thickness_m,midplane_cooling_through_band_myr,known_fraction,chron_myr,poisson_q05,poisson_median,poisson_q95,poisson_rms,periodic_median,periodic_q95
magnetite_430_580,100,30,2.343826767470001e-05,1.0,0.67,1.0,1.0,1.0,1.0,0.9999999999995131,1.0000000000004112
magnetite_430_580,100,30,2.343826767470001e-05,1.0,2,1.0,1.0,1.0,1.0,1.0000000000027023,1.0000000000028308
magnetite_430_580,100,30,2.343826767470001e-05,1.0,5,1.0,1.0,1.0,1.0,1.0000000000061542,1.0000000000228866
magnetite_430_580,100,30,2.343826767470001e-05,1.0,20,1.0,1.0,1.0,1.0,0.9999999999969298,1.0000000000446974
magnetite_430_580,100,30,2.343826767470001e-05,1.0,100,1.0,1.0,1.0,1.0,1.0000000000566258,1.0000000001101934
magnetite_430_580,100,100,0.0002604251963855555,1.0,0.67,1.0,1.0,1.0,1.0,1.0000000000000764,1.0000000000002693
magnetite_430_580,100,100,0.0002604251963855555,1.0,2,1.0,1.0,1.0,1.0,0.9999999999997712,1.0000000000000142
magnetite_430_580,100,100,0.0002604251963855555,1.0,5,1.0,1.0,1.0,1.0,1.0000000000003233,1.0000000000009976
magnetite_430_580,100,100,0.0002604251963855555,1.0,20,1.0,1.0,1.0,1.0,1.0000000000033844,1.0000000000085003
magnetite_430_580,100,100,0.0002604251963855555,1.0,100,1.0,1.0,1.0,1.0,0.9999999999920723,1.000000000000271
magnetite_430_580,100,300,0.0023438267674700014,1.0,0.67,1.0,1.0,1.0,1.0,1.0000000000000004,1.000000000000023
magnetite_430_580,100,300,0.0023438267674700014,1.0,2,1.0,1.0,1.0,0.9977839200076111,0.999999999999994,1.0000000000000095
magnetite_430_580,100,300,0.0023438267674700014,1.0,5,1.0,1.0,1.0,1.0,1.0000000000000284,1.000000000000092
magnetite_430_580,100,300,0.0023438267674700014,1.0,20,1.0,1.0,1.0,1.0,1.0000000000002132,1.00000000000039
magnetite_430_580,100,300,0.0023438267674700014,1.0,100,1.0,1.0,1.0,1.0,1.0000000000007216,1.0000000000023332
magnetite_430_580,100,1000,0.026042519638555552,1.0,0.67,1.0,1.0,1.0,0.9895729105837175,0.9999999999999999,1.0000000000000018
magnetite_430_580,100,1000,0.026042519638555552,1.0,2,1.0,1.0,1.0,0.9960885107333617,0.9999999999999992,1.0000000000000002
magnetite_430_580,100,1000,0.026042519638555552,1.0,5,1.0,1.0,1.0,1.0,0.9999999999999993,1.0000000000000024
magnetite_430_580,100,1000,0.026042519638555552,1.0,20,1.0,1.0,1.0,0.9988047491318299,1.0000000000000284,1.000000000000059
magnetite_430_580,100,1000,0.026042519638555552,1.0,100,1.0,1.0,1.0,1.0,0.9999999999999729,1.0000000000000642
magnetite_430_580,100,3000,0.2343826767470001,1.0,0.67,0.6993100943871456,1.0,1.0,0.9649906086312563,0.9999999999999996,1.0
magnetite_430_580,100,3000,0.2343826767470001,1.0,2,0.8087754630964644,1.0,1.0,0.976419650710343,0.9999999999999998,1.0000000000000004
magnetite_430_580,100,3000,0.2343826767470001,1.0,5,1.0,1.0,1.0,0.9875885168241619,0.9999999999999998,1.0000000000000002
magnetite_430_580,100,3000,0.2343826767470001,1.0,20,1.0,1.0,1.0,0.9963569134565993,0.9999999999999988,1.0000000000000002
magnetite_430_580,100,3000,0.2343826767470001,1.0,100,1.0,1.0,1.0,1.0,0.9999999999999969,1.0000000000000164
magnetite_430_580,100,10000,2.604251963855555,1.0,0.67,0.05565861888423331,0.4368155066327506,0.9800237155235433,0.5653506041935917,0.14474507300719097,0.18258208734624704
magnetite_430_580,100,10000,2.604251963855555,1.0,2,0.1559257414193412,0.9140558107940346,1.0,0.8001868752654399,0.6648494935415844,0.9967489167115041
magnetite_430_580,100,10000,2.604251963855555,1.0,5,0.2220892571278012,1.0,1.0,0.9347141216291293,1.0,1.0
magnetite_430_580,100,10000,2.604251963855555,1.0,20,0.6096787530843535,1.0,1.0,0.9695285403736736,1.0000000000000002,1.0000000000000004
magnetite_430_580,100,10000,2.604251963855555,1.0,100,1.0,1.0,1.0,0.9963143104400998,0.9999999999999994,1.0000000000000004
magnetite_430_580,100,30000,23.43826767470001,1.0,0.67,0.013736688255254108,0.14641528363790118,0.4113577100832337,0.21043265072381545,0.004121591195380334,0.007129393916230147
magnetite_430_580,100,30000,23.43826767470001,1.0,2,0.01744807839033563,0.25602733974873076,0.6950130480076546,0.36300854205350025,0.03384665164194239,0.044809867940747705
magnetite_430_580,100,30000,23.43826767470001,1.0,5,0.029961788210058588,0.4555887210141948,0.9079177562984155,0.5298661707457943,0.16802267655883016,0.22835175478544345
magnetite_430_580,100,30000,23.43826767470001,1.0,20,0.21067828464652802,0.9595511697861986,1.0,0.8317221544842937,0.769379486093139,1.0
magnetite_430_580,100,30000,23.43826767470001,1.0,100,0.3772113889901183,1.0,1.0,0.9539128035545673,1.0,1.0000000000000002
magnetite_430_580,300,30,0.0001050883522390965,1.0,0.67,1.0,1.0,1.0,1.0,1.0000000000000029,1.000000000000426
magnetite_430_580,300,30,0.0001050883522390965,1.0,2,1.0,1.0,1.0,1.0,1.0000000000002824,1.0000000000004956
magnetite_430_580,300,30,0.0001050883522390965,1.0,5,1.0,1.0,1.0,1.0,0.9999999999971696,1.0000000000036622
magnetite_430_580,300,30,0.0001050883522390965,1.0,20,1.0,1.0,1.0,1.0,1.000000000004738,1.0000000000118385
magnetite_430_580,300,30,0.0001050883522390965,1.0,100,1.0,1.0,1.0,1.0,1.0000000000392186,1.000000000063359
magnetite_430_580,300,100,0.0011676483582121824,1.0,0.67,1.0,1.0,1.0,0.9964790930147795,1.000000000000035,1.0000000000001221
magnetite_430_580,300,100,0.0011676483582121824,1.0,2,1.0,1.0,1.0,0.9994452655264899,0.9999999999999694,1.0000000000000056
magnetite_430_580,300,100,0.0011676483582121824,1.0,5,1.0,1.0,1.0,1.0,0.9999999999998183,1.0000000000000018
magnetite_430_580,300,100,0.0011676483582121824,1.0,20,1.0,1.0,1.0,1.0,1.000000000000506,1.0000000000008242
magnetite_430_580,300,100,0.0011676483582121824,1.0,100,1.0,1.0,1.0,1.0,1.0000000000060418,1.0000000000137372
magnetite_430_580,300,300,0.010508835223909649,1.0,0.67,1.0,1.0,1.0,0.9964942726711989,1.0000000000000013,1.0000000000000047
magnetite_430_580,300,300,0.010508835223909649,1.0,2,1.0,1.0,1.0,1.0,0.9999999999999993,1.0000000000000027
magnetite_430_580,300,300,0.010508835223909649,1.0,5,1.0,1.0,1.0,0.9974628347919506,1.0000000000000009,1.0000000000000084
magnetite_430_580,300,300,0.010508835223909649,1.0,20,1.0,1.0,1.0,1.0,1.0000000000001208,1.0000000000002753
magnetite_430_580,300,300,0.010508835223909649,1.0,100,1.0,1.0,1.0,1.0,0.9999999999994371,1.0000000000002423
magnetite_430_580,300,1000,0.11676483582121824,1.0,0.67,0.4911651698300428,1.0,1.0,0.953493068055302,1.0000000000000002,1.0000000000000009
magnetite_430_580,300,1000,0.11676483582121824,1.0,2,1.0,1.0,1.0,0.9848733312649621,1.000000000000001,1.0000000000000018
magnetite_430_580,300,1000,0.11676483582121824,1.0,5,1.0,1.0,1.0,0.9945268185674443,1.0000000000000058,1.0000000000000084
magnetite_430_580,300,1000,0.11676483582121824,1.0,20,1.0,1.0,1.0,1.0,0.9999999999999933,1.0000000000000084
magnetite_430_580,300,1000,0.11676483582121824,1.0,100,1.0,1.0,1.0,0.9962556063494492,0.9999999999999876,1.0000000000000364
magnetite_430_580,300,3000,1.050883522390965,1.0,0.67,0.14258536000037875,0.7599035164569241,1.0,0.7517277071906739,0.49072788762442254,0.7853551183688154
magnetite_430_580,300,3000,1.050883522390965,1.0,2,0.4224759404362022,1.0,1.0,0.9243787385144043,0.9732386873569187,1.0
magnetite_430_580,300,3000,1.050883522390965,1.0,5,0.29068599808301937,1.0,1.0,0.9424876852903441,0.9999999999999998,1.0
magnetite_430_580,300,3000,1.050883522390965,1.0,20,1.0,1.0,1.0,0.9860822587876086,0.9999999999999987,0.9999999999999998
magnetite_430_580,300,3000,1.050883522390965,1.0,100,1.0,1.0,1.0,0.9982665926328442,1.000000000000003,1.0000000000000062
magnetite_430_580,300,10000,11.676483582121824,1.0,0.67,0.024333390028734563,0.20979644037652043,0.5855903640128861,0.3046702724329332,0.049919080338507386,0.07185202185313154
magnetite_430_580,300,10000,11.676483582121824,1.0,2,0.04810872852607235,0.36261779765348634,0.8827331676352925,0.4613650069643981,0.18252843201662816,0.3005542993071171
magnetite_430_580,300,10000,11.676483582121824,1.0,5,0.06484387510418406,0.5929714616194871,1.0,0.6431720402145533,0.2989432167958862,0.4797552735532691
magnetite_430_580,300,10000,11.676483582121824,1.0,20,0.35508555550857573,1.0,1.0,0.9215381074822857,0.9446832188280577,1.0000000000000002
magnetite_430_580,300,10000,11.676483582121824,1.0,100,0.7604530000987832,1.0,1.0,0.974299006181414,1.0000000000000002,1.0000000000000009
magnetite_430_580,300,30000,105.0883522390965,1.0,0.67,0.005532119785603661,0.08507381053867871,0.18956462577411573,0.10277134694014238,0.0006631658958146172,0.0010858886677620532
magnetite_430_580,300,30000,105.0883522390965,1.0,2,0.014905987676883118,0.1349680537241266,0.31961718718931587,0.1862780825542053,0.00728645195536929,0.010454455906997917
magnetite_430_580,300,30000,105.0883522390965,1.0,5,0.02444909303506037,0.19118195671581667,0.5551118822129429,0.290772802589989,0.04603596052074284,0.06669598425248137
magnetite_430_580,300,30000,105.0883522390965,1.0,20,0.03311665278941712,0.3584136977488281,0.8989562802992075,0.47199407269727395,0.17673947020150138,0.2935692311855642
magnetite_430_580,300,30000,105.0883522390965,1.0,100,0.21862122393996208,0.9545984335050017,1.0,0.847379450115501,0.6990549108270904,1.0
magnetite_430_580,400,30,0.0015830675422255852,1.0,0.67,1.0,1.0,1.0,0.9973152484574995,1.0000000000000375,1.0000000000003273
magnetite_430_580,400,30,0.0015830675422255852,1.0,2,1.0,1.0,1.0,0.9993480540174627,0.9999999999998402,1.0000000000000178
magnetite_430_580,400,30,0.0015830675422255852,1.0,5,1.0,1.0,1.0,1.0,0.9999999999999212,1.0000000000015503
magnetite_430_580,400,30,0.0015830675422255852,1.0,20,1.0,1.0,1.0,1.0,1.0000000000005098,1.0000000000030682
magnetite_430_580,400,30,0.0015830675422255852,1.0,100,1.0,1.0,1.0,1.0,1.0000000000121392,1.0000000000246647
magnetite_430_580,400,100,0.01758963935806212,1.0,0.67,1.0,1.0,1.0,0.9972048273831206,1.0000000000000062,1.0000000000000286
magnetite_430_580,400,100,0.01758963935806212,1.0,2,1.0,1.0,1.0,0.9960810479739785,0.9999999999999778,1.0000000000000024
magnetite_430_580,400,100,0.01758963935806212,1.0,5,1.0,1.0,1.0,0.9966424369821925,1.0000000000000417,1.0000000000001013
magnetite_430_580,400,100,0.01758963935806212,1.0,20,1.0,1.0,1.0,0.9991632023649814,1.0000000000000506,1.0000000000006861
magnetite_430_580,400,100,0.01758963935806212,1.0,100,1.0,1.0,1.0,1.0,1.0000000000001634,1.0000000000016915
magnetite_430_580,400,300,0.1583067542225592,1.0,0.67,0.7314372831802733,1.0,1.0,0.9616986777935275,0.9999999999999983,1.0000000000000013
magnetite_430_580,400,300,0.1583067542225592,1.0,2,0.9835999222009449,1.0,1.0,0.9877422966037652,1.000000000000001,1.000000000000002
magnetite_430_580,400,300,0.1583067542225592,1.0,5,1.0,1.0,1.0,0.9962444044568824,0.9999999999999883,1.0000000000000049
magnetite_430_580,400,300,0.1583067542225592,1.0,20,1.0,1.0,1.0,0.996144157223807,1.000000000000016,1.0000000000000526
magnetite_430_580,400,300,0.1583067542225592,1.0,100,1.0,1.0,1.0,0.9980705349731481,0.9999999999999624,1.0000000000001985
magnetite_430_580,400,1000,1.7589639358062117,1.0,0.67,0.22358203747840708,0.8024858858706057,0.997226385013277,0.7680986398313852,0.6410557350448267,0.8091222009548947
magnetite_430_580,400,1000,1.7589639358062117,1.0,2,0.23716681100433684,0.9952749074152438,1.0,0.8887826644669803,0.8931644677604362,1.0
magnetite_430_580,400,1000,1.7589639358062117,1.0,5,0.6067039726105566,1.0,1.0,0.9466707834116395,0.9999999999999998,1.0000000000000004
magnetite_430_580,400,1000,1.7589639358062117,1.0,20,0.9610802583366485,1.0,1.0,0.9864700386509683,0.9999999999999994,1.0000000000000018
magnetite_430_580,400,1000,1.7589639358062117,1.0,100,1.0,1.0,1.0,0.99749401260789,1.0000000000000009,1.0000000000000122
magnetite_430_580,400,3000,15.830675422255919,1.0,0.67,0.025548727477458344,0.3357353601309838,0.6682912737711093,0.3943762694629371,0.18513795245046083,0.3251289025274482
magnetite_430_580,400,3000,15.830675422255919,1.0,2,0.11452293519733656,0.5821621225798088,0.8690608215748084,0.5969897211326965,0.4011848108240187,0.5606955145816028
magnetite_430_580,400,3000,15.830675422255919,1.0,5,0.22800161136789143,0.7643977324045308,0.98991197423862,0.7482254715336891,0.5671921786410835,0.776009347900741
magnetite_430_580,400,3000,15.830675422255919,1.0,20,0.291117569452945,1.0,1.0,0.8971628212014645,0.9191532033866721,1.0000000000000007
magnetite_430_580,400,3000,15.830675422255919,1.0,100,0.8115963651130716,1.0,1.0,0.9745496583571323,1.0,1.0000000000000036
magnetite_430_580,400,10000,175.89639358062118,1.0,0.67,0.01283867563460029,0.0992039822012098,0.27246422419023597,0.14712079120727975,0.019322746594769895,0.02596775983006171
magnetite_430_580,400,10000,175.89639358062118,1.0,2,0.0197758994405407,0.17002685677382937,0.45513812666356634,0.24297357453160875,0.06008249494773502,0.10231703794135652
magnetite_430_580,400,10000,175.89639358062118,1.0,5,0.021249029228761217,0.28117213519684303,0.6103502578020217,0.3322910321523441,0.12800485931389027,0.23441672572275343
magnetite_430_580,400,10000,175.89639358062118,1.0,20,0.12508289820297286,0.5547474097255098,0.8541057709440021,0.5766925541053943,0.3828993781627528,0.5356253425580086
magnetite_430_580,400,10000,175.89639358062118,1.0,100,0.1206687661006348,0.8830825971684831,1.0,0.8136632705897303,0.7126039693723689,0.8649568328712813
magnetite_430_580,400,30000,1583.0675422255918,1.0,0.67,0.0032852365532418195,0.03587476963026789,0.0977595376976788,0.05135688787043989,0.0008092805693811466,0.0014924444596458887
magnetite_430_580,400,30000,1583.0675422255918,1.0,2,0.004767303633573437,0.06130443540579039,0.16129695715389863,0.0854031579840349,0.0015679496372062345,0.0029852995478338484
magnetite_430_580,400,30000,1583.0675422255918,1.0,5,0.01940483250088077,0.11479581827616181,0.26288228489713034,0.1417396688494312,0.016244260522541465,0.02094384277466241
magnetite_430_580,400,30000,1583.0675422255918,1.0,20,0.014557689578384604,0.18144211645160493,0.4625297224182321,0.2554972898799738,0.06328000877367246,0.11542609980623611
magnetite_430_580,400,30000,1583.0675422255918,1.0,100,0.05771397737992591,0.40979528957504385,0.759073642148292,0.46922847115662636,0.25561564750897287,0.41000734640872927
pyrrhotite_175_325,100,30,0.000471176536150288,1.0,0.67,1.0,1.0,1.0,0.9988824982139403,0.999999999999996,1.0000000000001144
pyrrhotite_175_325,100,30,0.000471176536150288,1.0,2,1.0,1.0,1.0,1.0,1.0000000000001426,1.0000000000001674
pyrrhotite_175_325,100,30,0.000471176536150288,1.0,5,1.0,1.0,1.0,1.0,0.9999999999996688,1.0000000000007763
pyrrhotite_175_325,100,30,0.000471176536150288,1.0,20,1.0,1.0,1.0,1.0,1.0000000000033096,1.0000000000141978
pyrrhotite_175_325,100,30,0.000471176536150288,1.0,100,1.0,1.0,1.0,1.0,0.999999999989903,1.0000000000104394
pyrrhotite_175_325,100,100,0.005235294846114307,1.0,0.67,1.0,1.0,1.0,0.9999893081918576,1.0000000000000013,1.0000000000000069
pyrrhotite_175_325,100,100,0.005235294846114307,1.0,2,1.0,1.0,1.0,0.9962567189447048,0.9999999999999963,1.000000000000025
pyrrhotite_175_325,100,100,0.005235294846114307,1.0,5,1.0,1.0,1.0,0.9974640229941476,1.000000000000043,1.000000000000128
pyrrhotite_175_325,100,100,0.005235294846114307,1.0,20,1.0,1.0,1.0,1.0,0.9999999999996974,1.0000000000000626
pyrrhotite_175_325,100,100,0.005235294846114307,1.0,100,1.0,1.0,1.0,1.0,0.9999999999997228,1.000000000000535
pyrrhotite_175_325,100,300,0.0471176536150288,1.0,0.67,0.9967430496808297,1.0,1.0,0.9853690570555405,1.0000000000000004,1.000000000000001
pyrrhotite_175_325,100,300,0.0471176536150288,1.0,2,1.0,1.0,1.0,0.9952207289824482,1.000000000000005,1.0000000000000089
pyrrhotite_175_325,100,300,0.0471176536150288,1.0,5,1.0,1.0,1.0,0.9992650398443577,0.9999999999999849,1.0000000000000173
pyrrhotite_175_325,100,300,0.0471176536150288,1.0,20,1.0,1.0,1.0,0.9961236807480289,0.9999999999999938,1.0000000000000049
pyrrhotite_175_325,100,300,0.0471176536150288,1.0,100,1.0,1.0,1.0,1.0,0.9999999999999146,1.0000000000002043
pyrrhotite_175_325,100,1000,0.5235294846114307,1.0,0.67,0.3215108086809844,1.0,1.0,0.8856762162884245,0.798741306168991,1.0000000000000002
pyrrhotite_175_325,100,1000,0.5235294846114307,1.0,2,0.3864037332120321,1.0,1.0,0.9374848766008168,1.0,1.0000000000000004
pyrrhotite_175_325,100,1000,0.5235294846114307,1.0,5,0.856243040247335,1.0,1.0,0.9788487805196381,1.0,1.0000000000000004
pyrrhotite_175_325,100,1000,0.5235294846114307,1.0,20,1.0,1.0,1.0,0.9946628514771454,0.9999999999999998,1.0000000000000018
pyrrhotite_175_325,100,1000,0.5235294846114307,1.0,100,1.0,1.0,1.0,1.0,1.0000000000000089,1.0000000000000255
pyrrhotite_175_325,100,3000,4.71176536150288,1.0,0.67,0.04611636213816398,0.3590113599135741,0.7880596721903135,0.4473648392423103,0.2115780989041643,0.35656522214545
pyrrhotite_175_325,100,3000,4.71176536150288,1.0,2,0.18596491334440626,0.6818549770494283,1.0,0.6903096634068083,0.43260551641994804,0.6474579395738196
pyrrhotite_175_325,100,3000,4.71176536150288,1.0,5,0.2733662884414291,0.96844112478397,1.0,0.8721067671629368,0.7487939140003023,1.0
pyrrhotite_175_325,100,3000,4.71176536150288,1.0,20,0.43139337213418116,1.0,1.0,0.942211369504558,0.9999999999999998,1.0
pyrrhotite_175_325,100,3000,4.71176536150288,1.0,100,1.0,1.0,1.0,0.9878434256917136,0.9999999999999994,1.0000000000000007
pyrrhotite_175_325,100,10000,52.35294846114307,1.0,0.67,0.015053302899060001,0.1375206836804991,0.32315900577975143,0.1790838126070839,0.018475771671904437,0.0281807164852359
pyrrhotite_175_325,100,10000,52.35294846114307,1.0,2,0.03253901800586145,0.21058115392758614,0.49753109571530213,0.27750065230750365,0.05734089120658154,0.1050015632803376
pyrrhotite_175_325,100,10000,52.35294846114307,1.0,5,0.038407891575348,0.2971334087286485,0.7234323279986935,0.38493940249527636,0.13306548448298422,0.2554866240833236
pyrrhotite_175_325,100,10000,52.35294846114307,1.0,20,0.15806933300382828,0.6541969002075365,1.0,0.666930574103847,0.402992241796608,0.629468876365963
pyrrhotite_175_325,100,10000,52.35294846114307,1.0,100,0.21838220892711227,1.0,1.0,0.9031543857833254,0.9804817242532109,1.0
pyrrhotite_175_325,100,30000,471.176536150288,1.0,0.67,0.004672914967478974,0.03613461662630782,0.11317817148765934,0.05965650385606136,0.0003014150508530716,0.00045426248761517885
pyrrhotite_175_325,100,30000,471.176536150288,1.0,2,0.003156014065556611,0.06640160116848541,0.17045866565433349,0.09280630982173589,0.0037397402010657835,0.00527736188995446
pyrrhotite_175_325,100,30000,471.176536150288,1.0,5,0.01583630918859693,0.1113255481221776,0.28996808879049374,0.15686469756046703,0.01727582039296082,0.023623522198148447
pyrrhotite_175_325,100,30000,471.176536150288,1.0,20,0.027912728044581697,0.21192170765530224,0.542788159905888,0.29273680659391077,0.06681390040340263,0.11550234396224228
pyrrhotite_175_325,100,30000,471.176536150288,1.0,100,0.059798955379195676,0.4555950113381454,0.8892355738809283,0.5311643280332559,0.26649882613509973,0.46171564896133055
