bodies,emplacement_span_myr,chron_myr,coherence_q05,coherence_median,coherence_q95,coherence_rms,reference_one_over_sqrt_n
1,0.1,0.67,1.0,1.0,1.0,1.0,1.0
1,1,0.67,1.0,1.0,1.0,1.0,1.0
1,10,0.67,1.0,1.0,1.0,1.0,1.0
1,100,0.67,1.0,1.0,1.0,1.0,1.0
3,0.1,0.67,0.3333333333333333,1.0,1.0,0.976387901058454,0.5773502691896258
3,1,0.67,0.3333333333333333,1.0,1.0,0.8055363982396381,0.5773502691896258
3,10,0.67,0.3333333333333333,0.3333333333333333,1.0,0.5887840577551897,0.5773502691896258
3,100,0.67,0.3333333333333333,0.3333333333333333,1.0,0.5754225500544023,0.5773502691896258
10,0.1,0.67,0.4,1.0,1.0,0.9548821916864928,0.31622776601683794
10,1,0.67,0.0,0.6,1.0,0.7107038764492566,0.31622776601683794
10,10,0.67,0.0,0.2,0.8,0.41327956639543656,0.31622776601683794
10,100,0.67,0.0,0.2,0.6,0.3427827300200523,0.31622776601683794
30,0.1,0.67,0.4666666666666667,1.0,1.0,0.960514908207514,0.18257418583505536
30,1,0.67,0.06666666666666667,0.6,1.0,0.666841643703944,0.18257418583505536
30,10,0.67,0.0,0.2,0.6,0.314942675559996,0.18257418583505536
30,100,0.67,0.0,0.13333333333333333,0.3333333333333333,0.19669491322575908,0.18257418583505536
100,0.1,0.67,0.43900000000000006,1.0,1.0,0.961159195971198,0.1
100,1,0.67,0.04,0.58,1.0,0.6731849671524164,0.1
100,10,0.67,0.02,0.2,0.5009999999999991,0.26656331330473815,0.1
100,100,0.67,0.0,0.08,0.2609999999999991,0.12839003076563227,0.1
