realization,altitude_km,noise_nt,signal_relative_l2_error,signal_max_abs_error_nt,paired_noisy_max_abs_error_nt,signal_rms_nt
0,150,0,6.441199507829583e-15,2.656208586415687e-14,2.656208586415687e-14,0.27878086136697305
0,150,1,6.441199507829583e-15,2.656208586415687e-14,2.653433028854124e-14,0.27878086136697305
0,150,5,6.441199507829583e-15,2.656208586415687e-14,2.6645352591003757e-14,0.27878086136697305
0,400,0,3.4627693122771444e-14,1.4828416272649747e-14,1.4828416272649747e-14,0.034036047908905284
0,400,1,3.4627693122771444e-14,1.4828416272649747e-14,1.4876988529977098e-14,0.034036047908905284
0,400,5,3.4627693122771444e-14,1.4828416272649747e-14,1.509903313490213e-14,0.034036047908905284
1,150,0,3.154914444117107e-14,1.3723744363147716e-13,1.3723744363147716e-13,0.2681892270438648
1,150,1,3.154914444117107e-14,1.3723744363147716e-13,1.3733458814613186e-13,0.2681892270438648
1,150,5,3.154914444117107e-14,1.3723744363147716e-13,1.3855583347321954e-13,0.2681892270438648
1,400,0,4.898052802605069e-14,2.3828161666017422e-14,2.3828161666017422e-14,0.030872542233879592
1,400,1,4.898052802605069e-14,2.3828161666017422e-14,2.3828161666017422e-14,0.030872542233879592
1,400,5,4.898052802605069e-14,2.3828161666017422e-14,2.353672812205332e-14,0.030872542233879592
2,150,0,3.7520248766226456e-16,1.6237011735142914e-15,1.6237011735142914e-15,0.27820925716311906
2,150,1,3.7520248766226456e-16,1.6237011735142914e-15,1.5543122344752192e-15,0.27820925716311906
2,150,5,3.7520248766226456e-16,1.6237011735142914e-15,1.7763568394002505e-15,0.27820925716311906
2,400,0,2.8314387240572883e-15,1.1553258350005535e-15,1.1553258350005535e-15,0.03163009052910329
2,400,1,2.8314387240572883e-15,1.1553258350005535e-15,1.1657341758564144e-15,0.03163009052910329
2,400,5,2.8314387240572883e-15,1.1553258350005535e-15,1.7763568394002505e-15,0.03163009052910329
3,150,0,7.452506131545054e-15,3.275157922644212e-14,3.275157922644212e-14,0.2787061192437305
3,150,1,7.452506131545054e-15,3.275157922644212e-14,3.2862601528904634e-14,0.2787061192437305
3,150,5,7.452506131545054e-15,3.275157922644212e-14,3.2862601528904634e-14,0.2787061192437305
3,400,0,2.0020310711176673e-14,9.242606680004428e-15,9.242606680004428e-15,0.032256069380145934
3,400,1,2.0020310711176673e-14,9.242606680004428e-15,9.270362255620057e-15,0.032256069380145934
3,400,5,2.0020310711176673e-14,9.242606680004428e-15,9.325873406851315e-15,0.032256069380145934
4,150,0,4.1232975218877404e-16,1.627170620466245e-15,1.627170620466245e-15,0.2786614244498022
4,150,1,4.1232975218877404e-16,1.627170620466245e-15,1.5543122344752192e-15,0.2786614244498022
4,150,5,4.1232975218877404e-16,1.627170620466245e-15,1.7763568394002505e-15,0.2786614244498022
4,400,0,3.3264763100425226e-15,1.6167622796103842e-15,1.6167622796103842e-15,0.03328084148706166
4,400,1,3.3264763100425226e-15,1.6167622796103842e-15,1.609823385706477e-15,0.03328084148706166
4,400,5,3.3264763100425226e-15,1.6167622796103842e-15,1.3322676295501878e-15,0.03328084148706166
5,150,0,6.836007653682906e-16,2.959438250016433e-15,2.959438250016433e-15,0.27894474748334874
5,150,1,6.836007653682906e-16,2.959438250016433e-15,2.9698465908722937e-15,0.27894474748334874
5,150,5,6.836007653682906e-16,2.959438250016433e-15,3.1086244689504383e-15,0.27894474748334874
5,400,0,4.737213839722225e-15,2.095545958979983e-15,2.095545958979983e-15,0.03435070106249063
5,400,1,4.737213839722225e-15,2.095545958979983e-15,2.220446049250313e-15,0.03435070106249063
5,400,5,4.737213839722225e-15,2.095545958979983e-15,1.7763568394002505e-15,0.03435070106249063
6,150,0,1.0697729083712628e-14,3.597122599785507e-14,3.597122599785507e-14,0.2764578803794598
6,150,1,1.0697729083712628e-14,3.597122599785507e-14,3.597122599785507e-14,0.2764578803794598
6,150,5,1.0697729083712628e-14,3.597122599785507e-14,3.597122599785507e-14,0.2764578803794598
6,400,0,4.930444820208802e-14,2.0913826226376386e-14,2.0913826226376386e-14,0.031073211390855664
6,400,1,4.930444820208802e-14,2.0913826226376386e-14,2.0872192862952943e-14,0.031073211390855664
6,400,5,4.930444820208802e-14,2.0913826226376386e-14,2.0872192862952943e-14,0.031073211390855664
7,150,0,2.8551665558762487e-16,1.1449174941446927e-15,1.1449174941446927e-15,0.2787971056306607
7,150,1,2.8551665558762487e-16,1.1449174941446927e-15,1.1379786002407855e-15,0.2787971056306607
7,150,5,2.8551665558762487e-16,1.1449174941446927e-15,8.881784197001252e-16,0.2787971056306607
7,400,0,2.246037712696571e-15,1.1379786002407855e-15,1.1379786002407855e-15,0.03411306446642572
7,400,1,2.246037712696571e-15,1.1379786002407855e-15,1.1102230246251565e-15,0.03411306446642572
7,400,5,2.246037712696571e-15,1.1379786002407855e-15,8.881784197001252e-16,0.03411306446642572
8,150,0,1.7643394697248872e-14,7.721601136267964e-14,7.721601136267964e-14,0.26966183906892255
8,150,1,1.7643394697248872e-14,7.721601136267964e-14,7.716050021144838e-14,0.26966183906892255
8,150,5,1.7643394697248872e-14,7.721601136267964e-14,7.638334409421077e-14,0.26966183906892255
8,400,0,2.6875094484431954e-14,1.339206523454095e-14,1.339206523454095e-14,0.03130626651582511
8,400,1,2.6875094484431954e-14,1.339206523454095e-14,1.3378187446733136e-14,0.03130626651582511
8,400,5,2.6875094484431954e-14,1.339206523454095e-14,1.3322676295501878e-14,0.03130626651582511
9,150,0,3.127671686757752e-16,9.471590178833367e-16,9.471590178833367e-16,0.27892488541831095
9,150,1,3.127671686757752e-16,9.471590178833367e-16,9.992007221626409e-16,0.27892488541831095
9,150,5,3.127671686757752e-16,9.471590178833367e-16,1.7763568394002505e-15,0.27892488541831095
9,400,0,1.5577954703225593e-15,3.95516952522712e-16,3.95516952522712e-16,0.032509033208011656
9,400,1,1.5577954703225593e-15,3.95516952522712e-16,4.440892098500626e-16,0.032509033208011656
9,400,5,1.5577954703225593e-15,3.95516952522712e-16,4.440892098500626e-16,0.032509033208011656
10,150,0,5.974301489543536e-16,2.1718737919229625e-15,2.1718737919229625e-15,0.27895377367498925
10,150,1,5.974301489543536e-16,2.1718737919229625e-15,1.9984014443252818e-15,0.27895377367498925
10,150,5,5.974301489543536e-16,2.1718737919229625e-15,2.220446049250313e-15,0.27895377367498925
10,400,0,4.973354599344631e-15,2.005340338229189e-15,2.005340338229189e-15,0.03254006308067461
10,400,1,4.973354599344631e-15,2.005340338229189e-15,2.005340338229189e-15,0.03254006308067461
10,400,5,4.973354599344631e-15,2.005340338229189e-15,1.7763568394002505e-15,0.03254006308067461
11,150,0,4.644258677763343e-16,1.8735013540549517e-15,1.8735013540549517e-15,0.2785664205086823
11,150,1,4.644258677763343e-16,1.8735013540549517e-15,1.8318679906315083e-15,0.2785664205086823
11,150,5,4.644258677763343e-16,1.8735013540549517e-15,1.9984014443252818e-15,0.2785664205086823
11,400,0,2.702896480195512e-15,1.0685896612017132e-15,1.0685896612017132e-15,0.03233344031013243
11,400,1,2.702896480195512e-15,1.0685896612017132e-15,1.0547118733938987e-15,0.03233344031013243
11,400,5,2.702896480195512e-15,1.0685896612017132e-15,8.881784197001252e-16,0.03233344031013243
12,150,0,1.486168819190423e-14,6.539213615042172e-14,6.539213615042172e-14,0.27120904251797906
12,150,1,1.486168819190423e-14,6.539213615042172e-14,6.52811138479592e-14,0.27120904251797906
12,150,5,1.486168819190423e-14,6.539213615042172e-14,6.52811138479592e-14,0.27120904251797906
12,400,0,2.2318280434602428e-14,1.1379786002407855e-14,1.1379786002407855e-14,0.03227891124486148
12,400,1,2.2318280434602428e-14,1.1379786002407855e-14,1.1324274851176597e-14,0.03227891124486148
12,400,5,2.2318280434602428e-14,1.1379786002407855e-14,1.1546319456101628e-14,0.03227891124486148
13,150,0,2.671139698542701e-14,8.918560334691961e-14,8.918560334691961e-14,0.21595055178368125
13,150,1,2.671139698542701e-14,8.918560334691961e-14,8.926193117986259e-14,0.21595055178368125
13,150,5,2.671139698542701e-14,8.918560334691961e-14,8.926193117986259e-14,0.21595055178368125
13,400,0,1.4308523510713014e-13,6.053491041768666e-14,6.053491041768666e-14,0.029867030055621985
13,400,1,1.4308523510713014e-13,6.053491041768666e-14,6.050715484207103e-14,0.029867030055621985
13,400,5,1.4308523510713014e-13,6.053491041768666e-14,6.039613253960852e-14,0.029867030055621985
14,150,0,1.0834861324548765e-14,3.6193270602780103e-14,3.6193270602780103e-14,0.2768921735877231
14,150,1,1.0834861324548765e-14,3.6193270602780103e-14,3.597122599785507e-14,0.2768921735877231
14,150,5,1.0834861324548765e-14,3.6193270602780103e-14,3.597122599785507e-14,0.2768921735877231
14,400,0,4.039392664745815e-14,1.740274591099933e-14,1.740274591099933e-14,0.03289028541450616
14,400,1,4.039392664745815e-14,1.740274591099933e-14,1.7430501486614958e-14,0.03289028541450616
14,400,5,4.039392664745815e-14,1.740274591099933e-14,1.7430501486614958e-14,0.03289028541450616
15,150,0,7.849716510173608e-15,2.5549007354186415e-14,2.5549007354186415e-14,0.27759170896198687
15,150,1,7.849716510173608e-15,2.5549007354186415e-14,2.55351295663786e-14,0.27759170896198687
15,150,5,7.849716510173608e-15,2.5549007354186415e-14,2.4868995751603507e-14,0.27759170896198687
15,400,0,3.402517018172969e-14,1.260450077644748e-14,1.260450077644748e-14,0.030301161179041004
15,400,1,3.402517018172969e-14,1.260450077644748e-14,1.2656542480726785e-14,0.030301161179041004
15,400,5,3.402517018172969e-14,1.260450077644748e-14,1.2878587085651816e-14,0.030301161179041004
16,150,0,7.0596067061105136e-15,2.2148949341271873e-14,2.2148949341271873e-14,0.27852440253462474
16,150,1,7.0596067061105136e-15,2.2148949341271873e-14,2.2148949341271873e-14,0.27852440253462474
16,150,5,7.0596067061105136e-15,2.2148949341271873e-14,2.220446049250313e-14,0.27852440253462474
16,400,0,3.5497853410096046e-14,1.4960255256823984e-14,1.4960255256823984e-14,0.033034312664910706
16,400,1,3.5497853410096046e-14,1.4960255256823984e-14,1.4988010832439613e-14,0.033034312664910706
16,400,5,3.5497853410096046e-14,1.4960255256823984e-14,1.4876988529977098e-14,0.033034312664910706
17,150,0,1.681369932433688e-16,7.008282842946301e-16,7.008282842946301e-16,0.278878878185199
17,150,1,1.681369932433688e-16,7.008282842946301e-16,6.938893903907228e-16,0.278878878185199
17,150,5,1.681369932433688e-16,7.008282842946301e-16,6.661338147750939e-16,0.278878878185199
17,400,0,1.1422603362786454e-15,4.926614671774132e-16,4.926614671774132e-16,0.03408119274635777
17,400,1,1.1422603362786454e-15,4.926614671774132e-16,4.440892098500626e-16,0.03408119274635777
17,400,5,1.1422603362786454e-15,4.926614671774132e-16,8.881784197001252e-16,0.03408119274635777
18,150,0,3.775671317413686e-14,1.6081580511695392e-13,1.6081580511695392e-13,0.2779903907622271
18,150,1,3.775671317413686e-14,1.6081580511695392e-13,1.6087131626818518e-13,0.2779903907622271
18,150,5,3.775671317413686e-14,1.6081580511695392e-13,1.6076029396572267e-13,0.2779903907622271
18,400,0,1.0423996009909529e-13,5.2707838094079307e-14,5.2707838094079307e-14,0.03336205839841738
18,400,1,1.0423996009909529e-13,5.2707838094079307e-14,5.268008251846368e-14,0.03336205839841738
18,400,5,1.0423996009909529e-13,5.2707838094079307e-14,5.240252676230739e-14,0.03336205839841738
19,150,0,1.8801463047396364e-14,6.894484982922222e-14,6.894484982922222e-14,0.22665674188306065
19,150,1,1.8801463047396364e-14,6.894484982922222e-14,6.894484982922222e-14,0.22665674188306065
19,150,5,1.8801463047396364e-14,6.894484982922222e-14,6.838973831690964e-14,0.22665674188306065
19,400,0,4.1844808673004874e-14,1.8686441283222166e-14,1.8686441283222166e-14,0.02885110319549243
19,400,1,4.1844808673004874e-14,1.8686441283222166e-14,1.8707257964933888e-14,0.02885110319549243
19,400,5,4.1844808673004874e-14,1.8686441283222166e-14,1.865174681370263e-14,0.02885110319549243
20,150,0,6.948502011774274e-16,2.6645352591003757e-15,2.6645352591003757e-15,0.278530150952512
20,150,1,6.948502011774274e-16,2.6645352591003757e-15,2.6645352591003757e-15,0.278530150952512
20,150,5,6.948502011774274e-16,2.6645352591003757e-15,2.6645352591003757e-15,0.278530150952512
20,400,0,2.8227548379244875e-15,8.829742492721948e-16,8.829742492721948e-16,0.031190982103939568
20,400,1,2.8227548379244875e-15,8.829742492721948e-16,8.881784197001252e-16,0.031190982103939568
20,400,5,2.8227548379244875e-15,8.829742492721948e-16,8.881784197001252e-16,0.031190982103939568
21,150,0,4.214647560692426e-14,1.8407497748285095e-13,1.8407497748285095e-13,0.27826891943085125
21,150,1,4.214647560692426e-14,1.8407497748285095e-13,1.8429702208777599e-13,0.27826891943085125
21,150,5,4.214647560692426e-14,1.8407497748285095e-13,1.8385293287792592e-13,0.27826891943085125
21,400,0,1.1628897210366663e-13,4.986289159347734e-14,4.986289159347734e-14,0.0333569590071284
21,400,1,1.1628897210366663e-13,4.986289159347734e-14,4.984901380566953e-14,0.0333569590071284
21,400,5,1.1628897210366663e-13,4.986289159347734e-14,4.984901380566953e-14,0.0333569590071284
22,150,0,4.9081545799682695e-16,1.942890293094024e-15,1.942890293094024e-15,0.27896592448976404
22,150,1,4.9081545799682695e-16,1.942890293094024e-15,1.9984014443252818e-15,0.27896592448976404
22,150,5,4.9081545799682695e-16,1.942890293094024e-15,1.7763568394002505e-15,0.27896592448976404
22,400,0,2.9413446988842443e-15,1.3600232051658168e-15,1.3600232051658168e-15,0.03441196535075726
22,400,1,2.9413446988842443e-15,1.3600232051658168e-15,1.3322676295501878e-15,0.03441196535075726
22,400,5,2.9413446988842443e-15,1.3600232051658168e-15,1.3600232051658168e-15,0.03441196535075726
23,150,0,2.4364524793859383e-14,1.0426381980011001e-13,1.0426381980011001e-13,0.2780468113351776
23,150,1,2.4364524793859383e-14,1.0426381980011001e-13,1.042499420123022e-13,0.2780468113351776
23,150,5,2.4364524793859383e-14,1.0426381980011001e-13,1.0391687510491465e-13,0.2780468113351776
23,400,0,7.550475538097261e-14,2.821961414545271e-14,2.821961414545271e-14,0.03204807934670008
23,400,1,7.550475538097261e-14,2.821961414545271e-14,2.8199664825478976e-14,0.03204807934670008
23,400,5,7.550475538097261e-14,2.821961414545271e-14,2.8199664825478976e-14,0.03204807934670008
24,150,0,1.1699124126109966e-14,4.181897883537289e-14,4.181897883537289e-14,0.24926836296624388
24,150,1,1.1699124126109966e-14,4.181897883537289e-14,4.1799896877137144e-14,0.24926836296624388
24,150,5,1.1699124126109966e-14,4.181897883537289e-14,4.1744385725905886e-14,0.24926836296624388
24,400,0,2.446350256510851e-14,9.07791637000388e-15,9.07791637000388e-15,0.03156477534114696
24,400,1,2.446350256510851e-14,9.07791637000388e-15,8.992806499463768e-15,0.03156477534114696
24,400,5,2.446350256510851e-14,9.07791637000388e-15,8.881784197001252e-15,0.03156477534114696
25,150,0,2.896079685820757e-14,1.1511624986582092e-13,1.1511624986582092e-13,0.2774419678361258
25,150,1,2.896079685820757e-14,1.1511624986582092e-13,1.1501910535116622e-13,0.2774419678361258
25,150,5,2.896079685820757e-14,1.1511624986582092e-13,1.1546319456101628e-13,0.2774419678361258
25,400,0,1.7945634877455301e-13,7.81458231458032e-14,7.81458231458032e-14,0.03139593409209002
25,400,1,1.7945634877455301e-13,7.81458231458032e-14,7.815970093361102e-14,0.03139593409209002
25,400,5,1.7945634877455301e-13,7.81458231458032e-14,7.815970093361102e-14,0.03139593409209002
26,150,0,1.0907287491091635e-14,4.929390229335695e-14,4.929390229335695e-14,0.27871229843933737
26,150,1,1.0907287491091635e-14,4.929390229335695e-14,4.929390229335695e-14,0.27871229843933737
26,150,5,1.0907287491091635e-14,4.929390229335695e-14,4.929390229335695e-14,0.27871229843933737
26,400,0,2.4612780213101418e-14,1.3329615189405786e-14,1.3329615189405786e-14,0.03431867342475453
26,400,1,2.4612780213101418e-14,1.3329615189405786e-14,1.3322676295501878e-14,0.03431867342475453
26,400,5,2.4612780213101418e-14,1.3329615189405786e-14,1.3322676295501878e-14,0.03431867342475453
27,150,0,1.4049975665604647e-14,6.350475700855895e-14,6.350475700855895e-14,0.27855258329272187
27,150,1,1.4049975665604647e-14,6.350475700855895e-14,6.350475700855895e-14,0.27855258329272187
27,150,5,1.4049975665604647e-14,6.350475700855895e-14,6.394884621840902e-14,0.27855258329272187
27,400,0,2.084037151463537e-14,1.1046719095020308e-14,1.1046719095020308e-14,0.0334564325962298
27,400,1,2.084037151463537e-14,1.1046719095020308e-14,1.1046719095020308e-14,0.0334564325962298
27,400,5,2.084037151463537e-14,1.1046719095020308e-14,1.0658141036401503e-14,0.0334564325962298
28,150,0,8.246829597547737e-16,2.886579864025407e-15,2.886579864025407e-15,0.2786596767264213
28,150,1,8.246829597547737e-16,2.886579864025407e-15,2.886579864025407e-15,0.2786596767264213
28,150,5,8.246829597547737e-16,2.886579864025407e-15,2.886579864025407e-15,0.2786596767264213
28,400,0,2.968614247047232e-15,1.3322676295501878e-15,1.3322676295501878e-15,0.03337033832452548
28,400,1,2.968614247047232e-15,1.3322676295501878e-15,1.3322676295501878e-15,0.03337033832452548
28,400,5,2.968614247047232e-15,1.3322676295501878e-15,8.881784197001252e-16,0.03337033832452548
29,150,0,1.092824839395516e-14,4.937716902020384e-14,4.937716902020384e-14,0.27853215540202975
29,150,1,1.092824839395516e-14,4.937716902020384e-14,4.951594689828198e-14,0.27853215540202975
29,150,5,1.092824839395516e-14,4.937716902020384e-14,4.973799150320701e-14,0.27853215540202975
29,400,0,2.6439063435523988e-14,1.3364309658925322e-14,1.3364309658925322e-14,0.03197230987080674
29,400,1,2.6439063435523988e-14,1.3364309658925322e-14,1.3433698597964394e-14,0.03197230987080674
29,400,5,2.6439063435523988e-14,1.3364309658925322e-14,1.3322676295501878e-14,0.03197230987080674
30,150,0,2.543411262378607e-16,6.869504964868156e-16,6.869504964868156e-16,0.2790307098349541
30,150,1,2.543411262378607e-16,6.869504964868156e-16,7.771561172376096e-16,0.2790307098349541
30,150,5,2.543411262378607e-16,6.869504964868156e-16,8.881784197001252e-16,0.2790307098349541
30,400,0,1.5634013877173196e-15,6.869504964868156e-16,6.869504964868156e-16,0.03493031109322666
30,400,1,1.5634013877173196e-15,6.869504964868156e-16,6.938893903907228e-16,0.03493031109322666
30,400,5,1.5634013877173196e-15,6.869504964868156e-16,8.881784197001252e-16,0.03493031109322666
31,150,0,4.83750026408603e-16,2.0232296740752e-15,2.0232296740752e-15,0.27875706379971044
31,150,1,4.83750026408603e-16,2.0232296740752e-15,2.1094237467877974e-15,0.27875706379971044
31,150,5,4.83750026408603e-16,2.0232296740752e-15,1.9984014443252818e-15,0.27875706379971044
31,400,0,3.4743864220693844e-15,1.434128423655201e-15,1.434128423655201e-15,0.032438199004078086
31,400,1,3.4743864220693844e-15,1.434128423655201e-15,1.429412144204889e-15,0.032438199004078086
31,400,5,3.4743864220693844e-15,1.434128423655201e-15,8.881784197001252e-16,0.032438199004078086
32,150,0,3.335360003708813e-16,1.349614864309956e-15,1.349614864309956e-15,0.2789449680018816
32,150,1,3.335360003708813e-16,1.349614864309956e-15,1.3322676295501878e-15,0.2789449680018816
32,150,5,3.335360003708813e-16,1.349614864309956e-15,1.7763568394002505e-15,0.2789449680018816
32,400,0,2.223713799741181e-15,9.575673587391975e-16,9.575673587391975e-16,0.034294590769499485
32,400,1,2.223713799741181e-15,9.575673587391975e-16,8.881784197001252e-16,0.034294590769499485
32,400,5,2.223713799741181e-15,9.575673587391975e-16,8.881784197001252e-16,0.034294590769499485
33,150,0,1.795314461110161e-16,5.412337245047638e-16,5.412337245047638e-16,0.27884131489150193
33,150,1,1.795314461110161e-16,5.412337245047638e-16,4.440892098500626e-16,0.27884131489150193
33,150,5,1.795314461110161e-16,5.412337245047638e-16,8.881784197001252e-16,0.27884131489150193
33,400,0,1.3628573048575618e-15,5.273559366969494e-16,5.273559366969494e-16,0.03231540119057429
33,400,1,1.3628573048575618e-15,5.273559366969494e-16,4.440892098500626e-16,0.03231540119057429
33,400,5,1.3628573048575618e-15,5.273559366969494e-16,4.440892098500626e-16,0.03231540119057429
34,150,0,1.300915045380132e-16,5.530515281848558e-16,5.530515281848558e-16,0.2788979141283637
34,150,1,1.300915045380132e-16,5.530515281848558e-16,5.551115123125783e-16,0.2788979141283637
34,150,5,1.300915045380132e-16,5.530515281848558e-16,8.881784197001252e-16,0.2788979141283637
34,400,0,9.085467047629494e-16,3.9193908535350985e-16,3.9193908535350985e-16,0.033732040655020924
34,400,1,9.085467047629494e-16,3.9193908535350985e-16,3.885780586188048e-16,0.033732040655020924
34,400,5,9.085467047629494e-16,3.9193908535350985e-16,5.551115123125783e-17,0.033732040655020924
35,150,0,1.4790393135702574e-14,6.517009154549669e-14,6.517009154549669e-14,0.27148451597978895
35,150,1,1.4790393135702574e-14,6.517009154549669e-14,6.517009154549669e-14,0.27148451597978895
35,150,5,1.4790393135702574e-14,6.517009154549669e-14,6.483702463810914e-14,0.27148451597978895
35,400,0,2.193829180741404e-14,1.1296519275560968e-14,1.1296519275560968e-14,0.03213738894401367
35,400,1,2.193829180741404e-14,1.1296519275560968e-14,1.1324274851176597e-14,0.03213738894401367
35,400,5,2.193829180741404e-14,1.1296519275560968e-14,1.1213252548714081e-14,0.03213738894401367
36,150,0,3.284590514385003e-16,1.3322676295501878e-15,1.3322676295501878e-15,0.27673144659242316
36,150,1,3.284590514385003e-16,1.3322676295501878e-15,1.3322676295501878e-15,0.27673144659242316
36,150,5,3.284590514385003e-16,1.3322676295501878e-15,1.7763568394002505e-15,0.27673144659242316
36,400,0,2.203253515596768e-15,9.43689570931383e-16,9.43689570931383e-16,0.033963306075742515
36,400,1,2.203253515596768e-15,9.43689570931383e-16,8.881784197001252e-16,0.033963306075742515
36,400,5,2.203253515596768e-15,9.43689570931383e-16,8.881784197001252e-16,0.033963306075742515
37,150,0,1.6422314309792507e-14,4.440892098500626e-14,4.440892098500626e-14,0.1864924521141451
37,150,1,1.6422314309792507e-14,4.440892098500626e-14,4.440892098500626e-14,0.1864924521141451
37,150,5,1.6422314309792507e-14,4.440892098500626e-14,4.440892098500626e-14,0.1864924521141451
37,400,0,1.5694676310047126e-14,7.299716386910404e-15,7.299716386910404e-15,0.031562482709748055
37,400,1,1.5694676310047126e-14,7.299716386910404e-15,7.327471962526033e-15,0.031562482709748055
37,400,5,1.5694676310047126e-14,7.299716386910404e-15,7.327471962526033e-15,0.031562482709748055
38,150,0,6.882820690879879e-15,3.064215547965432e-14,3.064215547965432e-14,0.2784068176753748
38,150,1,6.882820690879879e-15,3.064215547965432e-14,3.064215547965432e-14,0.2784068176753748
38,150,5,6.882820690879879e-15,3.064215547965432e-14,3.108624468950438e-14,0.2784068176753748
38,400,0,1.0484106492359758e-14,5.2735593669694936e-15,5.2735593669694936e-15,0.03337530393820745
38,400,1,1.0484106492359758e-14,5.2735593669694936e-15,5.2735593669694936e-15,0.03337530393820745
38,400,5,1.0484106492359758e-14,5.2735593669694936e-15,5.329070518200751e-15,0.03337530393820745
39,150,0,1.237312891020433e-16,4.85722573273506e-16,4.85722573273506e-16,0.278893491558797
39,150,1,1.237312891020433e-16,4.85722573273506e-16,4.996003610813204e-16,0.278893491558797
39,150,5,1.237312891020433e-16,4.85722573273506e-16,4.440892098500626e-16,0.278893491558797
39,400,0,9.668237071551784e-16,4.85722573273506e-16,4.85722573273506e-16,0.03390166984141624
39,400,1,9.668237071551784e-16,4.85722573273506e-16,4.85722573273506e-16,0.03390166984141624
39,400,5,9.668237071551784e-16,4.85722573273506e-16,4.440892098500626e-16,0.03390166984141624
40,150,0,1.3580286173294415e-14,6.004918784441315e-14,6.004918784441315e-14,0.2786161533564089
40,150,1,1.3580286173294415e-14,6.004918784441315e-14,6.004918784441315e-14,0.2786161533564089
40,150,5,1.3580286173294415e-14,6.004918784441315e-14,6.039613253960852e-14,0.2786161533564089
40,400,0,8.8396874744344e-14,4.0766001685454967e-14,4.0766001685454967e-14,0.032555005354525476
40,400,1,8.8396874744344e-14,4.0766001685454967e-14,4.0745185003743245e-14,0.032555005354525476
40,400,5,8.8396874744344e-14,4.0766001685454967e-14,4.085620730620576e-14,0.032555005354525476
41,150,0,2.78485123266596e-15,1.2156942119645464e-14,1.2156942119645464e-14,0.27886569572151665
41,150,1,2.78485123266596e-15,1.2156942119645464e-14,1.2156942119645464e-14,0.27886569572151665
41,150,5,2.78485123266596e-15,1.2156942119645464e-14,1.2434497875801753e-14,0.27886569572151665
41,400,0,6.040915411475819e-15,1.7871988611251055e-15,1.7871988611251055e-15,0.03259257176060545
41,400,1,6.040915411475819e-15,1.7871988611251055e-15,1.7763568394002505e-15,0.03259257176060545
41,400,5,6.040915411475819e-15,1.7871988611251055e-15,1.7763568394002505e-15,0.03259257176060545
42,150,0,1.151586022262211e-14,5.091760346687124e-14,5.091760346687124e-14,0.27847420787505345
42,150,1,1.151586022262211e-14,5.091760346687124e-14,5.0959236830294685e-14,0.27847420787505345
42,150,5,1.151586022262211e-14,5.091760346687124e-14,5.10702591327572e-14,0.27847420787505345
42,400,0,7.571114434456136e-14,3.455916108840995e-14,3.455916108840995e-14,0.032219198367780144
42,400,1,7.571114434456136e-14,3.455916108840995e-14,3.4583447217073626e-14,0.032219198367780144
42,400,5,7.571114434456136e-14,3.455916108840995e-14,3.4638958368304884e-14,0.032219198367780144
43,150,0,2.4013077469059413e-14,1.0622058788101185e-13,1.0622058788101185e-13,0.278584149875006
43,150,1,2.4013077469059413e-14,1.0622058788101185e-13,1.0635936575909e-13,0.278584149875006
43,150,5,2.4013077469059413e-14,1.0622058788101185e-13,1.0613732115416497e-13,0.278584149875006
43,400,0,1.6143128995534404e-13,7.210204655550001e-14,7.210204655550001e-14,0.03152572712662757
43,400,1,1.6143128995534404e-13,7.210204655550001e-14,7.238654120556021e-14,0.03152572712662757
43,400,5,1.6143128995534404e-13,7.210204655550001e-14,7.283063041541027e-14,0.03152572712662757
44,150,0,1.9551527060530057e-14,4.1744385725905886e-14,4.1744385725905886e-14,0.16434172801930969
44,150,1,1.9551527060530057e-14,4.1744385725905886e-14,4.1744385725905886e-14,0.16434172801930969
44,150,5,1.9551527060530057e-14,4.1744385725905886e-14,4.1744385725905886e-14,0.16434172801930969
44,400,0,1.2111255860752969e-14,5.412337245047638e-15,5.412337245047638e-15,0.03130179876646958
44,400,1,1.2111255860752969e-14,5.412337245047638e-15,5.440092820663267e-15,0.03130179876646958
44,400,5,1.2111255860752969e-14,5.412337245047638e-15,5.440092820663267e-15,0.03130179876646958
45,150,0,4.361533716611236e-15,1.9317880628477724e-14,1.9317880628477724e-14,0.27414384263420133
45,150,1,4.361533716611236e-15,1.9317880628477724e-14,1.9539925233402755e-14,0.27414384263420133
45,150,5,4.361533716611236e-15,1.9317880628477724e-14,1.9539925233402755e-14,0.27414384263420133
45,400,0,5.22913773465184e-15,2.0261570199409107e-15,2.0261570199409107e-15,0.03242492276490093
45,400,1,5.22913773465184e-15,2.0261570199409107e-15,1.9984014443252818e-15,0.03242492276490093
45,400,5,5.22913773465184e-15,2.0261570199409107e-15,1.7763568394002505e-15,0.03242492276490093
46,150,0,9.48369940729674e-15,3.645694857112858e-14,3.645694857112858e-14,0.27886216909433803
46,150,1,9.48369940729674e-15,3.645694857112858e-14,3.6415315207705135e-14,0.27886216909433803
46,150,5,9.48369940729674e-15,3.645694857112858e-14,3.6415315207705135e-14,0.27886216909433803
46,400,0,5.356017560586195e-14,2.4702462297909733e-14,2.4702462297909733e-14,0.03325729032537027
46,400,1,5.356017560586195e-14,2.4702462297909733e-14,2.475797344914099e-14,0.03325729032537027
46,400,5,5.356017560586195e-14,2.4702462297909733e-14,2.4868995751603507e-14,0.03325729032537027
47,150,0,6.763291672232375e-16,1.8388068845354155e-15,1.8388068845354155e-15,0.27868638308307936
47,150,1,6.763291672232375e-16,1.8388068845354155e-15,1.7763568394002505e-15,0.27868638308307936
47,150,5,6.763291672232375e-16,1.8388068845354155e-15,1.7763568394002505e-15,0.27868638308307936
47,400,0,6.779220633309019e-15,1.824929096727601e-15,1.824929096727601e-15,0.03142257070537225
47,400,1,6.779220633309019e-15,1.824929096727601e-15,1.8318679906315083e-15,0.03142257070537225
47,400,5,6.779220633309019e-15,1.824929096727601e-15,1.7763568394002505e-15,0.03142257070537225
48,150,0,5.1600526710305873e-14,2.2881696537524476e-13,2.2881696537524476e-13,0.2731700092818687
48,150,1,5.1600526710305873e-14,2.2881696537524476e-13,2.2881696537524476e-13,0.2731700092818687
48,150,5,5.1600526710305873e-14,2.2881696537524476e-13,2.282618538629322e-13,0.2731700092818687
48,400,0,8.057749347395204e-14,3.9690473130349346e-14,3.9690473130349346e-14,0.030890823334452314
48,400,1,8.057749347395204e-14,3.9690473130349346e-14,3.963496197911809e-14,0.030890823334452314
48,400,5,8.057749347395204e-14,3.9690473130349346e-14,3.9745984281580604e-14,0.030890823334452314
49,150,0,2.0539676708989275e-16,4.718447854656915e-16,4.718447854656915e-16,0.2788106524245394
49,150,1,2.0539676708989275e-16,4.718447854656915e-16,4.996003610813204e-16,0.2788106524245394
49,150,5,2.0539676708989275e-16,4.718447854656915e-16,1.7763568394002505e-15,0.2788106524245394
49,400,0,1.2610102306760085e-15,4.3021142204224816e-16,4.3021142204224816e-16,0.03421914290964738
49,400,1,1.2610102306760085e-15,4.3021142204224816e-16,4.440892098500626e-16,0.03421914290964738
49,400,5,1.2610102306760085e-15,4.3021142204224816e-16,8.881784197001252e-16,0.03421914290964738
50,150,0,4.847112624738273e-15,1.683202188740296e-14,1.683202188740296e-14,0.2784347170391422
50,150,1,4.847112624738273e-15,1.683202188740296e-14,1.687538997430238e-14,0.2784347170391422
50,150,5,4.847112624738273e-15,1.683202188740296e-14,1.687538997430238e-14,0.2784347170391422
50,400,0,1.8614519649415332e-14,7.108896804552955e-15,7.108896804552955e-15,0.031246875243480902
50,400,1,1.8614519649415332e-14,7.108896804552955e-15,7.105427357601002e-15,0.031246875243480902
50,400,5,1.8614519649415332e-14,7.108896804552955e-15,7.105427357601002e-15,0.031246875243480902
51,150,0,1.8663629761590616e-16,4.579669976578771e-16,4.579669976578771e-16,0.2787465566358697
51,150,1,1.8663629761590616e-16,4.579669976578771e-16,4.440892098500626e-16,0.2787465566358697
51,150,5,1.8663629761590616e-16,4.579669976578771e-16,8.881784197001252e-16,0.2787465566358697
51,400,0,1.2030196329179569e-15,4.3021142204224816e-16,4.3021142204224816e-16,0.03393407962104312
51,400,1,1.2030196329179569e-15,4.3021142204224816e-16,4.440892098500626e-16,0.03393407962104312
51,400,5,1.2030196329179569e-15,4.3021142204224816e-16,8.881784197001252e-16,0.03393407962104312
52,150,0,3.907268609973963e-16,1.1579279202145187e-15,1.1579279202145187e-15,0.2789072984124101
52,150,1,3.907268609973963e-16,1.1579279202145187e-15,1.3322676295501878e-15,0.2789072984124101
52,150,5,3.907268609973963e-16,1.1579279202145187e-15,8.881784197001252e-16,0.2789072984124101
52,400,0,1.9878733260437536e-15,5.342948306008566e-16,5.342948306008566e-16,0.0324522340892656
52,400,1,1.9878733260437536e-15,5.342948306008566e-16,5.551115123125783e-16,0.0324522340892656
52,400,5,1.9878733260437536e-15,5.342948306008566e-16,8.881784197001252e-16,0.0324522340892656
53,150,0,7.567551662431434e-15,3.116951141635127e-14,3.116951141635127e-14,0.27860051140406983
53,150,1,7.567551662431434e-15,3.116951141635127e-14,3.116951141635127e-14,0.27860051140406983
53,150,5,7.567551662431434e-15,3.116951141635127e-14,3.108624468950438e-14,0.27860051140406983
53,400,0,4.035493078670111e-14,1.740274591099933e-14,1.740274591099933e-14,0.03169763132715247
53,400,1,4.035493078670111e-14,1.740274591099933e-14,1.73749903353837e-14,0.03169763132715247
53,400,5,4.035493078670111e-14,1.740274591099933e-14,1.687538997430238e-14,0.03169763132715247
54,150,0,1.166174560402848e-14,4.927655505859718e-14,4.927655505859718e-14,0.2787197946567726
54,150,1,1.166174560402848e-14,4.927655505859718e-14,4.927655505859718e-14,0.2787197946567726
54,150,5,1.166174560402848e-14,4.927655505859718e-14,4.929390229335695e-14,0.2787197946567726
54,400,0,3.609886981398105e-14,1.0817735596191369e-14,1.0817735596191369e-14,0.032035365752798306
54,400,1,3.609886981398105e-14,1.0817735596191369e-14,1.0880185641326534e-14,0.032035365752798306
54,400,5,3.609886981398105e-14,1.0817735596191369e-14,1.0658141036401503e-14,0.032035365752798306
55,150,0,8.155461702687641e-15,3.6415315207705135e-14,3.6415315207705135e-14,0.2773228967605813
55,150,1,8.155461702687641e-15,3.6415315207705135e-14,3.6415315207705135e-14,0.2773228967605813
55,150,5,8.155461702687641e-15,3.6415315207705135e-14,3.6415315207705135e-14,0.2773228967605813
55,400,0,1.7920758554668985e-14,6.328271240363392e-15,6.328271240363392e-15,0.03132585874062068
55,400,1,1.7920758554668985e-14,6.328271240363392e-15,6.328271240363392e-15,0.03132585874062068
55,400,5,1.7920758554668985e-14,6.328271240363392e-15,6.217248937900877e-15,0.03132585874062068
56,150,0,2.5365691407147824e-14,9.892087149410145e-14,9.892087149410145e-14,0.2685565413079747
56,150,1,2.5365691407147824e-14,9.892087149410145e-14,9.892087149410145e-14,0.2685565413079747
56,150,5,2.5365691407147824e-14,9.892087149410145e-14,9.85878045867139e-14,0.2685565413079747
56,400,0,4.3320304580869196e-14,1.717376241217039e-14,1.717376241217039e-14,0.03158746109238229
56,400,1,4.3320304580869196e-14,1.717376241217039e-14,1.7319479184152442e-14,0.03158746109238229
56,400,5,4.3320304580869196e-14,1.717376241217039e-14,1.7319479184152442e-14,0.03158746109238229
57,150,0,3.1049700750885465e-15,1.1060596882828122e-14,1.1060596882828122e-14,0.27909818354894583
57,150,1,3.1049700750885465e-15,1.1060596882828122e-14,1.1102230246251565e-14,0.27909818354894583
57,150,5,3.1049700750885465e-15,1.1060596882828122e-14,1.1102230246251565e-14,0.27909818354894583
57,400,0,7.509998338316673e-15,2.4043267377038546e-15,2.4043267377038546e-15,0.03296737364714382
57,400,1,7.509998338316673e-15,2.4043267377038546e-15,2.4424906541753444e-15,0.03296737364714382
57,400,5,7.509998338316673e-15,2.4043267377038546e-15,2.220446049250313e-15,0.03296737364714382
58,150,0,7.199826330892789e-15,3.236300116782331e-14,3.236300116782331e-14,0.2786591725944388
58,150,1,7.199826330892789e-15,3.236300116782331e-14,3.236300116782331e-14,0.2786591725944388
58,150,5,7.199826330892789e-15,3.236300116782331e-14,3.197442310920451e-14,0.2786591725944388
58,400,0,1.7864957805452316e-14,8.756884106730922e-15,8.756884106730922e-15,0.03131920832282682
58,400,1,1.7864957805452316e-14,8.756884106730922e-15,8.715250743307479e-15,0.03131920832282682
58,400,5,1.7864957805452316e-14,8.756884106730922e-15,8.881784197001252e-15,0.03131920832282682
59,150,0,7.420511722740976e-16,2.220446049250313e-15,2.220446049250313e-15,0.27891637938520036
59,150,1,7.420511722740976e-16,2.220446049250313e-15,2.220446049250313e-15,0.27891637938520036
59,150,5,7.420511722740976e-16,2.220446049250313e-15,2.220446049250313e-15,0.27891637938520036
59,400,0,6.917230947863763e-15,2.040034807748725e-15,2.040034807748725e-15,0.03423917173924629
59,400,1,6.917230947863763e-15,2.040034807748725e-15,1.9984014443252818e-15,0.03423917173924629
59,400,5,6.917230947863763e-15,2.040034807748725e-15,1.7763568394002505e-15,0.03423917173924629
60,150,0,1.2756959938014232e-15,5.773159728050814e-15,5.773159728050814e-15,0.2790074408062193
60,150,1,1.2756959938014232e-15,5.773159728050814e-15,5.329070518200751e-15,0.2790074408062193
60,150,5,1.2756959938014232e-15,5.773159728050814e-15,5.329070518200751e-15,0.2790074408062193
60,400,0,7.945592844149601e-16,3.885780586188048e-16,3.885780586188048e-16,0.03312669349396383
60,400,1,7.945592844149601e-16,3.885780586188048e-16,4.440892098500626e-16,0.03312669349396383
60,400,5,7.945592844149601e-16,3.885780586188048e-16,4.440892098500626e-16,0.03312669349396383
61,150,0,6.892772361168281e-15,2.220446049250313e-14,2.220446049250313e-14,0.24879963503317815
61,150,1,6.892772361168281e-15,2.220446049250313e-14,2.220446049250313e-14,0.24879963503317815
61,150,5,6.892772361168281e-15,2.220446049250313e-14,2.220446049250313e-14,0.24879963503317815
61,400,0,2.913481888257085e-14,8.021361352916756e-15,8.021361352916756e-15,0.031187713121404576
61,400,1,2.913481888257085e-14,8.021361352916756e-15,7.993605777301127e-15,0.031187713121404576
61,400,5,2.913481888257085e-14,8.021361352916756e-15,7.993605777301127e-15,0.031187713121404576
62,150,0,6.220856199469943e-16,2.3011106908832346e-15,2.3011106908832346e-15,0.27862227212672125
62,150,1,6.220856199469943e-16,2.3011106908832346e-15,2.220446049250313e-15,0.27862227212672125
62,150,5,6.220856199469943e-16,2.3011106908832346e-15,1.7763568394002505e-15,0.27862227212672125
62,400,0,4.5213913223126906e-15,1.6319411100251813e-15,1.6319411100251813e-15,0.03136135962390276
62,400,1,4.5213913223126906e-15,1.6319411100251813e-15,1.609823385706477e-15,0.03136135962390276
62,400,5,4.5213913223126906e-15,1.6319411100251813e-15,1.7763568394002505e-15,0.03136135962390276
63,150,0,1.677032714322894e-14,3.730349362740526e-14,3.730349362740526e-14,0.18073530367765409
63,150,1,1.677032714322894e-14,3.730349362740526e-14,3.730349362740526e-14,0.18073530367765409
63,150,5,1.677032714322894e-14,3.730349362740526e-14,3.730349362740526e-14,0.18073530367765409
63,400,0,3.498239924919798e-14,6.974455735164753e-15,6.974455735164753e-15,0.029403547376060945
63,400,1,3.498239924919798e-14,6.974455735164753e-15,7.105427357601002e-15,0.029403547376060945
63,400,5,3.498239924919798e-14,6.974455735164753e-15,7.105427357601002e-15,0.029403547376060945
64,150,0,1.8842837388888896e-14,8.333264633897386e-14,8.333264633897386e-14,0.27853883387234346
64,150,1,1.8842837388888896e-14,8.333264633897386e-14,8.337774914934926e-14,0.27853883387234346
64,150,5,1.8842837388888896e-14,8.333264633897386e-14,8.348877145181177e-14,0.27853883387234346
64,400,0,1.2544674937171162e-13,5.6565863104651726e-14,5.6565863104651726e-14,0.03182503530752196
64,400,1,1.2544674937171162e-13,5.6565863104651726e-14,5.6621374255882984e-14,0.03182503530752196
64,400,5,1.2544674937171162e-13,5.6565863104651726e-14,5.651035195342047e-14,0.03182503530752196
65,150,0,1.4431384481968683e-14,6.347700143294333e-14,6.347700143294333e-14,0.27837809471739355
65,150,1,1.4431384481968683e-14,6.347700143294333e-14,6.350475700855895e-14,0.27837809471739355
65,150,5,1.4431384481968683e-14,6.347700143294333e-14,6.306066779870889e-14,0.27837809471739355
65,400,0,3.2573890791621e-14,1.7187640199978205e-14,1.7187640199978205e-14,0.034096035550851805
65,400,1,3.2573890791621e-14,1.7187640199978205e-14,1.709743457922741e-14,0.034096035550851805
65,400,5,3.2573890791621e-14,1.7187640199978205e-14,1.709743457922741e-14,0.034096035550851805
66,150,0,3.842550527090233e-15,1.682681771697503e-14,1.682681771697503e-14,0.2791617400757
66,150,1,3.842550527090233e-15,1.682681771697503e-14,1.6764367671839864e-14,0.2791617400757
66,150,5,3.842550527090233e-15,1.682681771697503e-14,1.687538997430238e-14,0.2791617400757
66,400,0,7.755061321703655e-15,2.47198095326695e-15,2.47198095326695e-15,0.03505633503340079
66,400,1,7.755061321703655e-15,2.47198095326695e-15,2.4424906541753444e-15,0.03505633503340079
66,400,5,7.755061321703655e-15,2.47198095326695e-15,2.6645352591003757e-15,0.03505633503340079
67,150,0,1.1598159355592143e-15,2.858824288409778e-15,2.858824288409778e-15,0.27875742462018155
67,150,1,1.1598159355592143e-15,2.858824288409778e-15,2.886579864025407e-15,0.27875742462018155
67,150,5,1.1598159355592143e-15,2.858824288409778e-15,2.886579864025407e-15,0.27875742462018155
67,400,0,1.2952073306913252e-14,3.913536161803677e-15,3.913536161803677e-15,0.03371574075590138
67,400,1,1.2952073306913252e-14,3.913536161803677e-15,3.885780586188048e-15,0.03371574075590138
67,400,5,1.2952073306913252e-14,3.913536161803677e-15,3.9968028886505635e-15,0.03371574075590138
68,150,0,5.375986949880535e-15,2.4202861936828413e-14,2.4202861936828413e-14,0.27863808220083824
68,150,1,5.375986949880535e-15,2.4202861936828413e-14,2.4202861936828413e-14,0.27863808220083824
68,150,5,5.375986949880535e-15,2.4202861936828413e-14,2.4202861936828413e-14,0.27863808220083824
68,400,0,1.4846280936657314e-14,7.93809462606987e-15,7.93809462606987e-15,0.033610430691835766
68,400,1,1.4846280936657314e-14,7.93809462606987e-15,7.549516567451064e-15,0.033610430691835766
68,400,5,1.4846280936657314e-14,7.93809462606987e-15,7.993605777301127e-15,0.033610430691835766
69,150,0,1.8849205556900604e-14,8.333611578592581e-14,8.333611578592581e-14,0.2785328125788931
69,150,1,1.8849205556900604e-14,8.333611578592581e-14,8.326672684688674e-14,0.2785328125788931
69,150,5,1.8849205556900604e-14,8.333611578592581e-14,8.326672684688674e-14,0.2785328125788931
69,400,0,1.236283267089299e-13,5.6565863104651726e-14,5.6565863104651726e-14,0.032310895535850814
69,400,1,1.236283267089299e-13,5.6565863104651726e-14,5.6621374255882984e-14,0.032310895535850814
69,400,5,1.236283267089299e-13,5.6565863104651726e-14,5.684341886080802e-14,0.032310895535850814
70,150,0,1.134228256766481e-14,4.6851411639181606e-14,4.6851411639181606e-14,0.2731882198887871
70,150,1,1.134228256766481e-14,4.6851411639181606e-14,4.6851411639181606e-14,0.2731882198887871
70,150,5,1.134228256766481e-14,4.6851411639181606e-14,4.618527782440651e-14,0.2731882198887871
70,400,0,1.8078308797231605e-14,8.132383655379272e-15,8.132383655379272e-15,0.031526314036644514
70,400,1,1.8078308797231605e-14,8.132383655379272e-15,8.132383655379272e-15,0.031526314036644514
70,400,5,1.8078308797231605e-14,8.132383655379272e-15,8.881784197001252e-15,0.031526314036644514
71,150,0,1.1028196011373323e-16,4.440892098500626e-16,4.440892098500626e-16,0.27872634680428765
71,150,1,1.1028196011373323e-16,4.440892098500626e-16,4.440892098500626e-16,0.27872634680428765
71,150,5,1.1028196011373323e-16,4.440892098500626e-16,4.440892098500626e-16,0.27872634680428765
71,400,0,8.08487612865679e-16,3.2612801348363973e-16,3.2612801348363973e-16,0.032018099446421526
71,400,1,8.08487612865679e-16,3.2612801348363973e-16,3.3306690738754696e-16,0.032018099446421526
71,400,5,8.08487612865679e-16,3.2612801348363973e-16,1.7763568394002505e-15,0.032018099446421526
72,150,0,1.4625224047444234e-15,6.036837696399289e-15,6.036837696399289e-15,0.27875109851376895
72,150,1,1.4625224047444234e-15,6.036837696399289e-15,5.995204332975845e-15,0.27875109851376895
72,150,5,1.4625224047444234e-15,6.036837696399289e-15,5.995204332975845e-15,0.27875109851376895
72,400,0,8.501082138803395e-15,3.372302437298913e-15,3.372302437298913e-15,0.0318506523883567
72,400,1,8.501082138803395e-15,3.372302437298913e-15,3.372302437298913e-15,0.0318506523883567
72,400,5,8.501082138803395e-15,3.372302437298913e-15,3.1086244689504383e-15,0.0318506523883567
73,150,0,1.4955175742083602e-16,4.440892098500626e-16,4.440892098500626e-16,0.2788515751245532
73,150,1,1.4955175742083602e-16,4.440892098500626e-16,4.440892098500626e-16,0.2788515751245532
73,150,5,1.4955175742083602e-16,4.440892098500626e-16,8.881784197001252e-16,0.2788515751245532
73,400,0,5.778991480451568e-16,1.8041124150158794e-16,1.8041124150158794e-16,0.034551591764488014
73,400,1,5.778991480451568e-16,1.8041124150158794e-16,2.220446049250313e-16,0.034551591764488014
73,400,5,5.778991480451568e-16,1.8041124150158794e-16,4.440892098500626e-16,0.034551591764488014
74,150,0,8.051871977901813e-15,3.6193270602780103e-14,3.6193270602780103e-14,0.2769416593001352
74,150,1,8.051871977901813e-15,3.6193270602780103e-14,3.597122599785507e-14,0.2769416593001352
74,150,5,8.051871977901813e-15,3.6193270602780103e-14,3.6415315207705135e-14,0.2769416593001352
74,400,0,1.2078276427519034e-14,6.2727600891321345e-15,6.2727600891321345e-15,0.03256020700772577
74,400,1,1.2078276427519034e-14,6.2727600891321345e-15,6.217248937900877e-15,0.03256020700772577
74,400,5,1.2078276427519034e-14,6.2727600891321345e-15,6.661338147750939e-15,0.03256020700772577
75,150,0,1.415037763335536e-14,4.5380366131553274e-14,4.5380366131553274e-14,0.22361356424659307
75,150,1,1.415037763335536e-14,4.5380366131553274e-14,4.5380366131553274e-14,0.22361356424659307
75,150,5,1.415037763335536e-14,4.5380366131553274e-14,4.529709940470639e-14,0.22361356424659307
75,400,0,2.4446672980743406e-14,1.226796442210798e-14,1.226796442210798e-14,0.032047235949578055
75,400,1,2.4446672980743406e-14,1.226796442210798e-14,1.226796442210798e-14,0.032047235949578055
75,400,5,2.4446672980743406e-14,1.226796442210798e-14,1.2434497875801753e-14,0.032047235949578055
76,150,0,5.193999416295277e-16,1.3912482277333993e-15,1.3912482277333993e-15,0.2788838893533403
76,150,1,5.193999416295277e-16,1.3912482277333993e-15,1.3322676295501878e-15,0.2788838893533403
76,150,5,5.193999416295277e-16,1.3912482277333993e-15,1.7763568394002505e-15,0.2788838893533403
76,400,0,5.054548562130718e-15,1.384309333829492e-15,1.384309333829492e-15,0.03428520910304345
76,400,1,5.054548562130718e-15,1.384309333829492e-15,1.3877787807814457e-15,0.03428520910304345
76,400,5,5.054548562130718e-15,1.384309333829492e-15,1.7763568394002505e-15,0.03428520910304345
77,150,0,3.3041163010711674e-16,1.2975731600306517e-15,1.2975731600306517e-15,0.2787631714205975
77,150,1,3.3041163010711674e-16,1.2975731600306517e-15,1.3322676295501878e-15,0.2787631714205975
77,150,5,3.3041163010711674e-16,1.2975731600306517e-15,8.881784197001252e-16,0.2787631714205975
77,400,0,2.3776300127562366e-15,9.159339953157541e-16,9.159339953157541e-16,0.03400962658400364
77,400,1,2.3776300127562366e-15,9.159339953157541e-16,8.881784197001252e-16,0.03400962658400364
77,400,5,2.3776300127562366e-15,9.159339953157541e-16,8.881784197001252e-16,0.03400962658400364
78,150,0,5.144293082896979e-15,1.4579483453847075e-14,1.4579483453847075e-14,0.27818798629015606
78,150,1,5.144293082896979e-15,1.4579483453847075e-14,1.4654943925052066e-14,0.27818798629015606
78,150,5,5.144293082896979e-15,1.4579483453847075e-14,1.459943277382081e-14,0.27818798629015606
78,400,0,3.729540655564101e-14,1.050722009399152e-14,1.050722009399152e-14,0.030933370238557276
78,400,1,3.729540655564101e-14,1.050722009399152e-14,1.0547118733938987e-14,0.030933370238557276
78,400,5,3.729540655564101e-14,1.050722009399152e-14,1.0658141036401503e-14,0.030933370238557276
79,150,0,4.445127324555959e-16,1.817990202823694e-15,1.817990202823694e-15,0.27905217059527854
79,150,1,4.445127324555959e-16,1.817990202823694e-15,1.7763568394002505e-15,0.27905217059527854
79,150,5,4.445127324555959e-16,1.817990202823694e-15,1.8318679906315083e-15,0.27905217059527854
79,400,0,2.916916234200214e-15,1.2836953722228372e-15,1.2836953722228372e-15,0.035015916108457994
79,400,1,2.916916234200214e-15,1.2836953722228372e-15,1.3322676295501878e-15,0.035015916108457994
79,400,5,2.916916234200214e-15,1.2836953722228372e-15,1.3322676295501878e-15,0.035015916108457994
80,150,0,5.079971424636814e-16,2.040034807748725e-15,2.040034807748725e-15,0.27890187571482294
80,150,1,5.079971424636814e-16,2.040034807748725e-15,2.0539125955565396e-15,0.27890187571482294
80,150,5,5.079971424636814e-16,2.040034807748725e-15,2.220446049250313e-15,0.27890187571482294
80,400,0,3.4625554992100083e-15,1.4467593789646571e-15,1.4467593789646571e-15,0.03363933250695257
80,400,1,3.4625554992100083e-15,1.4467593789646571e-15,1.4710455076283324e-15,0.03363933250695257
80,400,5,3.4625554992100083e-15,1.4467593789646571e-15,1.7763568394002505e-15,0.03363933250695257
81,150,0,6.732527988037418e-16,1.4710455076283324e-15,1.4710455076283324e-15,0.27878188065929854
81,150,1,6.732527988037418e-16,1.4710455076283324e-15,1.457167719820518e-15,0.27878188065929854
81,150,5,6.732527988037418e-16,1.4710455076283324e-15,1.7763568394002505e-15,0.27878188065929854
81,400,0,7.395254113657187e-15,2.040034807748725e-15,2.040034807748725e-15,0.03205636783895544
81,400,1,7.395254113657187e-15,2.040034807748725e-15,1.9984014443252818e-15,0.03205636783895544
81,400,5,7.395254113657187e-15,2.040034807748725e-15,2.220446049250313e-15,0.03205636783895544
82,150,0,5.055150002514553e-16,1.1379786002407855e-15,1.1379786002407855e-15,0.2790964480361294
82,150,1,5.055150002514553e-16,1.1379786002407855e-15,1.1379786002407855e-15,0.2790964480361294
82,150,5,5.055150002514553e-16,1.1379786002407855e-15,1.3322676295501878e-15,0.2790964480361294
82,400,0,5.165705958809947e-15,1.582067810090848e-15,1.582067810090848e-15,0.03479579018952032
82,400,1,5.165705958809947e-15,1.582067810090848e-15,1.5543122344752192e-15,0.03479579018952032
82,400,5,5.165705958809947e-15,1.582067810090848e-15,1.7763568394002505e-15,0.03479579018952032
83,150,0,7.716174424897113e-16,2.886579864025407e-15,2.886579864025407e-15,0.27875919958679096
83,150,1,7.716174424897113e-16,2.886579864025407e-15,3.1086244689504383e-15,0.27875919958679096
83,150,5,7.716174424897113e-16,2.886579864025407e-15,2.886579864025407e-15,0.27875919958679096
83,400,0,2.9717633843386914e-15,1.0304257447302234e-15,1.0304257447302234e-15,0.03358820587148499
83,400,1,2.9717633843386914e-15,1.0304257447302234e-15,8.881784197001252e-16,0.03358820587148499
83,400,5,2.9717633843386914e-15,1.0304257447302234e-15,8.881784197001252e-16,0.03358820587148499
84,150,0,8.971163072137121e-17,2.0122792321330962e-16,2.0122792321330962e-16,0.27873267895023635
84,150,1,8.971163072137121e-17,2.0122792321330962e-16,2.220446049250313e-16,0.27873267895023635
84,150,5,8.971163072137121e-17,2.0122792321330962e-16,4.440892098500626e-16,0.27873267895023635
84,400,0,5.818180851555315e-16,1.491862189340054e-16,1.491862189340054e-16,0.03193990596545762
84,400,1,5.818180851555315e-16,1.491862189340054e-16,2.220446049250313e-16,0.03193990596545762
84,400,5,5.818180851555315e-16,1.491862189340054e-16,1.7763568394002505e-15,0.03193990596545762
85,150,0,7.907853570440338e-16,2.886579864025407e-15,2.886579864025407e-15,0.2788940392129794
85,150,1,7.907853570440338e-16,2.886579864025407e-15,2.886579864025407e-15,0.2788940392129794
85,150,5,7.907853570440338e-16,2.886579864025407e-15,3.1086244689504383e-15,0.2788940392129794
85,400,0,3.974023524410696e-15,1.824929096727601e-15,1.824929096727601e-15,0.032415288329040025
85,400,1,3.974023524410696e-15,1.824929096727601e-15,1.8041124150158794e-15,0.032415288329040025
85,400,5,3.974023524410696e-15,1.824929096727601e-15,1.7763568394002505e-15,0.032415288329040025
86,150,0,6.106394179208442e-16,2.275957200481571e-15,2.275957200481571e-15,0.27868004282644127
86,150,1,6.106394179208442e-16,2.275957200481571e-15,2.3314683517128287e-15,0.27868004282644127
86,150,5,6.106394179208442e-16,2.275957200481571e-15,2.6645352591003757e-15,0.27868004282644127
86,400,0,4.192571637003539e-15,1.6167622796103842e-15,1.6167622796103842e-15,0.03347312007408232
86,400,1,4.192571637003539e-15,1.6167622796103842e-15,1.3322676295501878e-15,0.03347312007408232
86,400,5,4.192571637003539e-15,1.6167622796103842e-15,1.7763568394002505e-15,0.03347312007408232
87,150,0,6.321144487758862e-15,2.775210616867696e-14,2.775210616867696e-14,0.278957663592286
87,150,1,6.321144487758862e-15,2.775210616867696e-14,2.7755575615628914e-14,0.278957663592286
87,150,5,6.321144487758862e-15,2.775210616867696e-14,2.7755575615628914e-14,0.278957663592286
87,400,0,1.5479722164999693e-14,6.024260951198457e-15,6.024260951198457e-15,0.03296162831884931
87,400,1,1.5479722164999693e-14,6.024260951198457e-15,5.995204332975845e-15,0.03296162831884931
87,400,5,1.5479722164999693e-14,6.024260951198457e-15,5.995204332975845e-15,0.03296162831884931
88,150,0,1.960326991260226e-16,7.598088824778415e-16,7.598088824778415e-16,0.2786886390810077
88,150,1,1.960326991260226e-16,7.598088824778415e-16,8.881784197001252e-16,0.2786886390810077
88,150,5,1.960326991260226e-16,7.598088824778415e-16,8.881784197001252e-16,0.2786886390810077
88,400,0,1.6605335274821713e-15,7.494005416219807e-16,7.494005416219807e-16,0.03130373339663228
88,400,1,1.6605335274821713e-15,7.494005416219807e-16,8.881784197001252e-16,0.03130373339663228
88,400,5,1.6605335274821713e-15,7.494005416219807e-16,8.881784197001252e-16,0.03130373339663228
89,150,0,4.972147175605228e-15,2.1635471192382738e-14,2.1635471192382738e-14,0.2789463602698857
89,150,1,4.972147175605228e-15,2.1635471192382738e-14,2.1649348980190553e-14,0.2789463602698857
89,150,5,4.972147175605228e-15,2.1635471192382738e-14,2.1316282072803006e-14,0.2789463602698857
89,400,0,1.154393033106564e-14,4.695896449469217e-15,4.695896449469217e-15,0.0345462241042488
89,400,1,1.154393033106564e-14,4.695896449469217e-15,4.6629367034256575e-15,0.0345462241042488
89,400,5,1.154393033106564e-14,4.695896449469217e-15,5.329070518200751e-15,0.0345462241042488
90,150,0,5.16102856529765e-16,1.9984014443252818e-15,1.9984014443252818e-15,0.27887499744013167
90,150,1,5.16102856529765e-16,1.9984014443252818e-15,1.9984014443252818e-15,0.27887499744013167
90,150,5,5.16102856529765e-16,1.9984014443252818e-15,1.9984014443252818e-15,0.27887499744013167
90,400,0,3.400028263433943e-15,1.429412144204889e-15,1.429412144204889e-15,0.03447449701334059
90,400,1,3.400028263433943e-15,1.429412144204889e-15,1.3322676295501878e-15,0.03447449701334059
90,400,5,3.400028263433943e-15,1.429412144204889e-15,1.7763568394002505e-15,0.03447449701334059
91,150,0,1.405996845962586e-15,5.6343818499726694e-15,5.6343818499726694e-15,0.27854790153529896
91,150,1,1.405996845962586e-15,5.6343818499726694e-15,5.6343818499726694e-15,0.27854790153529896
91,150,5,1.405996845962586e-15,5.6343818499726694e-15,5.551115123125783e-15,0.27854790153529896
91,400,0,5.016732216471952e-15,1.915134717478395e-15,1.915134717478395e-15,0.03286640420706138
91,400,1,5.016732216471952e-15,1.915134717478395e-15,1.887379141862766e-15,0.03286640420706138
91,400,5,5.016732216471952e-15,1.915134717478395e-15,2.220446049250313e-15,0.03286640420706138
92,150,0,3.304473603647279e-14,1.4865886299730846e-13,1.4865886299730846e-13,0.2778217572707606
92,150,1,3.304473603647279e-14,1.4865886299730846e-13,1.4865886299730846e-13,0.2778217572707606
92,150,5,3.304473603647279e-14,1.4865886299730846e-13,1.4921397450962104e-13,0.2778217572707606
92,400,0,1.0020141527658508e-13,4.8780424144467815e-14,4.8780424144467815e-14,0.030378091132201402
92,400,1,1.0020141527658508e-13,4.8780424144467815e-14,4.8780424144467815e-14,0.030378091132201402
92,400,5,1.0020141527658508e-13,4.8780424144467815e-14,4.796163466380676e-14,0.030378091132201402
93,150,0,2.200297384392529e-16,8.81239525796218e-16,8.81239525796218e-16,0.27342940815716915
93,150,1,2.200297384392529e-16,8.81239525796218e-16,8.881784197001252e-16,0.27342940815716915
93,150,5,2.200297384392529e-16,8.81239525796218e-16,8.881784197001252e-16,0.27342940815716915
93,400,0,1.583503161600804e-15,6.245004513516506e-16,6.245004513516506e-16,0.031394901394561726
93,400,1,1.583503161600804e-15,6.245004513516506e-16,6.661338147750939e-16,0.031394901394561726
93,400,5,1.583503161600804e-15,6.245004513516506e-16,8.881784197001252e-16,0.031394901394561726
94,150,0,2.1994644691295898e-14,9.603429163007604e-14,9.603429163007604e-14,0.2695513768417457
94,150,1,2.1994644691295898e-14,9.603429163007604e-14,9.603429163007604e-14,0.2695513768417457
94,150,5,2.1994644691295898e-14,9.603429163007604e-14,9.769962616701378e-14,0.2695513768417457
94,400,0,5.792651712795069e-14,2.6000035457940385e-14,2.6000035457940385e-14,0.02875945270809597
94,400,1,5.792651712795069e-14,2.6000035457940385e-14,2.5979218776228663e-14,0.02875945270809597
94,400,5,5.792651712795069e-14,2.6000035457940385e-14,2.5979218776228663e-14,0.02875945270809597
95,150,0,1.0006039792863722e-15,2.213507155346406e-15,2.213507155346406e-15,0.27887628117602437
95,150,1,1.0006039792863722e-15,2.213507155346406e-15,2.220446049250313e-15,0.27887628117602437
95,150,5,1.0006039792863722e-15,2.213507155346406e-15,1.7763568394002505e-15,0.27887628117602437
95,400,0,7.502852986245235e-15,2.041769531224702e-15,2.041769531224702e-15,0.032156504721031216
95,400,1,7.502852986245235e-15,2.041769531224702e-15,1.9984014443252818e-15,0.032156504721031216
95,400,5,7.502852986245235e-15,2.041769531224702e-15,1.7763568394002505e-15,0.032156504721031216
96,150,0,6.5332355538101016e-15,2.014534372651866e-14,2.014534372651866e-14,0.27871143471071386
96,150,1,6.5332355538101016e-15,2.014534372651866e-14,2.020605904817785e-14,0.27871143471071386
96,150,5,6.5332355538101016e-15,2.014534372651866e-14,2.042810365310288e-14,0.27871143471071386
96,400,0,4.62675191646184e-14,1.45179007704499e-14,1.45179007704499e-14,0.032010220803661275
96,400,1,4.62675191646184e-14,1.45179007704499e-14,1.4654943925052066e-14,0.032010220803661275
96,400,5,4.62675191646184e-14,1.45179007704499e-14,1.509903313490213e-14,0.032010220803661275
97,150,0,9.199520691172202e-17,2.237793284010081e-16,2.237793284010081e-16,0.27885094204644495
97,150,1,9.199520691172202e-17,2.237793284010081e-16,2.220446049250313e-16,0.27885094204644495
97,150,5,9.199520691172202e-17,2.237793284010081e-16,2.220446049250313e-16,0.27885094204644495
97,400,0,3.8695841382834816e-16,9.71445146547012e-17,9.71445146547012e-17,0.03272350096503122
97,400,1,3.8695841382834816e-16,9.71445146547012e-17,1.1102230246251565e-16,0.03272350096503122
97,400,5,3.8695841382834816e-16,9.71445146547012e-17,1.1102230246251565e-16,0.03272350096503122
98,150,0,6.351429198111479e-16,2.7755575615628914e-15,2.7755575615628914e-15,0.278943748088589
98,150,1,6.351429198111479e-16,2.7755575615628914e-15,2.7755575615628914e-15,0.278943748088589
98,150,5,6.351429198111479e-16,2.7755575615628914e-15,2.6645352591003757e-15,0.278943748088589
98,400,0,1.5264089746009418e-15,5.273559366969494e-16,5.273559366969494e-16,0.032163759804426525
98,400,1,1.5264089746009418e-15,5.273559366969494e-16,5.273559366969494e-16,0.032163759804426525
98,400,5,1.5264089746009418e-15,5.273559366969494e-16,8.881784197001252e-16,0.032163759804426525
99,150,0,1.2731997855128197e-14,3.907985046680551e-14,3.907985046680551e-14,0.23932499508007765
99,150,1,1.2731997855128197e-14,3.907985046680551e-14,3.907985046680551e-14,0.23932499508007765
99,150,5,1.2731997855128197e-14,3.907985046680551e-14,3.907985046680551e-14,0.23932499508007765
99,400,0,4.111007410215368e-14,1.6278645098566358e-14,1.6278645098566358e-14,0.029843470686729944
99,400,1,4.111007410215368e-14,1.6278645098566358e-14,1.6209256159527285e-14,0.029843470686729944
99,400,5,4.111007410215368e-14,1.6278645098566358e-14,1.5987211554602254e-14,0.029843470686729944
100,150,0,4.0959159011583316e-16,1.2906342661267445e-15,1.2906342661267445e-15,0.27879576420950763
100,150,1,4.0959159011583316e-16,1.2906342661267445e-15,1.3322676295501878e-15,0.27879576420950763
100,150,5,4.0959159011583316e-16,1.2906342661267445e-15,1.7763568394002505e-15,0.27879576420950763
100,400,0,2.6329583608062253e-15,9.08995101411847e-16,9.08995101411847e-16,0.03179732259648615
100,400,1,2.6329583608062253e-15,9.08995101411847e-16,8.881784197001252e-16,0.03179732259648615
100,400,5,2.6329583608062253e-15,9.08995101411847e-16,8.881784197001252e-16,0.03179732259648615
101,150,0,7.067927847460247e-16,2.6645352591003757e-15,2.6645352591003757e-15,0.2788349574074956
101,150,1,7.067927847460247e-16,2.6645352591003757e-15,2.6645352591003757e-15,0.2788349574074956
101,150,5,7.067927847460247e-16,2.6645352591003757e-15,2.6645352591003757e-15,0.2788349574074956
101,400,0,3.094163179889211e-15,1.3530843112619095e-15,1.3530843112619095e-15,0.031984077601860984
101,400,1,3.094163179889211e-15,1.3530843112619095e-15,1.3322676295501878e-15,0.031984077601860984
101,400,5,3.094163179889211e-15,1.3530843112619095e-15,1.7763568394002505e-15,0.031984077601860984
102,150,0,1.8184834774647995e-15,7.147060721024445e-15,7.147060721024445e-15,0.278577846356063
102,150,1,1.8184834774647995e-15,7.147060721024445e-15,7.105427357601002e-15,0.278577846356063
102,150,5,1.8184834774647995e-15,7.147060721024445e-15,7.105427357601002e-15,0.278577846356063
102,400,0,1.1309730554362491e-14,3.9968028886505635e-15,3.9968028886505635e-15,0.031216743285816945
102,400,1,1.1309730554362491e-14,3.9968028886505635e-15,3.9968028886505635e-15,0.031216743285816945
102,400,5,1.1309730554362491e-14,3.9968028886505635e-15,3.9968028886505635e-15,0.031216743285816945
103,150,0,1.1733501345521526e-15,3.084338340286763e-15,3.084338340286763e-15,0.27892092929589685
103,150,1,1.1733501345521526e-15,3.084338340286763e-15,3.0808688933348094e-15,0.27892092929589685
103,150,5,1.1733501345521526e-15,3.084338340286763e-15,3.552713678800501e-15,0.27892092929589685
103,400,0,8.596684713214714e-15,2.8397423301740332e-15,2.8397423301740332e-15,0.03412171258686477
103,400,1,8.596684713214714e-15,2.8397423301740332e-15,2.7755575615628914e-15,0.03412171258686477
103,400,5,8.596684713214714e-15,2.8397423301740332e-15,3.1086244689504383e-15,0.03412171258686477
104,150,0,1.571090606629079e-16,6.730727086790012e-16,6.730727086790012e-16,0.2786257164663017
104,150,1,1.571090606629079e-16,6.730727086790012e-16,6.661338147750939e-16,0.2786257164663017
104,150,5,1.571090606629079e-16,6.730727086790012e-16,8.881784197001252e-16,0.2786257164663017
104,400,0,1.1770972611543171e-15,4.787836793695988e-16,4.787836793695988e-16,0.03143460464421638
104,400,1,1.1770972611543171e-15,4.787836793695988e-16,4.718447854656915e-16,0.03143460464421638
104,400,5,1.1770972611543171e-15,4.787836793695988e-16,8.881784197001252e-16,0.03143460464421638
105,150,0,3.0694457039056363e-16,9.992007221626409e-16,9.992007221626409e-16,0.2787363852991321
105,150,1,3.0694457039056363e-16,9.992007221626409e-16,9.992007221626409e-16,0.2787363852991321
105,150,5,3.0694457039056363e-16,9.992007221626409e-16,8.881784197001252e-16,0.2787363852991321
105,400,0,2.2846636027107427e-15,7.355227538141662e-16,7.355227538141662e-16,0.03234990823676002
105,400,1,2.2846636027107427e-15,7.355227538141662e-16,7.216449660063518e-16,0.03234990823676002
105,400,5,2.2846636027107427e-15,7.355227538141662e-16,1.7763568394002505e-15,0.03234990823676002
106,150,0,3.754965539689302e-16,1.5890067039947553e-15,1.5890067039947553e-15,0.27873988870259175
106,150,1,3.754965539689302e-16,1.5890067039947553e-15,1.5543122344752192e-15,0.27873988870259175
106,150,5,3.754965539689302e-16,1.5890067039947553e-15,1.5543122344752192e-15,0.27873988870259175
106,400,0,2.614175139676556e-15,1.1310397063368782e-15,1.1310397063368782e-15,0.03404996290774916
106,400,1,2.614175139676556e-15,1.1310397063368782e-15,1.1102230246251565e-15,0.03404996290774916
106,400,5,2.614175139676556e-15,1.1310397063368782e-15,8.881784197001252e-16,0.03404996290774916
107,150,0,2.0578091884064346e-14,8.457817779472521e-14,8.457817779472521e-14,0.2762147139250951
107,150,1,2.0578091884064346e-14,8.457817779472521e-14,8.45712389008213e-14,0.2762147139250951
107,150,5,2.0578091884064346e-14,8.457817779472521e-14,8.459899447643693e-14,0.2762147139250951
107,400,0,5.552701995468164e-14,2.7754708253890925e-14,2.7754708253890925e-14,0.03211934631598527
107,400,1,5.552701995468164e-14,2.7754708253890925e-14,2.7755575615628914e-14,0.03211934631598527
107,400,5,5.552701995468164e-14,2.7754708253890925e-14,2.7977620220553945e-14,0.03211934631598527
108,150,0,1.2102128555174556e-15,5.093148125467906e-15,5.093148125467906e-15,0.27900575089131285
108,150,1,1.2102128555174556e-15,5.093148125467906e-15,5.051514762044462e-15,0.27900575089131285
108,150,5,1.2102128555174556e-15,5.093148125467906e-15,5.10702591327572e-15,0.27900575089131285
108,400,0,6.3845444057774494e-15,2.8449465006019636e-15,2.8449465006019636e-15,0.03428042122989522
108,400,1,6.3845444057774494e-15,2.8449465006019636e-15,2.886579864025407e-15,0.03428042122989522
108,400,5,6.3845444057774494e-15,2.8449465006019636e-15,2.8449465006019636e-15,0.03428042122989522
109,150,0,3.9046340310721313e-16,1.4641066137244252e-15,1.4641066137244252e-15,0.2788949133040728
109,150,1,3.9046340310721313e-16,1.4641066137244252e-15,1.3322676295501878e-15,0.2788949133040728
109,150,5,3.9046340310721313e-16,1.4641066137244252e-15,8.881784197001252e-16,0.2788949133040728
109,400,0,2.4748423338700887e-15,1.033895191682177e-15,1.033895191682177e-15,0.034256263106871146
109,400,1,2.4748423338700887e-15,1.033895191682177e-15,8.881784197001252e-16,0.034256263106871146
109,400,5,2.4748423338700887e-15,1.033895191682177e-15,1.7763568394002505e-15,0.034256263106871146
110,150,0,1.8063831805291274e-14,6.004918784441315e-14,6.004918784441315e-14,0.2782226984797997
110,150,1,1.8063831805291274e-14,6.004918784441315e-14,6.039613253960852e-14,0.2782226984797997
110,150,5,1.8063831805291274e-14,6.004918784441315e-14,5.950795411990839e-14,0.2782226984797997
110,400,0,9.43474859381063e-14,4.076437538219624e-14,4.076437538219624e-14,0.03202571114061234
110,400,1,9.43474859381063e-14,4.076437538219624e-14,4.076253223850301e-14,0.03202571114061234
110,400,5,9.43474859381063e-14,4.076437538219624e-14,4.085620730620576e-14,0.03202571114061234
111,150,0,2.8382885251744744e-15,7.216449660063518e-15,7.216449660063518e-15,0.2790210025799987
111,150,1,2.8382885251744744e-15,7.216449660063518e-15,7.216449660063518e-15,0.2790210025799987
111,150,5,2.8382885251744744e-15,7.216449660063518e-15,7.105427357601002e-15,0.2790210025799987
111,400,0,3.19581589143773e-14,9.950373858202965e-15,9.950373858202965e-15,0.0342026019193319
111,400,1,3.19581589143773e-14,9.950373858202965e-15,9.936496070395151e-15,0.0342026019193319
111,400,5,3.19581589143773e-14,9.950373858202965e-15,9.769962616701378e-15,0.0342026019193319
112,150,0,7.448188220778697e-17,2.72405795836983e-16,2.72405795836983e-16,0.2787981575738329
112,150,1,7.448188220778697e-17,2.72405795836983e-16,2.220446049250313e-16,0.2787981575738329
112,150,5,7.448188220778697e-17,2.72405795836983e-16,2.220446049250313e-16,0.2787981575738329
112,400,0,4.997791482256505e-16,1.9287956648517124e-16,1.9287956648517124e-16,0.032024319138769235
112,400,1,4.997791482256505e-16,1.9287956648517124e-16,2.220446049250313e-16,0.032024319138769235
112,400,5,4.997791482256505e-16,1.9287956648517124e-16,8.881784197001252e-16,0.032024319138769235
113,150,0,4.281683998139982e-14,1.8408885527065877e-13,1.8408885527065877e-13,0.2772810721306066
113,150,1,4.281683998139982e-14,1.8408885527065877e-13,1.841304886340822e-13,0.2772810721306066
113,150,5,4.281683998139982e-14,1.8408885527065877e-13,1.8385293287792592e-13,0.2772810721306066
113,400,0,1.0339024229377292e-13,4.9855952699573436e-14,4.9855952699573436e-14,0.03264233818713602
113,400,1,1.0339024229377292e-13,4.9855952699573436e-14,4.984901380566953e-14,0.03264233818713602
113,400,5,1.0339024229377292e-13,4.9855952699573436e-14,4.973799150320701e-14,0.03264233818713602
114,150,0,2.0823726082747238e-14,8.842926391139372e-14,8.842926391139372e-14,0.27777478413912315
114,150,1,2.0823726082747238e-14,8.842926391139372e-14,8.837375276016246e-14,0.27777478413912315
114,150,5,2.0823726082747238e-14,8.842926391139372e-14,8.881784197001252e-14,0.27777478413912315
114,400,0,4.981326342873584e-14,2.394265341543189e-14,2.394265341543189e-14,0.033177126278195114
114,400,1,4.981326342873584e-14,2.394265341543189e-14,2.398081733190338e-14,0.033177126278195114
114,400,5,4.981326342873584e-14,2.394265341543189e-14,2.398081733190338e-14,0.033177126278195114
115,150,0,1.531524287903307e-14,6.908362770730037e-14,6.908362770730037e-14,0.27828485639532763
115,150,1,1.531524287903307e-14,6.908362770730037e-14,6.9111383282916e-14,0.27828485639532763
115,150,5,1.531524287903307e-14,6.908362770730037e-14,6.905587213168474e-14,0.27828485639532763
115,400,0,3.7686001680509644e-14,1.885297473691594e-14,1.885297473691594e-14,0.031937108199395874
115,400,1,3.7686001680509644e-14,1.885297473691594e-14,1.885297473691594e-14,0.031937108199395874
115,400,5,3.7686001680509644e-14,1.885297473691594e-14,1.887379141862766e-14,0.031937108199395874
116,150,0,2.408115321372305e-16,7.355227538141662e-16,7.355227538141662e-16,0.27896166499617037
116,150,1,2.408115321372305e-16,7.355227538141662e-16,8.881784197001252e-16,0.27896166499617037
116,150,5,2.408115321372305e-16,7.355227538141662e-16,8.881784197001252e-16,0.27896166499617037
116,400,0,1.4128556307757789e-15,5.134781488891349e-16,5.134781488891349e-16,0.03302546619898474
116,400,1,1.4128556307757789e-15,5.134781488891349e-16,4.440892098500626e-16,0.03302546619898474
116,400,5,1.4128556307757789e-15,5.134781488891349e-16,4.440892098500626e-16,0.03302546619898474
117,150,0,2.162148843931233e-16,7.7021722333370235e-16,7.7021722333370235e-16,0.27877024056761557
117,150,1,2.162148843931233e-16,7.7021722333370235e-16,7.632783294297951e-16,0.27877024056761557
117,150,5,2.162148843931233e-16,7.7021722333370235e-16,4.440892098500626e-16,0.27877024056761557
117,400,0,1.3752892147918362e-15,5.412337245047638e-16,5.412337245047638e-16,0.03374923061746141
117,400,1,1.3752892147918362e-15,5.412337245047638e-16,5.551115123125783e-16,0.03374923061746141
117,400,5,1.3752892147918362e-15,5.412337245047638e-16,8.881784197001252e-16,0.03374923061746141
118,150,0,5.844803482326569e-14,2.602362769721367e-13,2.602362769721367e-13,0.27426020411792634
118,150,1,5.844803482326569e-14,2.602362769721367e-13,2.602362769721367e-13,0.27426020411792634
118,150,5,5.844803482326569e-14,2.602362769721367e-13,2.5934809855243657e-13,0.27426020411792634
118,400,0,8.592844409587494e-14,4.518607710224387e-14,4.518607710224387e-14,0.03279430644801151
118,400,1,8.592844409587494e-14,4.518607710224387e-14,4.529709940470639e-14,0.03279430644801151
118,400,5,8.592844409587494e-14,4.518607710224387e-14,4.529709940470639e-14,0.03279430644801151
119,150,0,1.895147705087788e-14,8.287814878826794e-14,8.287814878826794e-14,0.278765468189075
119,150,1,1.895147705087788e-14,8.287814878826794e-14,8.287814878826794e-14,0.278765468189075
119,150,5,1.895147705087788e-14,8.287814878826794e-14,8.348877145181177e-14,0.278765468189075
119,400,0,4.588129755540082e-14,1.7996021339783397e-14,1.7996021339783397e-14,0.033789630160961315
119,400,1,4.588129755540082e-14,1.7996021339783397e-14,1.7985612998927536e-14,0.033789630160961315
119,400,5,4.588129755540082e-14,1.7996021339783397e-14,1.7763568394002505e-14,0.033789630160961315
120,150,0,8.05652560945048e-16,3.164135620181696e-15,3.164135620181696e-15,0.27885058167390736
120,150,1,8.05652560945048e-16,3.164135620181696e-15,3.1086244689504383e-15,0.27885058167390736
120,150,5,8.05652560945048e-16,3.164135620181696e-15,3.1086244689504383e-15,0.27885058167390736
120,400,0,5.824603205878887e-15,2.2343238370581275e-15,2.2343238370581275e-15,0.03385942939353741
120,400,1,5.824603205878887e-15,2.2343238370581275e-15,2.220446049250313e-15,0.03385942939353741
120,400,5,5.824603205878887e-15,2.2343238370581275e-15,2.220446049250313e-15,0.03385942939353741
121,150,0,6.408369839495345e-16,2.248201624865942e-15,2.248201624865942e-15,0.27895762518501227
121,150,1,6.408369839495345e-16,2.248201624865942e-15,2.220446049250313e-15,0.27895762518501227
121,150,5,6.408369839495345e-16,2.248201624865942e-15,2.220446049250313e-15,0.27895762518501227
121,400,0,4.069725992990222e-15,1.5959455978986625e-15,1.5959455978986625e-15,0.034215590162489706
121,400,1,4.069725992990222e-15,1.5959455978986625e-15,1.609823385706477e-15,0.034215590162489706
121,400,5,4.069725992990222e-15,1.5959455978986625e-15,1.7763568394002505e-15,0.034215590162489706
122,150,0,7.830972690444463e-15,2.0844437287337314e-14,2.0844437287337314e-14,0.16473324717012233
122,150,1,7.830972690444463e-15,2.0844437287337314e-14,2.0872192862952943e-14,0.16473324717012233
122,150,5,7.830972690444463e-15,2.0844437287337314e-14,2.0844437287337314e-14,0.16473324717012233
122,400,0,4.560274431150501e-15,1.3825746103535153e-15,1.3825746103535153e-15,0.030351002495607824
122,400,1,4.560274431150501e-15,1.3825746103535153e-15,1.3322676295501878e-15,0.030351002495607824
122,400,5,4.560274431150501e-15,1.3825746103535153e-15,1.7763568394002505e-15,0.030351002495607824
123,150,0,3.845459419991121e-15,1.3196366742407317e-14,1.3196366742407317e-14,0.27890522292131875
123,150,1,3.845459419991121e-15,1.3196366742407317e-14,1.3322676295501878e-14,0.27890522292131875
123,150,5,3.845459419991121e-15,1.3196366742407317e-14,1.3322676295501878e-14,0.27890522292131875
123,400,0,1.4824928171652485e-14,5.5615234639816435e-15,5.5615234639816435e-15,0.034160094670562455
123,400,1,1.4824928171652485e-14,5.5615234639816435e-15,5.551115123125783e-15,0.034160094670562455
123,400,5,1.4824928171652485e-14,5.5615234639816435e-15,5.329070518200751e-15,0.034160094670562455
124,150,0,7.527742332330576e-16,2.886579864025407e-15,2.886579864025407e-15,0.2789163299268807
124,150,1,7.527742332330576e-16,2.886579864025407e-15,2.886579864025407e-15,0.2789163299268807
124,150,5,7.527742332330576e-16,2.886579864025407e-15,2.886579864025407e-15,0.2789163299268807
124,400,0,1.1536276890728717e-15,4.996003610813204e-16,4.996003610813204e-16,0.03293950990281151
124,400,1,1.1536276890728717e-15,4.996003610813204e-16,6.661338147750939e-16,0.03293950990281151
124,400,5,1.1536276890728717e-15,4.996003610813204e-16,1.7763568394002505e-15,0.03293950990281151
125,150,0,2.6393539434307213e-16,1.0946105133413653e-15,1.0946105133413653e-15,0.278817702154649
125,150,1,2.6393539434307213e-16,1.0946105133413653e-15,1.1102230246251565e-15,0.278817702154649
125,150,5,2.6393539434307213e-16,1.0946105133413653e-15,8.881784197001252e-16,0.278817702154649
125,400,0,1.967161833314716e-15,7.745540320236444e-16,7.745540320236444e-16,0.03212224149488669
125,400,1,1.967161833314716e-15,7.745540320236444e-16,7.771561172376096e-16,0.03212224149488669
125,400,5,1.967161833314716e-15,7.745540320236444e-16,1.7763568394002505e-15,0.03212224149488669
126,150,0,3.583255867591939e-15,1.091488011084607e-14,1.091488011084607e-14,0.2786784551225624
126,150,1,3.583255867591939e-15,1.091488011084607e-14,1.0935696792557792e-14,0.2786784551225624
126,150,5,3.583255867591939e-15,1.091488011084607e-14,1.0658141036401503e-14,0.2786784551225624
126,400,0,2.5698234527395678e-14,7.858297346174936e-15,7.858297346174936e-15,0.03174086423778773
126,400,1,2.5698234527395678e-14,7.858297346174936e-15,7.993605777301127e-15,0.03174086423778773
126,400,5,2.5698234527395678e-14,7.858297346174936e-15,8.881784197001252e-15,0.03174086423778773
127,150,0,2.397624906526714e-16,7.945033519973776e-16,7.945033519973776e-16,0.2789569696095667
127,150,1,2.397624906526714e-16,7.945033519973776e-16,7.771561172376096e-16,0.2789569696095667
127,150,5,2.397624906526714e-16,7.945033519973776e-16,8.881784197001252e-16,0.2789569696095667
127,400,0,1.0360823787103602e-15,3.1051550219984847e-16,3.1051550219984847e-16,0.032692687905371214
127,400,1,1.0360823787103602e-15,3.1051550219984847e-16,3.3306690738754696e-16,0.032692687905371214
127,400,5,1.0360823787103602e-15,3.1051550219984847e-16,4.440892098500626e-16,0.032692687905371214
