realization,source,changing_rate_record,constant_rate_warped_record
0,0,-1.0,-1.0
0,1,1.0,1.0
0,2,-1.0,-1.0
0,3,1.0,1.0
0,4,-1.0,-1.0
0,5,-1.0,-1.0
0,6,1.0,1.0
0,7,-1.0,-1.0
0,8,1.0,1.0
0,9,0.5832057993038173,0.5832057993036688
0,10,1.0,1.0
0,11,1.0,1.0
0,12,-1.0,-1.0
0,13,1.0,1.0
0,14,0.6237426002620337,0.6237426002618544
0,15,-1.0,-1.0
0,16,1.0,1.0
0,17,-1.0,-1.0
0,18,1.0,1.0
0,19,-1.0,-1.0
0,20,1.0,1.0
0,21,-0.43436122271702193,-0.43436122271702443
0,22,0.4025177970829127,0.4025177970832202
0,23,0.08793614158836327,0.08793614158836152
1,0,-1.0,-1.0
1,1,-1.0,-1.0
1,2,1.0,1.0
1,3,-1.0,-1.0
1,4,-1.0,-1.0
1,5,1.0,1.0
1,6,0.8627587269831809,0.8627587269832369
1,7,-1.0,-1.0
1,8,-1.0,-1.0
1,9,1.0,1.0
1,10,-1.0,-1.0
1,11,-1.0,-1.0
1,12,0.06909861829522,0.06909861829510867
1,13,-1.0,-1.0
1,14,0.7580120863751101,0.7580120863751101
1,15,1.0,1.0
1,16,-1.0,-1.0
1,17,1.0,1.0
1,18,-1.0,-1.0
1,19,-0.42466982939054615,-0.4246698293905564
1,20,-1.0,-1.0
1,21,0.4110904467387787,0.4110904467387837
1,22,-1.0,-1.0
1,23,0.48422732157894677,0.48422732157895143
2,0,-1.0,-1.0
2,1,-1.0,-1.0
2,2,-1.0,-1.0
2,3,-1.0,-1.0
2,4,-1.0,-1.0
2,5,-1.0,-1.0
2,6,-1.0,-1.0
2,7,-1.0,-1.0
2,8,-1.0,-1.0
2,9,-1.0,-1.0
2,10,1.0,1.0
2,11,-1.0,-1.0
2,12,-1.0,-1.0
2,13,1.0,1.0
2,14,1.0,1.0
2,15,-1.0,-1.0
2,16,1.0,1.0
2,17,-0.7152702627257832,-0.7152702627257832
2,18,-1.0,-1.0
2,19,-1.0,-1.0
2,20,1.0,1.0
2,21,-0.4903327630501388,-0.49033276305013807
2,22,-1.0,-1.0
2,23,-0.21631355418992732,-0.21631355418993645
3,0,-1.0,-1.0
3,1,1.0,1.0
3,2,1.0,1.0
3,3,1.0,1.0
3,4,-1.0,-1.0
3,5,-1.0,-1.0
3,6,1.0,1.0
3,7,-1.0,-1.0
3,8,1.0,1.0
3,9,1.0,1.0
3,10,1.0,1.0
3,11,1.0,1.0
3,12,1.0,1.0
3,13,-1.0,-1.0
3,14,-1.0,-1.0
3,15,1.0,1.0
3,16,-0.9613096766060966,-0.9613096766062048
3,17,1.0,1.0
3,18,1.0,1.0
3,19,1.0,1.0
3,20,-0.7769125157647557,-0.7769125157647557
3,21,0.26846374868995876,0.26846374868996536
3,22,0.49372013844748264,0.49372013844737667
3,23,-0.029278825437186164,-0.0292788254371905
4,0,1.0,1.0
4,1,-1.0,-1.0
4,2,-1.0,-1.0
4,3,-1.0,-1.0
4,4,1.0,1.0
4,5,-1.0,-1.0
4,6,-1.0,-1.0
4,7,1.0,1.0
4,8,-1.0,-1.0
4,9,-1.0,-1.0
4,10,1.0,1.0
4,11,-1.0,-1.0
4,12,-1.0,-1.0
4,13,-1.0,-1.0
4,14,-1.0,-1.0
4,15,-1.0,-1.0
4,16,-1.0,-1.0
4,17,-1.0,-1.0
4,18,1.0,1.0
4,19,-0.19746866822961845,-0.1974686682296361
4,20,-1.0,-1.0
4,21,0.16579304967209066,0.16579304967209263
4,22,-1.0,-1.0
4,23,-0.23095724071680102,-0.23095724071680454
5,0,-1.0,-1.0
5,1,1.0,1.0
5,2,1.0,1.0
5,3,1.0,1.0
5,4,1.0,1.0
5,5,1.0,1.0
5,6,1.0,1.0
5,7,-1.0,-1.0
5,8,1.0,1.0
5,9,1.0,1.0
5,10,1.0,1.0
5,11,1.0,1.0
5,12,-1.0,-1.0
5,13,-1.0,-1.0
5,14,-1.0,-1.0
5,15,-1.0,-1.0
5,16,-1.0,-1.0
5,17,-1.0,-1.0
5,18,-1.0,-1.0
5,19,-1.0,-1.0
5,20,1.0,1.0
5,21,-0.2833607748038322,-0.28336077480382965
5,22,-0.10241500380704491,-0.10241500380704491
5,23,-0.04461905025079721,-0.04461905025078056
6,0,-1.0,-1.0
6,1,1.0,1.0
6,2,-1.0,-1.0
6,3,1.0,1.0
6,4,1.0,0.9999999999999969
6,5,1.0,1.0
6,6,1.0,1.0
6,7,-1.0,-1.0
6,8,1.0,1.0
6,9,1.0,1.0
6,10,1.0,1.0
6,11,1.0,1.0
6,12,-0.9105266538174979,-0.9105266538174684
6,13,-0.17429241668030315,-0.17429241668030315
6,14,1.0,1.0
6,15,1.0,1.0
6,16,0.29917974831544697,0.29917974831544697
6,17,1.0,1.0
6,18,1.0,1.0
6,19,-0.11439625877615886,-0.11439625877616985
6,20,-0.7047948345958048,-0.7047948345956401
6,21,0.18111196257689588,0.18111196257689322
6,22,1.0,1.0
6,23,0.3933941195622577,0.3933941195622448
7,0,-1.0,-1.0
7,1,1.0,1.0
7,2,1.0,1.0
7,3,1.0,1.0
7,4,-1.0,-1.0
7,5,1.0,1.0
7,6,1.0,1.0
7,7,-1.0,-1.0
7,8,1.0,1.0
7,9,-1.0,-1.0
7,10,-1.0,-1.0
7,11,1.0,1.0
7,12,-1.0,-1.0
7,13,1.0,1.0
7,14,1.0,1.0
7,15,1.0,1.0
7,16,1.0,1.0
7,17,1.0,1.0
7,18,-1.0,-1.0
7,19,-0.36266034688278925,-0.3626603468827768
7,20,1.0,1.0
7,21,0.2591438286765044,0.2591438286765023
7,22,-1.0,-1.0
7,23,0.6691473314492437,0.6691473314492417
8,0,1.0,1.0
8,1,1.0,1.0
8,2,-1.0,-1.0
8,3,1.0,1.0
8,4,-1.0,-1.0
8,5,1.0,1.0
8,6,1.0,1.0
8,7,1.0,1.0
8,8,1.0,1.0
8,9,1.0,1.0
8,10,-1.0000000000000209,-1.0
8,11,1.0,1.0
8,12,0.362903338440022,0.3629033384400846
8,13,1.0,1.0
8,14,-1.0,-1.0
8,15,1.0,1.0
8,16,1.0,1.0
8,17,1.0,1.0
8,18,-1.0,-1.0
8,19,0.8422724859868582,0.8422724859868618
8,20,1.0,1.0
8,21,-0.3253508906371621,-0.32535089063715367
8,22,1.0,1.0
8,23,0.08558102431866152,0.08558102431865353
9,0,-1.0,-1.0
9,1,-1.0,-1.0
9,2,1.0,1.0
9,3,-1.0,-1.0
9,4,-1.0,-1.0
9,5,-1.0,-1.0
9,6,-1.0,-1.0
9,7,-1.0,-1.0
9,8,-1.0,-1.0
9,9,-1.0,-1.0
9,10,-1.0,-1.0
9,11,-1.0,-1.0
9,12,-1.0,-1.0
9,13,-1.0,-1.0
9,14,-1.0,-1.0
9,15,1.0,1.0
9,16,-1.0,-1.0
9,17,1.0,1.0
9,18,1.0,1.0
9,19,-1.0,-1.0
9,20,1.0,1.0
9,21,0.34967381217913196,0.3496738121791474
9,22,1.0,1.0
9,23,0.4565916982023212,0.45659169820232437
10,0,1.0,1.0
10,1,1.0,1.0
10,2,1.0,1.0
10,3,1.0,1.0
10,4,1.0,1.0
10,5,-1.0,-1.0
10,6,1.0,1.0
10,7,1.0,1.0
10,8,1.0,1.0
10,9,1.0,1.0
10,10,-0.2467268949064631,-0.24672689490641067
10,11,1.0,1.0
10,12,1.0,1.0
10,13,-1.0,-1.0
10,14,-1.0,-1.0
10,15,-1.0,-1.0
10,16,-1.0,-1.0
10,17,-1.0,-1.0
10,18,-1.0,-1.0
10,19,1.0,1.0
10,20,-1.0,-1.0
10,21,0.4479681206295275,0.44796812062952945
10,22,-1.0,-1.0
10,23,0.41546414696493816,0.4154641469649349
11,0,-1.0,-1.0
11,1,0.6397901807740036,0.6397901807740023
11,2,1.0,1.0
11,3,-0.2759460704340644,-0.27594607043408625
11,4,1.0,1.0
11,5,1.0,1.0
11,6,1.0,1.0
11,7,-1.0,-1.0
11,8,1.0,1.0
11,9,1.0,1.0
11,10,1.0,1.0
11,11,-1.0,-1.0
11,12,-1.0,-1.0
11,13,1.0,1.0
11,14,1.0,1.0
11,15,1.0,1.0
11,16,1.0,1.0
11,17,1.0,1.0
11,18,1.0,1.0
11,19,0.4873226829272046,0.4873226829272074
11,20,0.6433555823133388,0.6433555823133388
11,21,0.06977991470466949,0.06977991470467235
11,22,1.0,1.0
11,23,0.0783076211666428,0.07830762116663953
12,0,-1.0,-1.0
12,1,1.0,1.0
12,2,1.0,1.0
12,3,1.0,1.0
12,4,1.0,1.0
12,5,1.0,1.0
12,6,1.0,1.0
12,7,-1.0,-1.0
12,8,1.0,1.0
12,9,-1.0,-1.0
12,10,-1.0,-1.0
12,11,1.0,1.0
12,12,-0.5100919304288509,-0.5100919304287979
12,13,1.0,1.0
12,14,1.0,1.0
12,15,-1.0,-1.0
12,16,1.0,1.0
12,17,-1.0,-1.0
12,18,1.0,1.0
12,19,0.5655412299813771,0.5655412299813829
12,20,1.0,1.0
12,21,-0.0029128303339328527,-0.002912830333939232
12,22,-1.0,-1.0
12,23,-0.6199835529073721,-0.6199835529073844
13,0,-1.0,-1.0
13,1,-1.0,-1.0
13,2,-1.0,-1.0
13,3,-1.0,-1.0
13,4,-1.0,-1.0
13,5,-0.6245268445762533,-0.6245268445762475
13,6,-1.0,-1.0
13,7,-1.0,-1.0
13,8,-1.0,-1.0
13,9,-1.0,-1.0
13,10,1.0,1.0
13,11,-1.0,-1.0
13,12,-1.0,-1.0
13,13,-1.0,-1.0
13,14,-1.0,-1.0
13,15,-1.0,-1.0
13,16,-1.0,-1.0
13,17,1.0,1.0
13,18,-1.0,-1.0
13,19,-0.8218728044538226,-0.8218728044538226
13,20,-0.2397175501030614,-0.2397175501025848
13,21,0.5839366231149756,0.583936623114977
13,22,-1.0,-1.0
13,23,-0.18871693518976013,-0.18871693518975635
14,0,1.0,1.0
14,1,1.0,1.0
14,2,1.0,1.0
14,3,1.0,1.0
14,4,1.0,1.0
14,5,-1.0,-1.0
14,6,1.0,1.0
14,7,1.0,1.0
14,8,1.0,1.0
14,9,1.0,1.0
14,10,-1.0,-1.0
14,11,1.0,1.0
14,12,-0.908263291364389,-0.9082632913643595
14,13,-1.0,-1.0
14,14,-1.0,-1.0
14,15,1.0,1.0
14,16,-1.0,-1.0
14,17,1.0,1.0
14,18,1.0,1.0
14,19,-0.8926991147399962,-0.8926991147399945
14,20,0.7279626893196405,0.7279626893196405
14,21,-0.40305614701296955,-0.40305614701297965
14,22,-0.6242402056556906,-0.62424020565533
14,23,0.009962337009801253,0.009962337009790786
15,0,-1.0,-1.0
15,1,1.0,1.0
15,2,-1.0,-1.0
15,3,1.0,1.0
15,4,-1.0,-1.0
15,5,1.0,1.0
15,6,1.0,1.0
15,7,-1.0,-1.0
15,8,1.0,1.0
15,9,-1.0,-1.0
15,10,1.0,1.0
15,11,1.0,1.0
15,12,1.0,1.0
15,13,1.0,1.0
15,14,-1.0,-1.0
15,15,-1.0,-1.0
15,16,1.0,1.0
15,17,0.3491443957420817,0.3491443957420817
15,18,-0.3184477904443732,-0.31844779044410115
15,19,-0.14382318392190713,-0.1438231839218974
15,20,-1.0,-1.0
15,21,-0.03400801631406502,-0.034008016314067926
15,22,-0.3594581742825259,-0.35945817428278715
15,23,-0.2419589475770283,-0.24195894757703373
16,0,1.0,1.0
16,1,-1.0,-1.0
16,2,1.0,1.0
16,3,-1.0,-1.0
16,4,-1.0,-1.0
16,5,-1.0,-1.0
16,6,-1.0,-1.0
16,7,1.0,1.0
16,8,-1.0,-1.0
16,9,-1.0,-1.0
16,10,1.0,1.0
16,11,-1.0,-1.0
16,12,-1.0,-1.0
16,13,1.0,1.0
16,14,-1.0,-1.0
16,15,-1.0,-1.0
16,16,1.0,1.0
16,17,0.9604595860151095,0.9604595860151635
16,18,-1.0,-1.0
16,19,-0.3652914350976508,-0.36529143509763373
16,20,-0.8989098834749806,-0.8989098834750984
16,21,0.04951783981018053,0.049517839810168524
16,22,-1.0,-1.0
16,23,-0.27852899263817676,-0.2785289926381975
17,0,-1.0,-1.0
17,1,-1.0,-1.0
17,2,-1.0,-1.0
17,3,-1.0,-1.0
17,4,-1.0,-1.0
17,5,1.0,1.0
17,6,-1.0,-1.0
17,7,1.0,1.0
17,8,-1.0,-1.0
17,9,-1.0,-1.0
17,10,-1.0,-1.0
17,11,-1.0,-1.0
17,12,1.0,1.0
17,13,-1.0,-1.0
17,14,-1.0,-1.0
17,15,1.0,1.0
17,16,-1.0,-1.0
17,17,1.0,1.0
17,18,1.0,1.0
17,19,1.0,1.0
17,20,-1.0,-1.0
17,21,-0.3290560307283136,-0.32905603072831113
17,22,1.0,1.0
17,23,0.19973135787081686,0.1997313578708208
18,0,-1.0,-1.0
18,1,-1.0,-1.0
18,2,-1.0,-1.0
18,3,-1.0,-1.0
18,4,-1.0,-1.0
18,5,-1.0,-1.0
18,6,-1.0,-1.0
18,7,-1.0,-1.0
18,8,-1.0,-1.0
18,9,-1.0,-1.0
18,10,1.0,1.0
18,11,-1.0,-1.0
18,12,1.0,1.0
18,13,-0.3782299552603561,-0.3782299552601057
18,14,0.579197341155642,0.5791973411558371
18,15,1.0,1.0
18,16,0.613853544472094,0.6138535444722732
18,17,0.721188456985409,0.7211884569850187
18,18,-0.7414178391220692,-0.7414178391220692
18,19,1.0,0.9999999999999997
18,20,-1.0,-1.0
18,21,-0.1983842302656204,-0.19838423026561602
18,22,-1.0,-1.0
18,23,0.20265721125025513,0.20265721125025496
19,0,1.0,1.0
19,1,-1.0,-1.0
19,2,-1.0,-1.0
19,3,-1.0,-1.0
19,4,-1.0,-1.0
19,5,0.7751450388778771,0.7751450388778767
19,6,-1.0,-1.0
19,7,1.0,1.0
19,8,-1.0,-1.0
19,9,-0.1792774237300378,-0.17927742372995759
19,10,-1.0,-1.0
19,11,-1.0,-1.0
19,12,-0.03946785116858849,-0.03946785116858849
19,13,-1.0,-1.0
19,14,-1.0,-1.0
19,15,-1.0,-1.0
19,16,-0.4708189209584488,-0.4708189209582184
19,17,-1.0,-1.0
19,18,1.0,1.0
19,19,-0.8269584359300041,-0.8269584359300041
19,20,-1.0,-1.0
19,21,0.05149359830619438,0.05149359830618927
19,22,1.0,1.0
19,23,-0.32655280808076315,-0.32655280808076126
20,0,1.0,1.0
20,1,-0.8738510019615721,-0.8738510019615736
20,2,-1.0,-1.0
20,3,-0.31807808073776334,-0.3180780807377723
20,4,-1.0,-1.000000000000003
20,5,1.0,1.0
20,6,-1.0,-1.0
20,7,1.0,1.0
20,8,-1.0,-1.0
20,9,1.0,1.0
20,10,1.0,1.0
20,11,1.0,1.0
20,12,1.0,1.0
20,13,-0.30045821510908344,-0.30045821510908344
20,14,-1.0,-1.0
20,15,-1.0,-1.0
20,16,-1.0,-1.0
20,17,-1.0,-1.0
20,18,-1.0,-1.0
20,19,-0.6425978883747379,-0.6425978883747429
20,20,1.0,1.0
20,21,0.5235607108901189,0.5235607108901239
20,22,0.34710608821218475,0.34710608821218475
20,23,-0.047982347754885565,-0.04798234775489257
21,0,1.0,1.0
21,1,-1.0,-1.0
21,2,-1.0,-1.0
21,3,-1.0,-1.0
21,4,1.0,1.0
21,5,1.0,1.0
21,6,1.0,1.0
21,7,1.0,1.0
21,8,-1.0,-1.0
21,9,-1.0,-1.0
21,10,-1.0,-1.0
21,11,-1.0,-1.0
21,12,1.0,1.0
21,13,-0.6376452523082684,-0.6376452523083593
21,14,-1.0,-1.0
21,15,-1.0,-1.0
21,16,-0.3839580983544336,-0.38395809835381856
21,17,-1.0,-1.0
21,18,-1.0,-1.0
21,19,1.0,1.0
21,20,-0.915362745972344,-0.9153627459725945
21,21,-0.15017655705945138,-0.15017655705946054
21,22,1.0,1.0
21,23,0.05556141293623102,0.055561412936227295
22,0,1.0,1.0
22,1,1.0,1.0
22,2,1.0,1.0
22,3,1.0,1.0
22,4,1.0,1.0
22,5,1.0,1.0
22,6,1.0,1.0
22,7,1.0,1.0
22,8,1.0,1.0
22,9,1.0,1.0
22,10,1.0,1.0
22,11,1.0,1.0
22,12,1.0,1.0
22,13,1.0,1.0
22,14,-1.0,-1.0
22,15,-1.0,-1.0
22,16,1.0,1.0
22,17,-1.0,-1.0
22,18,1.0,1.0
22,19,-0.7629326935511628,-0.7629326935511628
22,20,0.9855119094680769,0.9855119094680873
22,21,0.049538861429818476,0.04953886142980697
22,22,1.0,1.0
22,23,-0.39778476877603797,-0.3977847687760365
23,0,1.0,1.0
23,1,1.0,1.0
23,2,-1.0,-1.0
23,3,1.0,1.0
23,4,-1.0,-1.0
23,5,1.0,1.0
23,6,1.0,1.0
23,7,1.0,1.0
23,8,1.0,1.0
23,9,-1.0,-1.0
23,10,1.0,1.0
23,11,1.0,1.0
23,12,-1.0,-1.0
23,13,-0.9514368870193219,-0.9514368870194302
23,14,-1.0,-1.0
23,15,-1.0,-1.0
23,16,-0.15596386689440128,-0.15596386689474973
23,17,1.0,1.0
23,18,-0.77984672368594,-0.77984672368594
23,19,-0.01685732680049311,-0.016857326800504516
23,20,0.6275856786200291,0.6275856786198497
23,21,-0.0020778137731924523,-0.0020778137731973963
23,22,1.0,1.0
23,23,-0.034982998484306756,-0.03498299848431272
24,0,1.0,1.0
24,1,-1.0,-1.0
24,2,-1.0,-1.0
24,3,-1.0,-1.0
24,4,1.0,1.0
24,5,0.832078859908771,0.8320788599087656
24,6,-1.0,-1.0
24,7,1.0,1.0
24,8,-1.0,-1.0
24,9,-1.0,-1.0
24,10,1.0,1.0
24,11,-1.0,-1.0
24,12,-1.0,-1.0
24,13,1.0,1.0
24,14,-1.0,-1.0
24,15,1.0,1.0
24,16,1.0,1.0
24,17,1.0,1.0
24,18,0.1350101216206247,0.13501012162107
24,19,-1.0,-1.0
24,20,1.0,1.0
24,21,0.3758958541922709,0.37589585419226557
24,22,1.0,1.0
24,23,0.3282990772709387,0.32829907727093766
25,0,1.0,1.0
25,1,-1.0,-1.0
25,2,0.9999999999999992,1.0
25,3,-1.0,-1.0
25,4,1.0,1.0
25,5,-1.0,-1.0
25,6,-1.0,-1.0
25,7,1.0,1.0
25,8,-1.0,-1.0
25,9,1.0,1.0
25,10,1.0,1.0
25,11,-1.0,-1.0
25,12,-1.0,-1.0
25,13,-1.0,-1.0
25,14,1.0,1.0
25,15,1.0,1.0
25,16,-1.0,-1.0
25,17,-0.3301915572480873,-0.3301915572482233
25,18,1.0,1.0
25,19,0.23626521584038054,0.23626521584037233
25,20,-0.4603731617976246,-0.46037316179823967
25,21,0.2782549368547977,0.2782549368548104
25,22,1.0,1.0
25,23,-0.43250748608997847,-0.4325074860899738
26,0,1.0,1.0
26,1,1.0,1.0
26,2,1.0,1.0
26,3,1.0,1.0
26,4,1.0,1.0
26,5,1.0,1.0
26,6,1.0,1.0
26,7,1.0,1.0
26,8,1.0,1.0
26,9,1.0,1.0
26,10,-1.0,-1.0
26,11,1.0,1.0
26,12,-1.0,-1.0
26,13,1.0,1.0
26,14,1.0,1.0
26,15,1.0,1.0
26,16,0.7217492210409522,0.7217492210407873
26,17,1.0,1.0
26,18,-1.0,-1.0
26,19,-1.0,-1.0
26,20,1.0,1.0
26,21,-0.22206412031266434,-0.22206412031268125
26,22,1.0,1.0
26,23,-0.5342899115304363,-0.5342899115304394
27,0,-1.0,-1.0
27,1,-1.0,-1.0
27,2,-1.0,-1.0
27,3,-1.0,-1.0
27,4,-1.0,-1.0
27,5,1.0,1.0
27,6,-1.0,-1.0
27,7,-1.0,-1.0
27,8,-1.0,-1.0
27,9,-1.0,-1.0
27,10,-1.0,-1.0
27,11,-1.0,-1.0
27,12,0.9885626431605032,0.9885626431604517
27,13,-1.0,-1.0
27,14,1.0,1.0
27,15,1.0,1.0
27,16,-1.0,-1.0
27,17,1.0,1.0
27,18,1.0,1.0
27,19,-0.21425991140752293,-0.21425991140750972
27,20,-1.0,-1.0
27,21,-0.22854389292436053,-0.22854389292436925
27,22,1.0,1.0
27,23,0.18593190828866452,0.18593190828867193
28,0,-1.0,-1.0
28,1,1.0,1.0
28,2,-1.0000000000000009,-1.0
28,3,1.0,1.0
28,4,-1.0,-0.9999999999999969
28,5,-1.0,-1.0
28,6,1.0,1.0
28,7,-1.0,-1.0
28,8,1.0,1.0
28,9,1.0,1.0
28,10,-1.0,-1.0
28,11,1.0,1.0
28,12,1.0,1.0
28,13,1.0,1.0
28,14,1.0,1.0000000000000115
28,15,-1.0,-1.0
28,16,1.0,1.0
28,17,-1.0,-1.0
28,18,1.0,1.0
28,19,0.18507832871605462,0.18507832871606916
28,20,1.0,1.0
28,21,0.6749816640751722,0.6749816640751702
28,22,1.0,1.0
28,23,-0.2774089042005885,-0.2774089042005854
29,0,-1.0,-1.0
29,1,1.0,1.0
29,2,-1.0,-1.0
29,3,1.0,1.0
29,4,1.0,1.0
29,5,-1.0,-1.0
29,6,1.0,1.0
29,7,-1.0,-1.0
29,8,1.0,1.0
29,9,-1.0,-1.0
29,10,1.0,1.0
29,11,1.0,1.0
29,12,1.0,1.0
29,13,-1.0,-1.0
29,14,1.0,1.0
29,15,1.0,1.0
29,16,-0.7175668943206268,-0.7175668943204618
29,17,1.0,1.0
29,18,1.0,1.0
29,19,1.0,1.0
29,20,-1.0,-1.0
29,21,0.18257323651575855,0.18257323651576482
29,22,1.0,1.0
29,23,-0.11249377664494928,-0.11249377664494845
30,0,1.0,1.0
30,1,-1.0,-1.0
30,2,1.0,1.0
30,3,-1.0,-1.0
30,4,1.0,1.0
30,5,-1.0,-1.0
30,6,-1.0,-1.0
30,7,1.0,1.0
30,8,-1.0,-1.0
30,9,-1.0,-1.0
30,10,-1.0,-1.0
30,11,-1.0,-1.0
30,12,1.0,1.0
30,13,1.0,1.0
30,14,1.0,1.0
30,15,-1.0,-1.0
30,16,1.0,1.0
30,17,-1.0,-1.0
30,18,-1.0,-1.0
30,19,0.6641652659270341,0.6641652659270416
30,20,-1.0,-1.0
30,21,0.3334025255646042,0.33340252556461397
30,22,-1.0,-1.0
30,23,-0.5527845436349224,-0.5527845436349205
31,0,-1.0,-1.0
31,1,1.0,1.0
31,2,1.0,1.0
31,3,1.0,1.0
31,4,1.0,1.0
31,5,-1.0,-1.0
31,6,1.0,1.0
31,7,-1.0,-1.0
31,8,1.0,1.0
31,9,-1.0,-1.0
31,10,-1.0,-1.0
31,11,1.0,1.0
31,12,-1.0,-1.0
31,13,1.0,1.0
31,14,-1.0,-1.0
31,15,1.0,1.0
31,16,1.0,1.0
31,17,1.0,1.0
31,18,1.0,1.0
31,19,-1.0,-1.0
31,20,-1.0,-1.0
31,21,-0.27688703750908367,-0.2768870375090907
31,22,-1.0,-1.0
31,23,-0.016090872315529664,-0.01609087231551828
32,0,1.0,1.0
32,1,1.0,1.0
32,2,-1.0,-1.0
32,3,1.0,1.0
32,4,1.0,1.0
32,5,1.0,1.0
32,6,1.0,1.0
32,7,1.0,1.0
32,8,1.0,1.0
32,9,-1.0,-1.0
32,10,1.0,1.0
32,11,1.0,1.0
32,12,-1.0,-1.0
32,13,-1.0,-1.0
32,14,1.0,1.0
32,15,1.0,1.0
32,16,-1.0,-1.0
32,17,1.0,1.0
32,18,-1.0,-1.0
32,19,-1.0,-1.0
32,20,1.0,1.0
32,21,0.006724336961600955,0.0067243369615944786
32,22,1.0,1.0
32,23,0.17404553972130465,0.17404553972129705
33,0,-1.0,-1.0
33,1,-1.0,-1.0
33,2,1.0,1.0
33,3,-1.0,-1.0
33,4,1.0,1.0
33,5,1.0,1.0
33,6,-1.0,-1.0
33,7,-1.0,-1.0
33,8,-1.0,-1.0
33,9,1.0,1.0
33,10,1.0,1.0
33,11,-1.0,-1.0
33,12,1.0,1.0
33,13,1.0,1.0
33,14,-1.0,-1.0
33,15,-1.0,-1.0
33,16,1.0,1.0
33,17,-1.0,-1.0
33,18,-1.0,-1.0
33,19,0.9863650108212738,0.9863650108212796
33,20,1.0,1.0
33,21,0.07548170813886637,0.0754817081388632
33,22,1.0,1.0
33,23,-0.16700678893516743,-0.16700678893516474
34,0,1.0,1.0
34,1,1.0,1.0
34,2,-1.0,-1.0
34,3,1.0,1.0
34,4,1.0,1.0
34,5,1.0,1.0
34,6,1.0,1.0
34,7,1.0,1.0
34,8,1.0,1.0
34,9,-1.0,-1.0
34,10,-1.0,-1.0
34,11,1.0,1.0
34,12,-1.0,-1.0
34,13,1.0,1.0
34,14,1.0,1.0
34,15,-1.0,-1.0
34,16,1.0,1.0
34,17,1.0,1.0
34,18,1.0,1.0
34,19,-1.0,-1.0
34,20,1.0,1.0
34,21,-0.60977829862069,-0.6097782986206886
34,22,1.0,1.0
34,23,0.012018699797112564,0.01201869979710945
35,0,-1.0,-1.0
35,1,-1.0,-1.0
35,2,1.0,1.0
35,3,-1.0,-1.0
35,4,1.0,1.0
35,5,-1.0,-1.0
35,6,1.0,1.0
35,7,-1.0,-1.0
35,8,-1.0,-1.0
35,9,-1.0,-1.0
35,10,-1.0,-1.0
35,11,-1.0,-1.0
35,12,-0.5449898873680887,-0.5449898873680359
35,13,-1.0,-1.0
35,14,-1.0,-1.0
35,15,-0.9984831650928545,-0.9984831650928324
35,16,-1.0,-1.0
35,17,-1.0,-1.0
35,18,1.0,1.0
35,19,-0.8535099802027639,-0.8535099802027604
35,20,-1.0,-1.0
35,21,0.341214032531403,0.3412140325314026
35,22,1.0,1.0
35,23,-0.12841107329384377,-0.1284110732938455
36,0,1.0,1.0
36,1,1.0,1.0
36,2,1.0,1.0
36,3,1.0,1.0
36,4,1.0,1.0
36,5,1.0,1.0
36,6,1.0,1.0
36,7,1.0,1.0
36,8,1.0,1.0
36,9,1.0,1.0
36,10,1.0,1.0
36,11,1.0,1.0
36,12,-0.8842893291657917,-0.8842893291657917
36,13,1.0,1.0
36,14,1.0,1.0
36,15,1.0,1.0
36,16,1.0,1.0
36,17,1.0,1.0
36,18,1.0,1.0
36,19,-0.8839551706607625,-0.8839551706607625
36,20,1.0,1.0
36,21,0.1187123000362462,0.11871230003625202
36,22,1.0,1.0
36,23,-0.12869578405798934,-0.12869578405798182
37,0,-1.0,-1.0
37,1,-1.0,-1.0
37,2,1.0,1.0
37,3,-1.0,-1.0
37,4,1.0,1.0
37,5,-0.3942531329518188,-0.39425313295183095
37,6,-1.0,-1.0
37,7,-1.0,-1.0
37,8,-1.0,-1.0
37,9,-1.0,-1.0
37,10,1.0,1.0
37,11,-1.0,-1.0
37,12,-1.0,-1.0
37,13,-1.0,-1.0
37,14,-1.0,-1.0
37,15,1.0,1.0
37,16,-1.0,-1.0
37,17,-0.9735223853199861,-0.9735223853199321
37,18,0.004479646548367353,0.004479646548367353
37,19,-0.9129278893167792,-0.9129278893167845
37,20,-1.0,-1.0
37,21,-0.5370076455457172,-0.5370076455457087
37,22,1.0,1.0
37,23,-0.24725237063042,-0.2472523706304137
38,0,1.0,1.0
38,1,-1.0,-1.0
38,2,1.0,1.0
38,3,-1.0,-1.0
38,4,1.0,1.0
38,5,1.0,1.0
38,6,-1.0,-1.0
38,7,1.0,1.0
38,8,-1.0,-1.0
38,9,-1.0,-1.0
38,10,-1.0,-1.0
38,11,-1.0,-1.0
38,12,0.9859755967503816,0.9859755967504064
38,13,-1.0,-1.0
38,14,-1.0,-1.0
38,15,1.0,1.0
38,16,-1.0,-1.0
38,17,0.9869342317786446,0.9869342317786574
38,18,-1.0,-1.0
38,19,-0.3582740210138004,-0.3582740210137939
38,20,-1.0,-1.0
38,21,0.36986474917479406,0.36986474917478734
38,22,1.0,1.0
38,23,-0.005945402592585794,-0.00594540259258839
39,0,-1.0,-1.0
39,1,-1.0,-1.0
39,2,1.0,1.0
39,3,-1.0,-1.0
39,4,-1.0,-1.0
39,5,-1.0,-1.0
39,6,-1.0,-1.0
39,7,-1.0,-1.0
39,8,-1.0,-1.0
39,9,1.0,1.0
39,10,1.0,1.0
39,11,-1.0,-1.0
39,12,1.0,1.0
39,13,-1.0,-1.0
39,14,-1.0,-1.0
39,15,-1.0,-1.0
39,16,-1.0,-1.0
39,17,-1.0,-1.0
39,18,-1.0,-1.0
39,19,0.5469925183370411,0.5469925183370358
39,20,-1.0,-1.0
39,21,0.1983756457502244,0.19837564575022246
39,22,1.0,1.0
39,23,-0.0945679225227064,-0.09456792252270711
40,0,1.0,1.0
40,1,1.0,1.0
40,2,1.0000000000000009,1.0
40,3,1.0,1.0
40,4,1.0,1.0
40,5,1.0,1.0
40,6,1.0,1.0
40,7,1.0,1.0
40,8,1.0,1.0
40,9,1.0,1.0
40,10,1.0,1.0
40,11,1.0,1.0
40,12,1.0,1.0
40,13,-1.0,-1.0
40,14,-1.0,-1.0
40,15,1.0,1.0
40,16,-1.0,-1.0
40,17,1.0,1.0
40,18,-1.0,-1.0
40,19,0.9020554479811869,0.9020554479811869
40,20,0.20893619098769872,0.2089361909873778
40,21,0.17237325507354417,0.17237325507355453
40,22,1.0,1.0
40,23,-0.32272639673297643,-0.32272639673297615
41,0,1.0,1.0
41,1,-1.0,-1.0
41,2,1.0,1.0
41,3,-1.0,-1.0
41,4,-1.0,-1.0
41,5,1.0,1.0
41,6,-1.0,-1.0
41,7,1.0,1.0
41,8,-1.0,-1.0
41,9,1.0,1.0
41,10,1.0,1.0
41,11,-1.0,-1.0
41,12,-1.0,-1.0
41,13,-1.0,-1.0
41,14,-1.0,-1.0
41,15,-0.05138441591246337,-0.05138441591265249
41,16,-1.0,-1.0
41,17,1.0,1.0
41,18,-1.0,-1.0
41,19,-1.0,-1.0
41,20,1.0,1.0
41,21,0.6001429654659751,0.6001429654659877
41,22,1.0,1.0
41,23,-0.5201653273653772,-0.5201653273653736
42,0,1.0,1.0
42,1,-1.0,-1.0
42,2,-1.0,-1.0
42,3,-1.0,-1.0
42,4,-1.0,-1.0
42,5,-1.0,-1.0
42,6,-1.0,-1.0
42,7,1.0,1.0
42,8,-1.0,-1.0
42,9,-1.0,-1.0
42,10,-1.0,-1.0
42,11,-1.0,-1.0
42,12,-1.0,-1.0
42,13,-1.0,-1.0
42,14,-0.6760966488912654,-0.6760966488912654
42,15,1.0,1.0
42,16,-0.7911569182254973,-0.7911569182254973
42,17,1.0,1.0
42,18,-1.0,-1.0
42,19,-0.9099645295547468,-0.9099645295547468
42,20,0.29564096752700647,0.29564096752727853
42,21,0.11145832032755679,0.11145832032755304
42,22,-1.0,-1.0
42,23,-0.4805343331646337,-0.4805343331646361
43,0,1.0,1.0
43,1,1.0,1.0
43,2,1.0,1.0
43,3,1.0,1.0
43,4,-1.0,-1.0
43,5,1.0,1.0
43,6,1.0,1.0
43,7,1.0,1.0
43,8,1.0,1.0
43,9,1.0,1.0
43,10,1.0,1.0
43,11,1.0,1.0
43,12,1.0,1.0
43,13,-1.0,-1.0
43,14,-1.0,-1.0
43,15,1.0,1.0
43,16,-1.0,-1.0
43,17,1.0,1.0
43,18,-1.0,-1.0
43,19,0.9732503281354639,0.973250328135467
43,20,-0.3728830799276255,-0.3728830799281931
43,21,-0.4907111802277341,-0.4907111802277354
43,22,-1.0,-1.0
43,23,-0.18111552477124507,-0.1811155247712468
44,0,-1.0,-1.0
44,1,1.0,1.0
44,2,1.0,1.0
44,3,1.0,1.0
44,4,-1.0,-1.0
44,5,-0.053073885024739385,-0.053073885024750786
44,6,1.0,1.0
44,7,-1.0,-1.0
44,8,1.0,1.0
44,9,1.0,1.0
44,10,1.0,1.0
44,11,1.0,1.0
44,12,-0.9843354271640867,-0.984335427164112
44,13,-1.0,-1.0
44,14,-1.0,-1.0
44,15,-1.0,-1.0
44,16,-1.0,-1.0
44,17,-1.0,-1.0
44,18,-1.0,-1.0
44,19,-0.8958527208922223,-0.8958527208922257
44,20,1.0,1.0
44,21,-0.33084162369096354,-0.3308416236909689
44,22,1.0,1.0
44,23,-0.12570693544188305,-0.1257069354418855
45,0,-1.0,-1.0
45,1,1.0,1.0
45,2,0.9145417456476361,0.9145417456476455
45,3,1.0,1.0
45,4,1.0,1.0
45,5,1.0,1.0
45,6,1.0,1.0
45,7,-1.0,-1.0
45,8,1.0,1.0
45,9,1.0,1.0
45,10,-1.0,-1.0
45,11,1.0,1.0
45,12,-1.0,-1.0
45,13,1.0,1.0
45,14,1.0,1.0
45,15,-1.0,-1.0
45,16,1.0,1.0
45,17,-1.0,-1.0
45,18,-0.5729489820110659,-0.5729489820110659
45,19,-0.4916547579439489,-0.49165475794393043
45,20,-1.0,-1.0
45,21,0.08086299929215295,0.08086299929216151
45,22,-1.0,-1.0
45,23,-0.626931537407047,-0.6269315374070462
46,0,-0.8697570097615849,-0.8697570097615885
46,1,1.0,1.0
46,2,0.9999999999999992,1.0
46,3,1.0,1.0
46,4,1.0,1.0
46,5,1.0,1.0
46,6,1.0,1.0
46,7,1.0,1.0
46,8,1.0,1.0
46,9,1.0,1.0
46,10,1.0,1.0
46,11,1.0,1.0
46,12,-1.0,-1.0
46,13,1.0,1.0
46,14,-1.0,-1.0
46,15,-0.17424464571106912,-0.17424464571139003
46,16,1.0,1.0
46,17,-1.0,-1.0
46,18,1.0,1.0
46,19,0.7264601695228973,0.7264601695229018
46,20,0.5785520610510209,0.5785520610512159
46,21,-0.3595667372783452,-0.3595667372783504
46,22,1.0,1.0
46,23,-0.3831901588299429,-0.3831901588299391
47,0,-1.0,-1.0
47,1,-1.0,-1.0
47,2,-1.0,-1.0
47,3,-1.0,-1.0
47,4,-1.0,-1.0
47,5,1.0,1.0
47,6,1.0,1.0
47,7,-1.0,-1.0
47,8,-1.0,-1.0
47,9,1.0,1.0
47,10,-1.0,-1.0
47,11,-1.0,-1.0
47,12,1.0,1.0
47,13,-1.0,-1.0
47,14,-0.6510294295535548,-0.6510294295537342
47,15,1.0,1.0
47,16,-1.0,-1.0
47,17,1.0,1.0
47,18,-1.0,-1.0
47,19,0.626749715287872,0.6267497152878521
47,20,1.0,1.0
47,21,0.10615226216688571,0.10615226216687355
47,22,1.0,1.0
47,23,-0.12698678190431784,-0.12698678190431997
48,0,-1.0,-1.0
48,1,-1.0,-1.0
48,2,1.0,1.0
48,3,-1.0,-1.0
48,4,-1.0,-1.0
48,5,1.0,1.0
48,6,-1.0,-1.0
48,7,-1.0,-1.0
48,8,-1.0,-1.0
48,9,-1.0,-1.0
48,10,-1.0,-1.0
48,11,-1.0,-1.0
48,12,-0.6790052940132991,-0.6790052940131136
48,13,1.0,1.0
48,14,-0.29585702242445644,-0.29585702242418443
48,15,1.0,1.0
48,16,1.0,1.0
48,17,1.0,1.0
48,18,1.0,1.0
48,19,0.7035941834517809,0.7035941834517847
48,20,1.0,1.0
48,21,0.029897428380307657,0.029897428380309007
48,22,1.0,1.0
48,23,0.6141296034327264,0.6141296034327345
49,0,-1.0,-1.0
49,1,1.0,1.0
49,2,-1.0,-1.0
49,3,1.0,1.0
49,4,-1.0,-1.0
49,5,1.0,1.0
49,6,1.0,1.0
49,7,-1.0,-1.0
49,8,1.0,1.0
49,9,1.0,1.0
49,10,1.0,1.0
49,11,1.0,1.0
49,12,1.0,1.0
49,13,-1.0,-1.0
49,14,-1.0,-1.0
49,15,1.0,1.0
49,16,-1.0,-1.0
49,17,-1.0,-1.0
49,18,1.0,1.0
49,19,-0.7227867550857628,-0.7227867550857582
49,20,1.0,1.0
49,21,-0.31265437395131956,-0.31265437395132717
49,22,-1.0,-1.0
49,23,-0.5649636999933404,-0.5649636999933431
50,0,-1.0,-1.0
50,1,-1.0,-1.0
50,2,-1.0,-1.0
50,3,-1.0,-1.0
50,4,1.0,1.0
50,5,1.0,1.0
50,6,-1.0,-1.0
50,7,-1.0,-1.0
50,8,-1.0,-1.0
50,9,1.0,1.0
50,10,1.0,1.0
50,11,-1.0,-1.0
50,12,-1.0,-1.0
50,13,1.0,1.0
50,14,1.0,1.0
50,15,-0.22073207633889677,-0.22073207633863492
50,16,1.0,1.0
50,17,-1.0,-1.0
50,18,1.0,1.0
50,19,-1.0,-1.0
50,20,0.1340425586749868,0.1340425586749868
50,21,0.33284386912613023,0.33284386912614444
50,22,-0.2622387671702675,-0.26223876717011985
50,23,-0.3119853178866473,-0.3119853178866451
51,0,-1.0,-1.0
51,1,1.0,1.0
51,2,1.0,1.0
51,3,1.0,1.0
51,4,-1.0,-1.0
51,5,1.0,1.0
51,6,1.0,1.0
51,7,-1.0,-1.0
51,8,1.0,1.0
51,9,1.0,1.0
51,10,1.0,1.0
51,11,1.0,1.0
51,12,1.0,1.0
51,13,1.0,1.0
51,14,1.0,1.0
51,15,1.0,1.0
51,16,1.0,1.0
51,17,1.0,1.0
51,18,1.0,1.0
51,19,-0.7157920781853198,-0.7157920781853244
51,20,1.0,1.0
51,21,-0.08785626339401154,-0.08785626339400529
51,22,-1.0,-1.0
51,23,0.47708150204662714,0.4770815020466246
52,0,1.0,1.0
52,1,-1.0,-1.0
52,2,-1.0,-1.0
52,3,-1.0,-1.0
52,4,-1.0,-1.0
52,5,-1.0,-1.0
52,6,-1.0,-1.0
52,7,1.0,1.0
52,8,-1.0,-1.0
52,9,-1.0,-1.0
52,10,-1.0,-1.0
52,11,-1.0,-1.0
52,12,1.0,1.0
52,13,-1.0,-1.0
52,14,-1.0,-1.0
52,15,-1.0,-1.0
52,16,-1.0,-1.0
52,17,-1.0,-1.0
52,18,-1.0,-1.0
52,19,1.0,1.0
52,20,1.0,1.0
52,21,-0.036757221486552444,-0.03675722148653352
52,22,1.0,1.0
52,23,0.41899592168074024,0.41899592168073596
53,0,-1.0,-1.0
53,1,0.6530350594663555,0.6530350594663584
53,2,1.0,1.0
53,3,-0.23727156214444056,-0.2372715621444551
53,4,1.0,1.0
53,5,1.0,1.0
53,6,1.0,1.0
53,7,-1.0,-1.0
53,8,1.0,1.0
53,9,1.0,1.0
53,10,1.0,1.0
53,11,-1.0,-1.0
53,12,1.0,1.0
53,13,1.0,1.0
53,14,-1.0,-1.0
53,15,-1.0,-1.0
53,16,1.0,1.0
53,17,1.0,1.0
53,18,0.9513291348786201,0.9513291348787284
53,19,1.0,1.0
53,20,-1.0,-1.0
53,21,0.2123559961740016,0.2123559961740042
53,22,-0.558712129941062,-0.5587121299414227
53,23,0.21471383101241365,0.21471383101240873
54,0,1.0,1.0
54,1,1.0,1.0
54,2,-1.0,-1.0
54,3,1.0,1.0
54,4,-1.0,-1.0
54,5,-1.0,-1.0
54,6,1.0,1.0
54,7,1.0,1.0
54,8,1.0,1.0
54,9,1.0,1.0
54,10,1.0,1.0
54,11,1.0,1.0
54,12,-1.0,-1.0
54,13,0.2702467813122003,0.2702467813119048
54,14,-0.9740580782939577,-0.9740580782940659
54,15,-1.0,-1.0
54,16,-1.0,-1.0
54,17,1.0,1.0
54,18,0.26285426193311745,0.26285426193364114
54,19,-1.0,-1.0
54,20,-1.0,-1.0
54,21,-0.2956192193719721,-0.295619219371973
54,22,-1.0,-1.0
54,23,-0.14744041121121687,-0.14744041121121992
55,0,1.0,1.0
55,1,-1.0,-1.0
55,2,-1.0,-1.0
55,3,-1.0,-1.0
55,4,-1.0,-1.0
55,5,-1.0,-1.0
55,6,-1.0,-1.0
55,7,1.0,1.0
55,8,-1.0,-1.0
55,9,1.0,1.0
55,10,-1.0,-1.0
55,11,-1.0,-1.0
55,12,-0.9352297183224313,-0.9352297183224019
55,13,1.0,1.0
55,14,0.00372842973871265,0.003728429739123117
55,15,-1.0,-1.0
55,16,1.0,1.0
55,17,-1.0,-1.0
55,18,-1.0,-1.0
55,19,-0.8899416803984629,-0.8899416803984596
55,20,1.0,1.0
55,21,-0.28374722457213347,-0.28374722457213153
55,22,1.0,1.0
55,23,-0.4238622445015454,-0.4238622445015408
56,0,-1.0,-1.0
56,1,-1.0,-1.0
56,2,-1.0,-1.0
56,3,-1.0,-1.0
56,4,-1.0,-1.0
56,5,-1.0,-1.0
56,6,-1.0,-1.0
56,7,-1.0,-1.0
56,8,-1.0,-1.0
56,9,-1.0,-1.0
56,10,-1.0,-1.0
56,11,-1.0,-1.0
56,12,0.20836281727803374,0.20836281727811398
56,13,-1.0,-1.0
56,14,1.0,1.0
56,15,1.0,1.0
56,16,-0.6742041242901726,-0.6742041242900076
56,17,1.0,1.0
56,18,-1.0,-1.0
56,19,0.8345003120976087,0.8345003120976126
56,20,-1.0,-1.0
56,21,0.059619889821247676,0.05961988982124347
56,22,-1.0,-1.0
56,23,-0.1114679163864479,-0.11146791638645813
57,0,-1.0,-1.0
57,1,-1.0,-1.0
57,2,1.0,1.0
57,3,-1.0,-1.0
57,4,-1.0,-1.0
57,5,-1.0,-0.9999999999999987
57,6,-1.0,-1.0
57,7,-1.0,-1.0
57,8,-1.0,-1.0
57,9,-1.0,-1.0
57,10,-1.0,-1.0
57,11,-1.0,-1.0
57,12,1.0,1.0
57,13,1.0,1.0
57,14,-1.0,-1.0
57,15,1.0,1.0
57,16,1.0,1.0
57,17,-0.9993734288887134,-0.9993734288887293
57,18,0.9341876557076211,0.9341876557077389
57,19,-0.517357325665066,-0.517357325665066
57,20,1.0,1.0
57,21,-0.6267469143944802,-0.6267469143944772
57,22,-1.0,-1.0
57,23,0.5455767002145137,0.5455767002145183
58,0,-1.0,-1.0
58,1,1.0,1.0
58,2,1.0,1.0
58,3,1.0,1.0
58,4,1.0,0.9999999999999969
58,5,1.0000000000000004,1.0
58,6,1.0,1.0
58,7,1.0,1.0
58,8,1.0,1.0
58,9,-1.0,-1.0
58,10,1.0,1.0
58,11,1.0,1.0
58,12,-1.0,-1.0
58,13,-1.0,-1.0
58,14,1.0,1.0
58,15,1.0,1.0
58,16,-0.957660692402879,-0.9576606924029872
58,17,1.0,1.0
58,18,1.0,1.0
58,19,-0.0034072386150717825,-0.0034072386150747888
58,20,-1.0,-1.0
58,21,0.15662385062957523,0.15662385062957102
58,22,-1.0,-1.0
58,23,-0.4361471738204876,-0.4361471738204806
59,0,1.0,1.0
59,1,1.0,1.0
59,2,1.0,1.0
59,3,1.0,1.0
59,4,1.0,1.0
59,5,-1.0,-1.0
59,6,1.0,1.0
59,7,1.0,1.0
59,8,1.0,1.0
59,9,-1.0,-1.0
59,10,-1.0,-1.0000000000000533
59,11,1.0,1.0
59,12,-1.0,-1.0
59,13,1.0,1.0
59,14,0.6525609472448455,0.6525609472450248
59,15,-1.0,-1.0
59,16,1.0,1.0
59,17,-1.0,-1.0
59,18,1.0,1.0
59,19,-1.0,-1.0
59,20,1.0,1.0
59,21,0.057761491615824695,0.05776149161582394
59,22,-1.0,-1.0
59,23,0.08904434176442261,0.08904434176442166
60,0,1.0,1.0
60,1,1.0,1.0
60,2,-1.0,-1.0
60,3,1.0,1.0
60,4,1.0,1.0
60,5,0.9999999999999984,1.0
60,6,1.0,1.0
60,7,1.0,1.0
60,8,1.0,1.0
60,9,1.0,1.0
60,10,1.0,1.0
60,11,1.0,1.0
60,12,-1.0,-1.0
60,13,1.0,1.0
60,14,1.0,1.0
60,15,1.0,1.0
60,16,1.0,1.0
60,17,1.0,1.0
60,18,1.0,1.0
60,19,-1.0,-1.0
60,20,-1.0,-1.0
60,21,-0.21632367150690104,-0.21632367150689746
60,22,-1.0,-1.0
60,23,0.7299491744174038,0.7299491744174031
61,0,1.0,1.0
61,1,1.0,1.0
61,2,1.0,1.0
61,3,1.0,1.0
61,4,-1.0,-1.000000000000003
61,5,-0.8765225743130236,-0.8765225743130176
61,6,1.0,1.0
61,7,-1.0,-1.0
61,8,1.0,1.0
61,9,1.0,1.0
61,10,1.0,1.0
61,11,1.0,1.0
61,12,0.5396394087300019,0.5396394087300019
61,13,1.0,1.0
61,14,-0.3617645416080117,-0.36176454160709837
61,15,-0.5668057610468356,-0.5668057610470305
61,16,1.0,1.0
61,17,-1.0,-1.0
61,18,1.0,1.0
61,19,0.8531506299166255,0.8531506299166255
61,20,1.0,1.0
61,21,-0.13885323438401173,-0.13885323438402103
61,22,-1.0,-1.0
61,23,0.008189175769614261,0.008189175769607303
62,0,1.0,1.0
62,1,0.6531207635574248,0.6531207635574277
62,2,1.0,1.0
62,3,-0.23702130967648669,-0.23702130967650123
62,4,1.0,1.0
62,5,-1.0,-1.0
62,6,1.0,1.0
62,7,1.0,1.0
62,8,1.0,1.0
62,9,-1.0,-1.0
62,10,-1.0,-1.0
62,11,-1.0,-1.0
62,12,1.0,1.0
62,13,-1.0,-1.0
62,14,-1.0,-1.0
62,15,1.0,1.0
62,16,-1.0,-1.0
62,17,1.0,1.0
62,18,-1.0,-1.0
62,19,-0.0754068753767502,-0.07540687537674433
62,20,-1.0,-1.0
62,21,-0.503966412001418,-0.5039664120014196
62,22,-1.0,-1.0
62,23,-0.03363525808698215,-0.0336352580869951
63,0,1.0,1.0
63,1,-0.5606571754947229,-0.5606571754947312
63,2,1.0,0.9999999999999876
63,3,-1.0,-1.0
63,4,0.99999999999999,1.0
63,5,-0.3411974221228483,-0.3411974221228585
63,6,1.0,1.0
63,7,1.0,1.0
63,8,1.0,1.0
63,9,1.0,1.0
63,10,-1.0,-1.0
63,11,-1.0,-1.0
63,12,1.0,1.0
63,13,0.27246736719349446,0.272467367193199
63,14,-0.6063576904842818,-0.6063576904850031
63,15,1.0,1.0
63,16,-1.0,-1.0
63,17,1.0,1.0
63,18,-1.0,-1.0
63,19,-0.49639932783705354,-0.49639932783705026
63,20,1.0,1.0
63,21,0.5008717172533276,0.5008717172533181
63,22,1.0,1.0
63,23,-0.041037731853399935,-0.0410377318534011
64,0,1.0,1.0
64,1,1.0,1.0
64,2,1.0,1.0
64,3,1.0,1.0
64,4,1.0,1.0
64,5,-1.0,-1.0
64,6,1.0,1.0
64,7,1.0,1.0
64,8,1.0,1.0
64,9,1.0,1.0
64,10,-1.0,-1.0
64,11,1.0,1.0
64,12,-1.0,-1.0
64,13,-1.0,-1.0
64,14,-1.0,-1.0
64,15,1.0,1.0
64,16,-1.0,-1.0
64,17,1.0,1.0
64,18,1.0,1.0
64,19,-0.9974203497106261,-0.9974203497106248
64,20,-0.07637059618915346,-0.0763705961895988
64,21,-0.21686622176136813,-0.21686622176137343
64,22,1.0,1.0
64,23,0.11257136262932811,0.11257136262932838
65,0,-1.0,-1.0
65,1,-1.0,-1.0
65,2,-1.0,-1.0
65,3,-1.0,-1.0
65,4,-1.0,-1.0
65,5,-1.0,-1.0
65,6,-1.0,-1.0
65,7,-1.0,-1.0
65,8,-1.0,-1.0
65,9,-1.0,-1.0
65,10,1.0,1.0
65,11,-1.0,-1.0
65,12,-1.0,-1.0
65,13,-1.0,-1.0
65,14,-1.0,-1.0
65,15,-0.10079233218363029,-0.10079233218340763
65,16,-0.4949727103240258,-0.49497271032423784
65,17,1.0,1.0
65,18,1.0,1.0
65,19,-0.9267395636075106,-0.9267395636075106
65,20,-1.0,-1.0
65,21,-0.23663206213825283,-0.2366320621382537
65,22,1.0,1.0
65,23,-0.17468554818359916,-0.17468554818359613
66,0,1.0,1.0
66,1,-1.0,-1.0
66,2,-1.0,-1.0
66,3,-1.0,-1.0
66,4,1.0,1.0
66,5,-1.0,-1.0
66,6,-1.0,-1.0
66,7,1.0,1.0
66,8,-1.0,-1.0
66,9,-1.0,-1.0
66,10,-1.0,-1.0
66,11,-1.0,-1.0
66,12,1.0,1.0
66,13,-1.0,-1.0
66,14,1.0,1.0
66,15,-0.28278092577494685,-0.28278092577520864
66,16,-1.0,-1.0
66,17,1.0,1.0
66,18,-1.0,-1.0
66,19,0.9912941990826084,0.9912941990826084
66,20,-1.0,-1.0
66,21,-0.2722506951392181,-0.2722506951392206
66,22,-1.0,-1.0
66,23,0.4159161035126845,0.41591610351267805
67,0,1.0,1.0
67,1,1.0,1.0
67,2,-1.0,-1.0
67,3,0.9777190388524277,0.9777190388524287
67,4,-1.0,-1.0
67,5,1.0,1.0
67,6,-0.9999827671654185,-0.9999827671654192
67,7,1.0,1.0
67,8,1.0,1.0
67,9,-1.0,-1.0
67,10,-1.0,-1.0
67,11,1.0,1.0
67,12,-1.0,-1.0
67,13,-1.0,-1.0
67,14,0.10013419040725961,0.10013419040681429
67,15,-1.0,-1.0
67,16,-1.0,-1.0
67,17,-1.0,-1.0
67,18,-1.0,-1.0
67,19,-1.0,-1.0
67,20,1.0,1.0
67,21,-0.5060143274696239,-0.5060143274696272
67,22,1.0,1.0
67,23,0.1353478938795683,0.13534789387955995
68,0,1.0,1.0
68,1,-1.0,-1.0
68,2,1.0,1.0
68,3,-1.0,-1.0
68,4,1.0,1.0
68,5,1.0,1.0
68,6,-1.0,-1.0
68,7,1.0,1.0
68,8,-1.0,-1.0
68,9,-1.0,-1.0
68,10,-1.0,-1.0
68,11,-1.0,-1.0
68,12,-1.0,-1.0
68,13,-1.0,-1.0
68,14,-1.0,-1.0
68,15,1.0,1.0
68,16,-1.0,-1.0
68,17,-0.9169662799094149,-0.9169662799094738
68,18,1.0,1.0
68,19,-0.8600106498364528,-0.8600106498364464
68,20,-1.0,-1.0
68,21,-0.3099778111674168,-0.3099778111674345
68,22,1.0,1.0
68,23,-0.25288988407113744,-0.2528898840711382
69,0,1.0,1.0
69,1,1.0,1.0
69,2,-1.0,-1.0
69,3,1.0,1.0
69,4,-1.0,-1.0
69,5,-1.0,-1.0
69,6,1.0,1.0
69,7,1.0,1.0
69,8,1.0,1.0
69,9,1.0,1.0
69,10,1.0,1.0
69,11,1.0,1.0
69,12,-1.0,-1.0
69,13,1.0,1.0
69,14,-1.0,-1.0
69,15,-1.0,-1.0
69,16,1.0,1.0
69,17,-1.0,-1.0
69,18,-1.0,-1.0
69,19,-0.5842577917273131,-0.5842577917272931
69,20,0.1369788287611233,0.13697882876067796
69,21,-0.3174782857755115,-0.31747828577551856
69,22,1.0,1.0
69,23,-0.4222113196356342,-0.4222113196356337
70,0,1.0,1.0
70,1,-0.9493558650893998,-0.9493558650893985
70,2,-1.0,-1.0
70,3,-0.4769734535147625,-0.4769734535147683
70,4,0.8815636846252402,0.8815636846252253
70,5,-1.0,-1.0
70,6,-1.0,-1.0
70,7,1.0,1.0
70,8,-1.0,-1.0
70,9,-1.0,-1.0
70,10,-1.0,-1.0
70,11,-0.6401790897423518,-0.6401790897423406
70,12,-0.7759725477451471,-0.7759725477451851
70,13,-1.0,-1.0
70,14,-1.0,-1.0
70,15,-0.030059349512128186,-0.030059349511939067
70,16,-1.0,-1.0
70,17,-1.0,-1.0
70,18,1.0,1.0
70,19,0.5337637729484592,0.5337637729484627
70,20,-1.0,-1.0
70,21,-0.2598558933320645,-0.25985589333207404
70,22,1.0,1.0
70,23,0.13846050444975852,0.13846050444975294
71,0,-1.0,-1.0
71,1,1.0,1.0
71,2,-1.0,-1.0
71,3,1.0,1.0
71,4,-1.0,-1.0
71,5,-1.0,-1.0
71,6,1.0,1.0
71,7,-1.0,-1.0
71,8,1.0,1.0
71,9,-1.0,-1.0
71,10,-1.0,-1.0
71,11,1.0,1.0
71,12,1.0,1.0
71,13,-1.0,-1.0
71,14,-1.0,-1.0
71,15,-1.0,-1.0
71,16,-1.0,-1.0
71,17,-1.0,-1.0
71,18,-1.0,-1.0
71,19,1.0,1.0
71,20,-1.0,-1.0
71,21,0.629189538458226,0.6291895384582238
71,22,1.0,1.0
71,23,-0.43523894887365977,-0.4352389488736623
72,0,-1.0,-1.0
72,1,0.9999080862445685,0.9999080862445685
72,2,-1.0,-1.0
72,3,0.5936414083916645,0.5936414083916671
72,4,-1.0,-1.0
72,5,-1.0,-1.0
72,6,1.0,1.0
72,7,-1.0,-1.0
72,8,1.0,1.0
72,9,1.0,0.9999999999999835
72,10,1.0,1.0
72,11,1.0,1.0
72,12,-1.0,-1.0
72,13,-1.0,-1.0
72,14,1.0,1.0
72,15,1.0,1.0
72,16,-1.0,-1.0
72,17,1.0,1.0
72,18,-1.0,-1.0
72,19,-0.37770493839048996,-0.3777049383904749
72,20,-1.0,-1.0
72,21,0.01946655914729819,0.01946655914729771
72,22,0.8187955623658039,0.8187955623658736
72,23,0.21851130078475572,0.2185113007847494
73,0,1.0,1.0
73,1,-1.0,-1.0
73,2,-1.0,-1.0
73,3,-1.0,-1.0
73,4,1.0,1.0
73,5,-1.0,-1.0
73,6,-1.0,-1.0
73,7,1.0,1.0000000000000022
73,8,-1.0,-1.0
73,9,-1.0,-1.0
73,10,-1.0,-1.0
73,11,-1.0,-1.0
73,12,-1.0,-1.0
73,13,-1.0,-1.0
73,14,-0.41166253148492304,-0.41166253148492304
73,15,1.0,1.0
73,16,-1.0,-1.0
73,17,-1.0,-1.0
73,18,1.0,1.0
73,19,-1.0,-1.0
73,20,-1.0,-1.0
73,21,0.3885732856811648,0.3885732856811597
73,22,-1.0,-1.0
73,23,-0.4625176744227227,-0.4625176744227236
74,0,1.0,1.0
74,1,1.0,1.0
74,2,1.0,1.0
74,3,1.0,1.0
74,4,1.0,1.0
74,5,1.0,1.0
74,6,1.0,1.0
74,7,1.0,1.0
74,8,1.0,1.0
74,9,1.0,1.0
74,10,1.0,1.0
74,11,1.0,1.0
74,12,-0.8892919275369395,-0.8892919275369102
74,13,1.0,1.0
74,14,1.0,1.0
74,15,-1.0,-1.0
74,16,1.0,1.0
74,17,-1.0,-1.0
74,18,-1.0,-1.0
74,19,-0.8845192372168222,-0.8845192372168187
74,20,-1.0,-1.0
74,21,0.46428695291109245,0.4642869529110949
74,22,0.9240548613363616,0.9240548613363616
74,23,-0.57716517204381,-0.5771651720438138
75,0,1.0,1.0
75,1,1.0,1.0
75,2,-1.0,-1.0
75,3,1.0,1.0
75,4,-1.0,-1.0
75,5,0.6762478148025693,0.6762478148025628
75,6,1.0,1.0
75,7,1.0,1.0000000000000018
75,8,1.0,1.0
75,9,1.0,1.0
75,10,1.0,1.0
75,11,1.0,1.0
75,12,-1.0,-1.0
75,13,1.0,1.0
75,14,-1.0,-1.0
75,15,-1.0,-1.0
75,16,0.7337830643253287,0.7337830643254803
75,17,-1.0,-1.0
75,18,1.0,1.0
75,19,-1.0,-1.0
75,20,1.0,1.0
75,21,0.13293361875544074,0.13293361875545698
75,22,-1.0,-1.0
75,23,0.16113162796249794,0.16113162796249536
76,0,-1.0,-1.0
76,1,-1.0,-1.0
76,2,1.0,1.0
76,3,-1.0,-1.0
76,4,1.0,1.0
76,5,-1.0,-1.0
76,6,-1.0,-1.0
76,7,-1.0,-1.0
76,8,-1.0,-1.0
76,9,-1.0,-1.0
76,10,1.0,1.0
76,11,-1.0,-1.0
76,12,-1.0,-1.0
76,13,-1.0,-1.0
76,14,0.7608469176883943,0.7608469176882426
76,15,-1.0,-1.0
76,16,-1.0,-1.0
76,17,-1.0,-1.0
76,18,1.0,1.0
76,19,0.21583866822531034,0.21583866822529527
76,20,-1.0,-1.0
76,21,-0.5971969226331946,-0.5971969226331872
76,22,1.0,1.0
76,23,0.46837748950850344,0.4683774895085038
77,0,-1.0,-1.0
77,1,-1.0,-1.0
77,2,1.0,1.0
77,3,-1.0,-1.0
77,4,1.0,1.0
77,5,-1.0,-1.0
77,6,-1.0,-1.0
77,7,-1.0,-1.0
77,8,-1.0,-1.0
77,9,-1.0,-1.0
77,10,1.0,1.0
77,11,-1.0,-1.0
77,12,-1.0,-1.0
77,13,-1.0,-1.0
77,14,1.0,1.0
77,15,-1.0,-1.0
77,16,-1.0,-1.0
77,17,-1.0,-1.0
77,18,1.0,1.0
77,19,0.21182054705202352,0.21182054705202996
77,20,-1.0,-1.0
77,21,-0.12216840912235723,-0.12216840912235681
77,22,1.0,1.0
77,23,-0.30877081474112855,-0.3087708147411359
78,0,1.0,1.0
78,1,1.0,1.0
78,2,1.0,1.0
78,3,1.0,1.0
78,4,1.0,1.0
78,5,-1.0,-1.0
78,6,-0.6021936113784163,-0.6021936113783295
78,7,1.0,1.0
78,8,1.0,1.0
78,9,-1.0,-1.0
78,10,1.0,1.0
78,11,1.0,1.0
78,12,1.0,1.0
78,13,-0.09547551154930019,-0.0954755115497455
78,14,-1.0,-1.0
78,15,-1.0,-1.0
78,16,-0.5374800024750646,-0.5374800024750646
78,17,-1.0,-1.0
78,18,1.0,1.0
78,19,1.0,1.0
78,20,-1.0,-1.0
78,21,-0.01115137895695685,-0.01115137895694766
78,22,-1.0,-1.0
78,23,-0.29574346143712776,-0.2957434614371215
79,0,1.0,1.0
79,1,-1.0,-1.0
79,2,-1.0,-1.0
79,3,-1.0,-1.0
79,4,1.0,1.0
79,5,1.0,1.0
79,6,-1.0,-1.0
79,7,1.0,1.0
79,8,-1.0,-1.0
79,9,-1.0,-1.0
79,10,-1.0,-1.0
79,11,-1.0,-1.0
79,12,1.0,1.0
79,13,-1.0,-1.0
79,14,1.0,1.0
79,15,1.0,1.0
79,16,-1.0,-1.0
79,17,1.0,1.0
79,18,-1.0,-1.0
79,19,1.0,1.0
79,20,-1.0,-1.0
79,21,0.02853153464800507,0.02853153464799689
79,22,-1.0,-1.0
79,23,0.40984611645117275,0.40984611645118296
80,0,1.0,1.0
80,1,1.0,1.0
80,2,-1.0,-1.0
80,3,1.0,1.0
80,4,1.0,1.0
80,5,1.0,1.0
80,6,1.0,1.0
80,7,1.0,1.0
80,8,1.0,1.0
80,9,1.0,1.0
80,10,-0.9405332790571499,-0.9405332790571499
80,11,1.0,1.0
80,12,-1.0,-1.0
80,13,1.0,1.0
80,14,1.0,1.0
80,15,1.0,1.0
80,16,1.0,1.0
80,17,1.0,1.0
80,18,-1.0,-1.0
80,19,-0.23995665728836024,-0.23995665728836324
80,20,1.0,1.0
80,21,-0.18372519584981195,-0.1837251958498217
80,22,1.0,1.0
80,23,0.1444141624414557,0.1444141624414442
81,0,-1.0,-1.0
81,1,1.0,1.0
81,2,1.0,1.0
81,3,1.0,1.0
81,4,1.0,1.0
81,5,-1.0,-1.0
81,6,1.0,1.0
81,7,-1.0,-1.0
81,8,1.0,1.0
81,9,1.0,1.0
81,10,-1.0,-1.0
81,11,1.0,1.0
81,12,-1.0,-1.0
81,13,-1.0,-1.0
81,14,-0.4462258604858572,-0.4462258604856268
81,15,-1.0,-1.0
81,16,-1.0,-1.0
81,17,-1.0,-1.0
81,18,-1.0,-1.0
81,19,0.7884363766736499,0.7884363766736499
81,20,-1.0,-1.0
81,21,0.3144761069271217,0.31447610692711664
81,22,1.0,1.0
81,23,-0.20711089754044748,-0.20711089754045575
82,0,1.0,1.0
82,1,-1.0,-1.0
82,2,1.0,1.0
82,3,-1.0,-1.0
82,4,-1.0,-1.0
82,5,-1.0,-1.0
82,6,-1.0,-1.0
82,7,1.0,1.0
82,8,-1.0,-1.0
82,9,-1.0,-1.0
82,10,-1.0,-1.0
82,11,-1.0,-1.0
82,12,1.0,1.0
82,13,-1.0,-1.0
82,14,0.664244256647654,0.6642442566478333
82,15,-1.0,-1.0
82,16,-1.0,-1.0
82,17,-1.0,-1.0
82,18,-1.0,-1.0
82,19,1.0,1.0
82,20,-1.0,-1.0
82,21,-0.2897005247528875,-0.28970052475287933
82,22,-0.9960275435394197,-0.9960275435394197
82,23,0.04131021746404043,0.04131021746404482
83,0,-1.0,-1.0
83,1,0.8414325482544641,0.8414325482544635
83,2,-1.0,-1.0
83,3,0.2453016690270542,0.2453016690270411
83,4,1.0,0.9999999999999969
83,5,-1.0,-1.0
83,6,1.0,1.0
83,7,-0.8709789420466174,-0.8709789420466181
83,8,1.0,1.0
83,9,1.0,1.0
83,10,-1.0,-1.0
83,11,-1.0,-1.0
83,12,-1.0,-1.0
83,13,1.0,1.0
83,14,-1.0,-1.0
83,15,1.0,1.0
83,16,1.0,1.0
83,17,1.0,1.0
83,18,-1.0,-1.0
83,19,-0.7589283910364073,-0.7589283910364042
83,20,1.0,1.0
83,21,0.06437919022047983,0.06437919022047768
83,22,1.0,1.0
83,23,-0.15441161894256109,-0.1544116189425529
84,0,1.0,1.0
84,1,-0.866773773297457,-0.8667737732974556
84,2,-1.0,-1.0
84,3,-0.3180773094336071,-0.31807730943360496
84,4,-1.0,-1.0
84,5,1.0,1.0
84,6,-1.0,-1.0
84,7,1.0,1.0
84,8,-1.0,-1.0
84,9,-1.0,-1.0
84,10,-1.0,-1.0
84,11,1.0,1.0
84,12,-1.0,-1.0
84,13,-1.0,-1.0
84,14,-1.0,-1.0
84,15,-1.0,-1.0
84,16,-1.0,-1.0
84,17,-1.0,-1.0
84,18,1.0,1.0
84,19,-0.6043510956863212,-0.6043510956863195
84,20,1.0,1.0
84,21,0.06421377569570591,0.06421377569570394
84,22,-1.0,-1.0
84,23,-0.22411431400671245,-0.2241143140067136
85,0,1.0,1.0
85,1,1.0,1.0
85,2,1.0,1.0
85,3,1.0,1.0
85,4,1.0,0.9999999999999969
85,5,1.0,1.0
85,6,1.0,1.0
85,7,1.0,1.0
85,8,1.0,1.0
85,9,1.0,1.0
85,10,-1.0,-1.0
85,11,1.0,1.0
85,12,-1.0,-1.0
85,13,1.0,1.0
85,14,1.0,1.0
85,15,1.0,1.0
85,16,1.0,1.0
85,17,1.0,1.0
85,18,-1.0,-1.0
85,19,0.14532804631053697,0.14532804631051705
85,20,-1.0,-1.0
85,21,0.04423113155327568,0.04423113155327153
85,22,-1.0,-1.0
85,23,-0.39159186778605215,-0.39159186778605604
86,0,1.0,1.0
86,1,-1.0,-1.0
86,2,1.0,1.0
86,3,-1.0,-1.0
86,4,1.0,1.0
86,5,-1.0,-1.0
86,6,-1.0,-1.0
86,7,1.0,1.0
86,8,-1.0,-1.0
86,9,-1.0,-1.0
86,10,1.0,1.0
86,11,-1.0,-1.0
86,12,-1.0,-1.0
86,13,-1.0,-1.0
86,14,-1.0,-1.0
86,15,1.0,1.0
86,16,-1.0,-1.0
86,17,1.0,1.0
86,18,1.0,1.0
86,19,-0.01552575697211317,-0.015525756972104005
86,20,-1.0,-1.0
86,21,0.1481639061813096,0.14816390618129677
86,22,-1.0,-1.0
86,23,0.46292411850792553,0.4629241185079127
87,0,-1.0,-1.0
87,1,-1.0,-1.0
87,2,-1.0,-1.0
87,3,-1.0,-1.0
87,4,-1.0,-1.0
87,5,-1.0,-1.0
87,6,-1.0,-1.0
87,7,-1.0,-1.0
87,8,-1.0,-1.0
87,9,-1.0,-1.0
87,10,-1.0,-1.0
87,11,-1.0,-1.0
87,12,-1.0,-1.0
87,13,1.0,1.0
87,14,1.0,1.0
87,15,1.0,1.0
87,16,1.0,1.0
87,17,1.0,1.0
87,18,0.24351297859791632,0.24351297859821183
87,19,-0.9011280466606442,-0.9011280466606428
87,20,1.0,1.0
87,21,-0.21543583770229977,-0.21543583770230718
87,22,-1.0,-1.0
87,23,0.495902223209011,0.49590222320901034
88,0,1.0,1.0
88,1,1.0,1.0
88,2,-1.0,-1.0
88,3,1.0,1.0
88,4,-1.0,-1.0
88,5,-1.0,-1.0
88,6,1.0,1.0
88,7,1.0,1.0
88,8,1.0,1.0
88,9,-1.0,-1.0
88,10,1.0,1.0
88,11,1.0,1.0
88,12,-1.0,-1.0
88,13,1.0,1.0
88,14,1.0,1.0
88,15,1.0,1.0
88,16,1.0,1.0
88,17,1.0,1.0
88,18,-1.0,-1.0
88,19,0.2876949989402231,0.2876949989402313
88,20,-1.0,-1.0
88,21,0.3737859885085998,0.3737859885085987
88,22,-1.0,-1.0
88,23,0.2812122342206797,0.28121223422068153
89,0,1.0,1.0
89,1,1.0,1.0
89,2,1.0,1.0
89,3,1.0,1.0
89,4,1.0,1.000000000000003
89,5,1.0,1.0
89,6,1.0,1.0
89,7,1.0,1.0
89,8,1.0,1.0
89,9,1.0,1.0
89,10,1.0,1.0
89,11,1.0,1.0
89,12,-1.0,-1.0
89,13,1.0,1.0
89,14,0.4305787183544256,0.4305787183544256
89,15,1.0,1.0
89,16,1.0,1.0
89,17,1.0,1.0
89,18,0.477188695836837,0.47718869583706736
89,19,-1.0,-1.0
89,20,1.0,1.0
89,21,-0.15048083756589123,-0.15048083756588954
89,22,1.0,1.0
89,23,-0.046042002538941695,-0.04604200253894143
90,0,-1.0,-1.0
90,1,0.7053977809478961,0.7053977809478948
90,2,1.0,1.0
90,3,-0.09050540698013351,-0.09050540698014192
90,4,1.0,1.0
90,5,-1.0,-1.0
90,6,1.0,1.0
90,7,-1.0,-1.0
90,8,1.0,1.0
90,9,1.0,1.0
90,10,1.0,1.0
90,11,-1.0,-1.0
90,12,-1.0,-1.0
90,13,-1.0,-1.0
90,14,1.0,1.0
90,15,-1.0,-1.0
90,16,-1.0,-1.0
90,17,1.0,1.0
90,18,1.0,1.0
90,19,-1.0,-1.0
90,20,1.0,1.0
90,21,-0.5439284529069724,-0.5439284529069641
90,22,1.0,1.0
90,23,0.5481014069031513,0.5481014069031627
91,0,-1.0,-1.0
91,1,1.0,1.0
91,2,1.0,1.0
91,3,1.0,1.0
91,4,1.0,1.0
91,5,-1.0,-1.0
91,6,1.0,1.0
91,7,-1.0,-1.0
91,8,1.0,1.0
91,9,-1.0,-1.0
91,10,-1.0,-1.0
91,11,1.0,1.0
91,12,1.0,1.0
91,13,1.0,1.0
91,14,1.0,1.0
91,15,-0.9897812328054849,-0.9897812328053973
91,16,1.0,1.0
91,17,1.0,1.0
91,18,-1.0,-1.0
91,19,0.45979741405627134,0.45979741405629226
91,20,1.0,1.0
91,21,0.17534790497609765,0.17534790497611227
91,22,1.0,1.0
91,23,-0.2233013787822126,-0.22330137878220757
92,0,-1.0,-1.0
92,1,-1.0,-1.0
92,2,1.0,1.0
92,3,-1.0,-1.0
92,4,1.0,1.0
92,5,-1.0,-1.0
92,6,-1.0,-1.0
92,7,-1.0,-1.0
92,8,-1.0,-1.0
92,9,1.0,1.0
92,10,1.0,1.0
92,11,-1.0,-1.0
92,12,1.0,1.0
92,13,-1.0,-1.0
92,14,1.0,1.0
92,15,1.0,1.0
92,16,-1.0,-1.0
92,17,0.5715892759036335,0.5715892759039942
92,18,-0.18855723950962835,-0.18855723950962835
92,19,0.38461219297368887,0.38461219297368887
92,20,1.0,1.0
92,21,-0.18594810131456202,-0.18594810131457107
92,22,-1.0,-1.0
92,23,0.31532269246278033,0.3153226924627791
93,0,-1.0,-1.0
93,1,1.0,1.0
93,2,-1.0,-1.0
93,3,1.0,1.0
93,4,-1.0,-1.0
93,5,-1.0,-1.0
93,6,1.0,1.0
93,7,-1.0,-1.0
93,8,1.0,1.0
93,9,1.0,1.0
93,10,1.0,1.0
93,11,1.0,1.0
93,12,0.688517041657801,0.688517041657801
93,13,-1.0,-1.0
93,14,-1.0,-1.0
93,15,1.0,1.0
93,16,-1.0,-1.0
93,17,1.0,1.0
93,18,-1.0,-1.0
93,19,-0.8061950371040466,-0.8061950371040466
93,20,-1.0,-1.0
93,21,-0.43163213229453,-0.431632132294526
93,22,1.0,1.0
93,23,-0.2669054906153932,-0.26690549061539814
94,0,1.0,1.0
94,1,-1.0,-1.0
94,2,-1.0,-1.0
94,3,-1.0,-1.0
94,4,1.0,1.0
94,5,-1.0,-1.0
94,6,-1.0,-1.0
94,7,1.0,1.0
94,8,-1.0,-1.0
94,9,-1.0,-1.0
94,10,-1.0,-1.0
94,11,-1.0,-1.0
94,12,-0.42876963596962503,-0.42876963596962503
94,13,-0.9661959452542952,-0.966195945254187
94,14,-1.0,-1.0
94,15,1.0,1.0
94,16,-0.19982027349504916,-0.19982027349472825
94,17,-1.0,-1.0
94,18,1.0,1.0
94,19,-0.52492268814486,-0.524922688144855
94,20,1.0,1.0
94,21,0.1290800004970845,0.12908000049708757
94,22,1.0,1.0
94,23,-0.04651123806158193,-0.04651123806157936
95,0,1.0,1.0
95,1,0.9999999999999942,1.0
95,2,1.0,1.0
95,3,0.9999999999999942,1.0
95,4,-1.0,-1.0
95,5,-1.0,-1.0
95,6,0.9999999999999792,1.0
95,7,1.0,1.0000000000000002
95,8,1.0000000000000209,1.0
95,9,1.0,1.0
95,10,1.0,0.9999999999999467
95,11,0.9999999999999792,1.0
95,12,1.0,1.0
95,13,-1.0,-1.0
95,14,-1.0,-1.0
95,15,-1.0,-1.0
95,16,-1.0,-1.0
95,17,-1.0,-1.0
95,18,1.0,1.0
95,19,1.0,1.0
95,20,-1.0,-1.0
95,21,-0.13859890079573828,-0.1385989007957268
95,22,-1.0,-1.0
95,23,0.05073338784751425,0.0507333878475151
96,0,1.0,1.0
96,1,1.0,1.0
96,2,1.0,1.0
96,3,1.0,1.0
96,4,1.0,1.0
96,5,-1.0,-1.0
96,6,1.0,1.0
96,7,1.0,1.0
96,8,1.0,1.0
96,9,-1.0,-1.0
96,10,1.0,1.0
96,11,1.0,1.0
96,12,1.0,1.0
96,13,0.412426587727074,0.41242658772768903
96,14,1.0,1.0
96,15,1.0,1.0
96,16,1.0,1.0
96,17,1.0,1.0
96,18,-1.0,-1.0
96,19,1.0,1.0
96,20,-1.0,-1.0
96,21,-0.23690986902950092,-0.23690986902950678
96,22,1.0,1.0
96,23,0.015958838442072174,0.01595883844207676
97,0,-1.0,-1.0
97,1,-1.0,-1.0
97,2,-1.0,-1.0
97,3,-1.0,-1.0
97,4,-1.0,-1.0
97,5,1.0,1.0
97,6,-1.0,-1.0
97,7,-1.0,-1.0
97,8,-1.0,-1.0
97,9,-1.0,-1.0
97,10,-1.0,-1.0
97,11,-1.0,-1.0
97,12,1.0,1.0
97,13,-1.0,-1.0
97,14,-1.0,-1.0
97,15,1.0,1.0
97,16,-1.0,-1.0
97,17,-1.0,-1.0
97,18,1.0,1.0
97,19,-0.7844102752799125,-0.7844102752799125
97,20,1.0,1.0
97,21,-0.2127713144622827,-0.21277131446227904
97,22,-1.0,-1.0
97,23,-0.5009589428985821,-0.500958942898583
98,0,1.0,0.9999999999999973
98,1,1.0,1.0
98,2,-1.0,-1.0
98,3,1.0,1.0
98,4,1.0,1.000000000000003
98,5,1.0,1.0
98,6,1.0,1.0
98,7,1.0,0.9999999999999996
98,8,1.0,1.0
98,9,1.0,1.0
98,10,1.0,1.0
98,11,1.0,1.0
98,12,-1.0,-1.0
98,13,1.0,1.0
98,14,-1.0,-1.0
98,15,1.0,1.0
98,16,1.0,1.0
98,17,1.0,1.0
98,18,-1.0,-1.0
98,19,-0.03052126987911383,-0.03052126987911711
98,20,-1.0,-1.0
98,21,-0.5652695858530253,-0.5652695858530283
98,22,1.0,1.0
98,23,0.17656143354959825,0.17656143354959541
99,0,-1.0,-1.0
99,1,-1.0,-1.0
99,2,-1.0,-1.0
99,3,-0.863907340133228,-0.86390734013323
99,4,1.0,1.0
99,5,0.7902463623277577,0.7902463623277626
99,6,-1.0,-1.0
99,7,-1.0,-1.0
99,8,-1.0,-1.0
99,9,-1.0,-1.0
99,10,-1.0,-1.0
99,11,-1.0,-1.0
99,12,-0.8773667581422786,-0.8773667581422466
99,13,-1.0,-1.0
99,14,-1.0,-1.0
99,15,-1.0,-1.0
99,16,-1.0,-1.0
99,17,-1.0,-1.0
99,18,0.9965891525669621,0.9965891525669621
99,19,-0.9282482017547907,-0.9282482017547902
99,20,0.8609554860544404,0.8609554860545686
99,21,0.3305347714519008,0.33053477145189947
99,22,1.0,1.0
99,23,-0.11365506305754529,-0.11365506305753857
100,0,1.0,1.0
100,1,1.0,1.0
100,2,1.0,1.0
100,3,1.0,1.0
100,4,1.0,1.0
100,5,-1.0,-1.0
100,6,1.0,1.0
100,7,1.0,1.0
100,8,1.0,1.0
100,9,-1.0,-1.0
100,10,-1.0,-1.0
100,11,1.0,1.0
100,12,-1.0,-1.0
100,13,-1.0,-1.0
100,14,1.0,1.0
100,15,-1.0,-1.0
100,16,-1.0,-1.0
100,17,-1.0,-1.0
100,18,1.0,1.0
100,19,0.7377049487915239,0.7377049487915281
100,20,-1.0,-1.0
100,21,0.4181438154185708,0.41814381541858514
100,22,1.0,1.0
100,23,0.42930970938437074,0.42930970938437796
101,0,-1.0,-1.0
101,1,-1.0,-1.0
101,2,1.0,1.0
101,3,-1.0,-1.0
101,4,1.0,1.000000000000003
101,5,1.0,1.0
101,6,-1.0,-1.0
101,7,-1.0,-1.0
101,8,-1.0,-1.0
101,9,-1.0,-1.0
101,10,-1.0,-1.0
101,11,-1.0,-1.0
101,12,-1.0,-1.0
101,13,-1.0,-1.0
101,14,-1.0,-1.0
101,15,-0.5549568107433918,-0.5549568107433918
101,16,-1.0,-1.0
101,17,-1.0,-1.0
101,18,1.0,1.0
101,19,-0.32469032140766696,-0.3246903214076522
101,20,1.0,1.0
101,21,0.13522931383162923,0.1352293138316174
101,22,1.0,1.0
101,23,-0.3644125171964119,-0.3644125171964112
102,0,1.0,1.0
102,1,1.0,1.0
102,2,1.0,1.0
102,3,0.9300441885775355,0.9300441885775371
102,4,1.0,1.0
102,5,-1.0,-1.0
102,6,1.0,1.0
102,7,1.0,1.0
102,8,1.0,1.0
102,9,-1.0,-1.0
102,10,-1.0,-1.0
102,11,1.0,1.0
102,12,1.0,1.0
102,13,-1.0,-1.0
102,14,1.0,1.0
102,15,1.0,1.0
102,16,-0.9337767295235557,-0.9337767295235557
102,17,1.0,1.0
102,18,1.0,1.0
102,19,-0.15717389093913794,-0.1571738909391064
102,20,-1.0,-1.0
102,21,-0.09983382940809883,-0.09983382940810734
102,22,0.6911491261373295,0.691149126137412
102,23,0.2581644717335896,0.2581644717335825
103,0,-1.0,-1.0
103,1,-1.0000000000000058,-1.0
103,2,-1.0,-1.0
103,3,-1.0000000000000058,-1.0
103,4,-1.0,-1.0
103,5,1.0,1.0
103,6,-1.0000000000000209,-1.0
103,7,-1.0,-1.0
103,8,-0.9999999999999792,-1.0
103,9,-1.0000000000000209,-1.0
103,10,-0.9999999999999792,-1.0000000000000533
103,11,-1.0000000000000209,-1.0
103,12,1.0,1.0
103,13,1.0,1.0
103,14,1.0,1.0
103,15,1.0,1.0
103,16,1.0,1.0
103,17,1.0,1.0
103,18,-1.0,-1.0
103,19,1.0,1.0
103,20,-1.0,-1.0
103,21,-0.056596618502305684,-0.05659661850230942
103,22,1.0,1.0
103,23,-0.14205454343236557,-0.14205454343236507
104,0,-1.0,-1.0
104,1,1.0,1.0
104,2,1.0,1.0
104,3,1.0,1.0
104,4,-1.0,-1.0
104,5,-1.0,-1.0
104,6,1.0,1.0
104,7,-1.0,-1.0
104,8,1.0,1.0
104,9,-1.0,-1.0
104,10,-1.0,-1.0
104,11,1.0,1.0
104,12,-1.0,-1.0
104,13,1.0,1.0
104,14,-1.0,-1.0
104,15,1.0,1.0
104,16,1.0,1.0
104,17,1.0,1.0
104,18,1.0,1.0
104,19,0.5604997367297655,0.5604997367297655
104,20,-1.0,-1.0
104,21,-0.34156704410675937,-0.3415670441067581
104,22,1.0,1.0
104,23,-0.2422512166118595,-0.24225121661185572
105,0,-1.0,-1.0
105,1,1.0,1.0
105,2,1.0,1.0
105,3,1.0,1.0
105,4,1.0,1.0
105,5,1.0,1.0
105,6,1.0,1.0
105,7,-1.0,-1.0
105,8,1.0,1.0
105,9,-1.0,-1.0
105,10,1.0,1.0
105,11,1.0,1.0
105,12,1.0,1.0
105,13,-1.0,-1.0
105,14,-1.0,-1.0
105,15,1.0,1.0
105,16,-1.0,-1.0
105,17,1.0,1.0
105,18,1.0,1.0
105,19,0.7002516982912517,0.7002516982912597
105,20,-1.0,-1.0
105,21,-0.22054184953624775,-0.2205418495362423
105,22,1.0,1.0
105,23,0.4502415325523659,0.45024153255236027
106,0,1.0,1.0
106,1,1.0,1.0
106,2,-1.0,-1.0
106,3,1.0,1.0
106,4,-1.0,-1.0
106,5,-1.0,-1.0
106,6,1.0,1.0
106,7,1.0,1.0
106,8,1.0,1.0
106,9,1.0,1.0
106,10,1.0,1.0
106,11,1.0,1.0
106,12,1.0,1.0
106,13,1.0,1.0
106,14,1.0,1.0
106,15,-1.0,-1.0
106,16,1.0,1.0
106,17,-1.0,-1.0
106,18,1.0,1.0
106,19,0.09367092662663301,0.09367092662663487
106,20,1.0,1.0
106,21,0.12663066987677035,0.12663066987676658
106,22,1.0,1.0
106,23,-0.32546896088402183,-0.32546896088403077
107,0,0.5834199336264837,0.5834199336264814
107,1,1.0,1.0
107,2,1.0,1.0
107,3,1.0,1.0
107,4,1.0,1.000000000000003
107,5,1.0,1.0
107,6,1.0,1.0
107,7,1.0,1.0
107,8,1.0,1.0
107,9,-1.0,-1.0
107,10,-1.0,-1.0000000000000533
107,11,1.0,1.0
107,12,0.9359858776753265,0.9359858776753559
107,13,1.0,1.0
107,14,1.0,1.0
107,15,1.0,1.0
107,16,1.0,1.0
107,17,0.045814477020197,0.04581447702040224
107,18,1.0,1.0
107,19,-0.5541835011709445,-0.5541835011709413
107,20,1.0,1.0
107,21,-0.20330945382630738,-0.20330945382630963
107,22,-1.0,-1.0
107,23,-0.02044264351164508,-0.020442643511645736
108,0,-1.0,-1.0
108,1,-1.0,-1.0
108,2,1.0,1.0
108,3,-1.0,-1.0
108,4,-1.0,-1.0
108,5,-1.0,-1.0
108,6,-1.0,-1.0
108,7,-1.0,-1.0
108,8,-1.0,-1.0
108,9,-1.0,-1.0
108,10,1.0,1.0
108,11,-1.0,-1.0
108,12,1.0,1.0
108,13,-1.0,-1.0
108,14,-1.0,-1.0
108,15,-1.0,-1.0
108,16,-1.0,-1.0
108,17,-1.0,-1.0
108,18,-1.0,-1.0
108,19,-0.38038149739869886,-0.38038149739869187
108,20,-1.0,-1.0
108,21,-0.5670972224222905,-0.5670972224222877
108,22,0.9337568202938376,0.9337568202937786
108,23,0.11845007937679754,0.11845007937680352
109,0,1.0,1.0
109,1,1.0,1.0
109,2,1.0,1.0
109,3,1.0,1.0
109,4,1.0,1.0
109,5,1.0,1.0
109,6,1.0,1.0
109,7,1.0,1.0
109,8,1.0,1.0
109,9,-1.0,-1.0
109,10,-1.0,-1.0
109,11,1.0,1.0
109,12,-1.0,-1.0
109,13,1.0,1.0
109,14,-1.0,-1.0
109,15,-1.0,-1.0
109,16,1.0,1.0
109,17,-1.0,-1.0
109,18,1.0,1.0
109,19,-0.990045601567724,-0.990045601567724
109,20,1.0,1.0
109,21,-0.1161996806824599,-0.11619968068247064
109,22,-1.0,-1.0
109,23,0.3225430749413041,0.3225430749413123
110,0,-1.0,-1.0
110,1,1.0,1.0
110,2,-1.0,-1.0
110,3,1.0,1.0
110,4,-1.0,-1.000000000000003
110,5,-1.0,-1.0
110,6,1.0,1.0
110,7,-1.0,-1.0
110,8,1.0,1.0
110,9,1.0,1.0
110,10,-1.0,-1.0
110,11,1.0,1.0
110,12,-1.0,-1.0
110,13,1.0,1.0
110,14,-1.0,-1.0
110,15,-1.0,-1.0
110,16,0.6122370384499252,0.6122370384501045
110,17,-1.0,-1.0
110,18,1.0,1.0
110,19,0.7824752660414971,0.7824752660414971
110,20,-0.16778495367819907,-0.16778495367787816
110,21,-0.008388527165016557,-0.008388527165020412
110,22,-1.0,-1.0
110,23,-0.25930163575072096,-0.259301635750712
111,0,-1.0,-1.0
111,1,1.0,1.0
111,2,1.0,1.0
111,3,1.0,1.0
111,4,1.0,1.0
111,5,1.0,1.0
111,6,1.0,1.0
111,7,-1.0,-1.0
111,8,1.0,1.0
111,9,1.0,1.0
111,10,1.0,1.0
111,11,1.0,1.0
111,12,-1.0,-1.0
111,13,-1.0,-1.0
111,14,0.42434064592630244,0.4243406459251706
111,15,-1.0,-1.0
111,16,-1.0,-1.0
111,17,-1.0,-1.0
111,18,-1.0,-1.0
111,19,0.15184398928435577,0.15184398928435
111,20,1.0,1.0
111,21,0.5484721840059109,0.5484721840059008
111,22,-1.0,-1.0
111,23,-0.6765316101781755,-0.6765316101781718
112,0,1.0,1.0
112,1,1.0,1.0
112,2,1.0,1.0
112,3,1.0,1.0
112,4,1.0,1.0
112,5,-1.0,-1.0
112,6,1.0,1.0
112,7,1.0,1.0
112,8,1.0,1.0
112,9,1.0,1.0
112,10,1.0,1.0
112,11,1.0,1.0
112,12,1.0,1.0
112,13,-1.0,-1.0
112,14,-1.0,-1.0
112,15,-1.0,-1.0
112,16,-1.0,-1.0
112,17,-1.0,-1.0
112,18,-1.0,-1.0
112,19,1.0,1.0
112,20,-1.0,-1.0
112,21,-0.1394548384867191,-0.13945483848671691
112,22,-1.0,-1.0
112,23,-0.023260387853650918,-0.023260387853652448
113,0,-1.0,-1.0
113,1,-1.0,-1.0
113,2,-1.0,-1.0
113,3,-1.0,-1.0
113,4,-1.0,-1.0
113,5,1.0,1.0
113,6,-1.0,-1.0
113,7,-1.0,-1.0
113,8,-1.0,-1.0
113,9,-1.0,-1.0
113,10,-1.0,-1.0
113,11,-1.0,-1.0
113,12,-1.0,-1.0
113,13,-0.7906823803111052,-0.7906823803112446
113,14,1.0,1.0
113,15,-1.0,-1.0
113,16,0.4211269753261631,0.421126975325548
113,17,0.35461500531899603,0.35461500531913204
113,18,1.0,1.0
113,19,0.294825660151497,0.2948256601515053
113,20,-1.0,-1.0
113,21,0.14531809378862143,0.14531809378862853
113,22,-1.0,-1.0
113,23,0.029857944644602345,0.02985794464461286
114,0,-1.0,-1.0
114,1,-1.0,-1.0
114,2,-1.0,-1.0
114,3,-1.0,-1.0
114,4,-1.0,-1.0
114,5,1.0,1.0
114,6,-1.0,-1.0
114,7,1.0,1.0
114,8,-1.0,-1.0
114,9,-1.0,-1.0
114,10,1.0,1.0
114,11,-1.0,-1.0
114,12,-1.0,-1.0
114,13,-0.9938335660965238,-0.993833566096455
114,14,-1.0,-1.0
114,15,1.0,1.0
114,16,-0.28522034343012154,-0.28522034342982605
114,17,0.7329051547844745,0.7329051547843988
114,18,-1.0,-1.0
114,19,-1.0,-1.0
114,20,-1.0,-1.0
114,21,-0.1576803279644256,-0.1576803279644276
114,22,-1.0,-1.0
114,23,-0.3537735276984838,-0.3537735276984836
115,0,-1.0,-1.0
115,1,-1.0,-1.0
115,2,-1.0,-1.0
115,3,-1.0,-1.0
115,4,-1.0,-1.0
115,5,-1.0,-1.0
115,6,-1.0,-1.0
115,7,1.0,1.0
115,8,-1.0,-1.0
115,9,1.0,1.0
115,10,-0.9999999999999792,-1.0000000000000533
115,11,-1.0,-1.0
115,12,-1.0,-1.0
115,13,1.0,1.0
115,14,1.0,1.0
115,15,1.0,1.0
115,16,0.4877884492633111,0.48778844926308074
115,17,-1.0,-1.0
115,18,1.0,1.0
115,19,-0.926820878821323,-0.9268208788213073
115,20,1.0,1.0
115,21,0.5019342760431181,0.5019342760431251
115,22,-1.0,-1.0
115,23,-0.04886313063314514,-0.04886313063314934
116,0,1.0,1.0
116,1,-1.0,-1.0
116,2,-1.0,-1.0
116,3,-1.0,-1.0
116,4,1.0,1.0
116,5,1.0,1.0
116,6,-1.0,-1.0
116,7,1.0,1.0
116,8,-1.0,-1.0
116,9,-1.0,-1.0
116,10,-1.0,-1.0
116,11,-1.0,-1.0
116,12,-1.0,-1.0
116,13,-0.33114233471539173,-0.33114233471539173
116,14,1.0,1.0
116,15,-1.0,-1.0
116,16,1.0,1.0
116,17,-1.0,-1.0
116,18,-1.0,-1.0
116,19,-1.0,-1.0
116,20,1.0,1.0
116,21,0.6436504809176071,0.6436504809176163
116,22,-1.0,-1.0
116,23,-0.312336511651097,-0.3123365116511011
117,0,-0.782058645237353,-0.7820586452373497
117,1,1.0,1.0
117,2,1.0,1.0
117,3,1.0,1.0
117,4,1.0,1.0
117,5,-1.0,-1.0
117,6,1.0,1.0
117,7,1.0,1.0
117,8,1.0,1.0
117,9,1.0,1.0
117,10,1.0,1.0
117,11,1.0,1.0
117,12,-1.0,-1.0
117,13,1.0,1.0
117,14,1.0,1.0
117,15,1.0,1.0
117,16,1.0,1.0
117,17,1.0,1.0
117,18,-1.0,-1.0
117,19,0.6751153533457294,0.675115353345731
117,20,1.0,1.0
117,21,0.10349487532815495,0.10349487532815885
117,22,-1.0,-1.0
117,23,0.2706765659584701,0.2706765659584658
118,0,1.0,1.0
118,1,0.25699629832094883,0.2569962983209343
118,2,1.0,1.0
118,3,1.0,1.0
118,4,1.0,1.0
118,5,1.0,1.0
118,6,1.0,1.0
118,7,1.0,1.0
118,8,1.0,1.0
118,9,1.0,1.0
118,10,-1.0,-1.0
118,11,1.0,1.0
118,12,0.7534260785351017,0.7534260785353128
118,13,-1.0,-1.0
118,14,-1.0,-1.0
118,15,-1.0,-1.0
118,16,-1.0,-1.0
118,17,-1.0,-1.0
118,18,1.0,1.0
118,19,-0.80494174199908,-0.8049417419990761
118,20,1.0,1.0
118,21,-0.004092766514873966,-0.004092766514877104
118,22,-1.0,-1.0
118,23,0.20864778255270555,0.20864778255270972
119,0,1.0,1.0
119,1,1.0,1.0
119,2,1.0,1.0
119,3,0.8180002261105463,0.8180002261105463
119,4,1.0,1.0
119,5,1.0,1.0
119,6,1.0,1.0
119,7,1.0,1.0
119,8,1.0,1.0
119,9,1.0,1.0
119,10,-1.0,-1.0
119,11,1.0,1.0
119,12,1.0,1.0
119,13,-1.0,-1.0
119,14,1.0,1.0
119,15,-1.0,-1.0
119,16,-1.0,-1.0
119,17,-1.0,-1.0
119,18,-0.9081023891282908,-0.9081023891274083
119,19,0.44465683587515686,0.4446568358751397
119,20,1.0,1.0
119,21,0.16070076583700466,0.16070076583700113
119,22,-0.7748839598714448,-0.774883959871369
119,23,-0.06954748651128762,-0.06954748651128081
120,0,1.0,1.0
120,1,-1.0,-1.0
120,2,1.0,1.0
120,3,-1.0,-1.0
120,4,1.0,1.0
120,5,1.0,1.0
120,6,-1.0,-1.0
120,7,1.0,1.0
120,8,-1.0,-1.0
120,9,-1.0,-1.0
120,10,-1.0,-1.0
120,11,-1.0,-1.0
120,12,1.0,1.0
120,13,1.0,1.0
120,14,1.0,1.0
120,15,-1.0,-1.0
120,16,1.0,1.0
120,17,-1.0,-1.0
120,18,1.0,1.0
120,19,0.3010718031443991,0.3010718031443833
120,20,-1.0,-1.0
120,21,0.6928411780315974,0.6928411780315973
120,22,0.9932758860669548,0.9932758860669548
120,23,0.37905218524253403,0.3790521852425518
121,0,-1.0,-1.0
121,1,1.0,1.0
121,2,-1.0,-1.0
121,3,1.0,1.0
121,4,-1.0,-1.0
121,5,1.0,1.0
121,6,1.0,1.0
121,7,-1.0,-1.0
121,8,1.0,1.0
121,9,1.0,1.0
121,10,1.0,1.0
121,11,1.0,1.0
121,12,-1.0,-1.0
121,13,1.0,1.0
121,14,-1.0,-1.0
121,15,1.0,1.0
121,16,1.0,1.0
121,17,1.0,1.0
121,18,-1.0,-1.0
121,19,0.38443166860347844,0.3844316686034853
121,20,1.0,1.0
121,21,0.2626201018855244,0.26262010188550583
121,22,1.0,1.0
121,23,0.13956397244451194,0.13956397244449925
122,0,1.0,1.0
122,1,-1.0,-1.0
122,2,-1.0,-1.0
122,3,-1.0,-1.0
122,4,1.0,1.0
122,5,0.06196573543827798,0.06196573543827229
122,6,-1.0,-1.0
122,7,1.0,1.0
122,8,-1.0,-1.0
122,9,-1.0,-1.0
122,10,1.0,1.0
122,11,-1.0,-1.0
122,12,1.0,1.0
122,13,1.0,1.0
122,14,1.0,1.0
122,15,-1.0,-1.0
122,16,1.0,1.0
122,17,-1.0,-1.0
122,18,-1.0,-1.0
122,19,0.21948245896008042,0.21948245896009166
122,20,-1.0,-1.0
122,21,0.06762715835342853,0.06762715835341512
122,22,-1.0,-1.0
122,23,0.2429874692728925,0.24298746927290046
123,0,-1.0,-1.0
123,1,1.0,1.0
123,2,-1.0,-1.0
123,3,1.0,1.0
123,4,-1.0,-1.0
123,5,-1.0,-1.0
123,6,1.0,1.0
123,7,-1.0,-1.0
123,8,1.0,1.0
123,9,1.0,1.0
123,10,-1.0,-1.0
123,11,1.0,1.0
123,12,-1.0,-1.0
123,13,-1.0,-1.0
123,14,-0.5477904680829883,-0.5477904680832003
123,15,-0.024261653641776994,-0.02426165364157175
123,16,-1.0,-1.0
123,17,1.0,1.0
123,18,1.0,1.0
123,19,-0.7175723370357066,-0.7175723370357207
123,20,1.0,1.0
123,21,-0.24708032527026064,-0.24708032527027687
123,22,-0.4754102387630958,-0.4754102387629806
123,23,0.10797756974746561,0.10797756974746717
124,0,1.0,1.0
124,1,1.0,1.0
124,2,-1.0000000000000009,-1.0
124,3,0.9654990590467771,0.9654990590467778
124,4,-1.0,-0.9999999999999969
124,5,1.0,1.0
124,6,1.0,1.0
124,7,1.0,1.0
124,8,1.0,1.0
124,9,1.0,1.0
124,10,1.0,1.0
124,11,1.0,1.0
124,12,1.0,1.0
124,13,-1.0,-1.0
124,14,1.0,1.0
124,15,1.0,1.0
124,16,-1.0,-1.0
124,17,1.0,1.0
124,18,-1.0,-1.0
124,19,1.0,1.0
124,20,-1.0,-1.0
124,21,0.24186957214389984,0.24186957214390126
124,22,1.0,1.0
124,23,0.3406444921704647,0.3406444921704629
125,0,-1.0,-1.0
125,1,-1.0,-1.0
125,2,1.0,1.0
125,3,-1.0,-1.0
125,4,-1.0,-1.0
125,5,-1.0,-1.0
125,6,-1.0,-1.0
125,7,1.0,1.0
125,8,-1.0,-1.0
125,9,-1.0,-1.0
125,10,-1.0,-1.0
125,11,-1.0,-1.0
125,12,1.0,1.0
125,13,1.0,1.0
125,14,-0.5202935225942641,-0.5202935225942641
125,15,-1.0,-1.0
125,16,1.0,1.0
125,17,1.0,1.0
125,18,-1.0,-1.0
125,19,0.9396696494190717,0.9396696494190684
125,20,1.0,1.0
125,21,-0.38234936079532156,-0.3823493607953202
125,22,1.0,1.0
125,23,-0.05131887754620652,-0.05131887754620036
126,0,-1.0,-1.0
126,1,-1.0,-1.0
126,2,-1.0,-1.0
126,3,-1.0,-1.0
126,4,-1.0,-1.0
126,5,-1.0,-1.0
126,6,-1.0,-1.0
126,7,-1.0,-1.0
126,8,-1.0,-1.0
126,9,1.0,1.0
126,10,-1.0,-1.0
126,11,-1.0,-1.0
126,12,1.0,1.0
126,13,-0.9741761124757694,-0.9741761124754366
126,14,1.0,1.0
126,15,-1.0,-1.0
126,16,-1.0,-1.0
126,17,-1.0,-1.0
126,18,-1.0,-1.0
126,19,0.7138188272979641,0.7138188272979857
126,20,1.0,1.0
126,21,-0.38322719164229063,-0.3832271916422867
126,22,1.0,1.0
126,23,-0.5445064903000112,-0.544506490300003
127,0,-1.0,-1.0
127,1,-1.0,-1.0
127,2,-1.0,-1.0
127,3,-1.0,-1.0
127,4,-1.0,-1.0
127,5,-1.0,-1.0
127,6,-1.0,-1.0
127,7,-1.0,-1.0
127,8,-1.0,-1.0
127,9,-1.0,-1.0
127,10,-1.0,-1.0
127,11,-1.0,-1.0
127,12,1.0,1.0
127,13,-1.0,-1.0
127,14,1.0,1.0
127,15,1.0,1.0
127,16,-1.0,-1.0
127,17,1.0,1.0
127,18,1.0,1.0
127,19,1.0,1.0
127,20,1.0,1.0
127,21,-0.4787220556008428,-0.4787220556008558
127,22,-1.0,-1.0
127,23,-0.18579281796446934,-0.18579281796446923
