source,latitude,longitude,depth_km,emplacement_myr,thickness_m,warped_emplacement_myr,warped_effective_thickness_m,acquired_mass,clock_slope
0,-21.634566244863294,152.64175743190776,20.0,3.261322611116315,1000.0,0.3261322611116315,316.22776601683796,1.0,0.09999999999999999
1,-22.648590845491515,16.286592931453434,20.0,46.637175803542014,3000.0,4.663717580354201,948.6832980505138,1.0,0.09999999999999999
2,-59.71664821624339,227.60503918799745,20.0,12.225013256997052,1000.0,1.222501325699705,316.22776601683796,1.0,0.09999999999999999
3,-5.571663287536488,355.36241993044473,20.0,47.02233110686786,3000.0,4.702233110686786,948.6832980505138,1.0,0.09999999999999999
4,-43.907061148193506,281.9695656307216,20.0,9.34030602586039,1000.0,0.9340306025860389,316.22776601683796,1.0,0.09999999999999999
5,59.64692102513995,44.561862022895106,20.0,54.143326309320564,3000.0,5.414332630932056,948.6832980505138,1.0,0.09999999999999999
6,23.086746865295584,272.36108742236314,20.0,46.440506870391545,1000.0,4.6440506870391545,316.22776601683796,1.0,0.09999999999999999
7,-11.181693298929067,273.62087550277437,20.0,3.658298893729084,1000.0,0.3658298893729084,316.22776601683796,1.0,0.09999999999999999
8,53.82499419458249,197.73764173595308,20.0,46.65393948122129,1000.0,4.665393948122129,316.22776601683796,1.0,0.09999999999999999
9,-6.2387188969328555,354.3055111861727,20.0,43.70717005895989,1000.0,4.3707170058959885,316.22776601683796,1.0,0.09999999999999999
10,-9.80767390601665,51.170023305961614,20.0,39.82568324010905,1000.0,3.9825683240109053,316.22776601683796,1.0,0.09999999999999999
11,7.770912538172716,342.32501131441154,20.0,47.56030294931179,1000.0,4.756030294931179,316.22776601683796,1.0,0.09999999999999999
12,57.65935335125351,148.76907836742032,20.0,121.23726485468968,1000.0,31.237264854689684,1000.0,1.0,1.0
13,4.226388127689402,172.54466150591645,20.0,164.27355484532205,1000.0,74.27355484532205,1000.0,1.0,1.0
14,-0.020147059176434112,275.91363899120427,20.0,165.86345513876773,1000.0,75.86345513876773,1000.0,1.0,1.0
15,15.78397853962301,200.07659904084375,20.0,128.38011060518917,1000.0,38.380110605189174,1000.0,1.0,1.0
16,13.162812968407064,41.5340127567594,20.0,164.33331198420845,1000.0,74.33331198420845,1000.0,1.0,1.0
17,-43.969026070700934,190.951173238933,20.0,128.1729853603223,1000.0,38.172985360322286,1000.0,1.0,1.0
18,17.33061276160752,249.34719419423905,20.0,161.96378122430684,1000.0,71.96378122430684,1000.0,1.0,1.0
19,-44.08473395155786,9.42932098297742,20.0,120.40899725697028,3000.0,30.40899725697028,3000.0,1.0,1.0
20,57.1318928314411,204.2556157081554,20.0,163.5661674385547,1000.0,73.56616743855469,1000.0,1.0,1.0
21,35.72794861158499,67.31664288201122,20.0,149.45484970792901,10000.0,59.454849707929014,10000.0,1.0,1.0
22,-5.226646989539687,49.84006523857519,20.0,144.21329087650628,1000.0,54.21329087650628,1000.0,1.0,1.0
23,59.21678126618562,353.2206534392565,20.0,120.77488190072681,10000.0,30.77488190072681,10000.0,1.0,1.0
