id,event,age_ma,younger_bound_ma,older_bound_ma,age_type,material,uncertainty_ma,uncertainty_convention,note,source_ids,limit
early_source,Early crustal source,4547,,,model_age_bound,Source inferred from zircons,,,No later than about 4547 Ma; this is not a directly dated grain.,bouvier2018,Does not directly date the dichotomy or a field.
zircons,Analysed ancient zircons,,4429.7,4476.3,mineral_date_range,Seven zircons in Martian breccia material,,,"Range of separate grains; endpoint uncertainties 1.0 and 0.9 Ma respectively, error convention not audited here.",bouvier2018,Not a continuous production interval or a common event confidence interval.
hydrothermal_zircon,Hydrothermally interpreted zircon,4450,,,mineral_age_plus_process_interpretation,A studied NWA 7034 zircon,,,Rounded age; uncertainty not established by this review.,gillespie2024,Not a measured paleofield or global ocean date.
alh_formation,ALH 84001 crystallization,4100,,,approximate_rock_age,ALH 84001,,,Approximate context for interpreting later magnetic components.,steele2023,Must remain separate from magnetic acquisition.
alh_recording,ALH 84001 interpreted magnetic acquisition,3900,,,magnetic_acquisition_interpretation,ALH 84001 magnetic components,,,Rounded interpretive age tied to impact/thermal chronology; no independent exact age assigned here.,steele2023,Not a unique global shutdown or planet-oriented polarity date.
orbital_early,Early core-field interpretation,4500,,,geological_association,Selected orbital magnetic/geological units,,,Approximate geology-linked inference.,mittelholz2020,No directly dated orbital source specimen.
orbital_later,Later core-field interpretation,3700,,,geological_association,Selected volcanic unit and orbital signal,,,Approximate geology-linked inference.,mittelholz2020,No single global extinction date.
mounds,Altered highland-remnant stratigraphy,,3700,4100,regional_geological_interval,Mawrth-region remnants,,,Rounded regional context from authors reconstruction; not one dated event.,mcneil2025,Not synchronous global retreat.
coasts,Interpreted coastal deposition,,,,relative_geological_context,Zhurong traverse radar reflectors,,,Hesperian context; no numerical depositional age assigned in this review.,li2025,Not radiometric dating or proof of a global shoreline.
lafayette_host,Lafayette igneous host,1322,,,host_age_cited_by_source,Lafayette meteorite,,,Approximate host age from earlier chronology cited in the alteration paper; original host paper not audited here.,tremblay2024,Not alteration or acquisition age.
lafayette_alteration,Lafayette iddingsite alteration,741.8,,,radiometric_alteration_interpretation,Twelve iddingsite aliquots,15.2,external 2 sigma,Ar-Ar micro-encapsulation and recoil correction; interpretation considers thermal resetting.,tremblay2024,"Local alteration, not magnetic acquisition or global wet climate."
present,Present interior and escape observations,0,,,present_observation,Mars observed by spacecraft and InSight,,,Present endpoints; inferred structure and temperature retain model uncertainty.,berne2026; bi2025; curry2025,Not direct ancient initial conditions.
