id,citation_label,title,year,doi,url,domain,source_kind,reading_status,consulted,finding,limitation,dependency_groups,metadata_provenance,assessment_date
andrews2008,"Andrews-Hanna et al., 2008",The Borealis basin and the origin of the martian crustal dichotomy,2008,10.1038/nature07011,https://doi.org/10.1038/nature07011,Origin and crust,research_article,abstract,PubMed abstract.,Tharsis-compensated geometry supports a northern basin interpretation.,Reconstruction and compensation assumptions matter; geometry is not a unique impact diagnosis.,gravity_topography,"Crossref exact DOI response, 2026-09-28",2026-09-28
ballantyne2023,"Ballantyne et al., 2023",Investigating the feasibility of an impact-induced Martian Dichotomy,2023,10.1016/j.icarus.2022.115395,https://doi.org/10.1016/j.icarus.2022.115395,Origin and crust,research_article,abstract,"Author arXiv abstract, https://arxiv.org/abs/2212.02466.",Impact feasibility depends on material strength and initial conditions.,Simulation feasibility is not identification of the historical event.,impact_models,existing project catalog,2026-09-28
cheng2024,"Cheng et al., 2024",Combined impact and interior evolution models in three dimensions indicate a southern impact origin of the Martian Dichotomy,2024,10.1016/j.icarus.2024.116137,https://doi.org/10.1016/j.icarus.2024.116137,Origin and crust,research_article,prior_assessment,Existing project abstract assessment and current indexed author preview; author PDF could not be opened.,Impact and subsequent interior evolution are modelled together.,Full methods and parameter coverage were not reassessed; conditional southern-impact preference.,impact_models,"Crossref exact DOI response, 2026-09-28",2026-09-28
bonnet2022,"Bonnet Gibet et al., 2022",A Positive Feedback Between Crustal Thickness and Melt Extraction for the Origin of the Martian Dichotomy,2022,10.1029/2022je007472,https://doi.org/10.1029/2022JE007472,Origin and crust,research_article,prior_assessment,Earlier project source notes; full-text access blocked in this pass.,Asymmetric crust growth can be amplified through thermal/melt feedback.,An amplification mechanism does not automatically establish its initial trigger or degree-one selection.,thermal_models,existing project catalog,2026-09-28
bonnet2025,"Bonnet Gibet et al., 2025",Martian Highlands Differentiation Concomitant to Dichotomy Formation,2025,10.1029/2024je008486,https://doi.org/10.1029/2024JE008486,Origin and crust,research_article,selected_sections,DLR author PDF: abstract and introductory/model-context passages.,Parameterized evolution links dichotomy growth and highland differentiation.,A simplified mantle/lithosphere framework is not a regional reconstruction.,thermal_models,existing project catalog,2026-09-28
wieczorek2022,"Wieczorek et al., 2022",InSight Constraints on the Global Character of the Martian Crust,2022,10.1029/2022je007298,https://doi.org/10.1029/2022JE007298,Origin and crust,research_article,abstract,Publisher-supplied Crossref abstract.,Local seismic information constrains global crustal models.,"Global thickness remains conditional on density, composition and modelling assumptions.",gravity_topography; insight,"Crossref exact DOI response, 2026-09-28",2026-09-28
kim2023,"Kim et al., 2023",Global Crustal Thickness Revealed by Surface Waves Orbiting Mars,2023,10.1029/2023gl103482,https://doi.org/10.1029/2023GL103482,Origin and crust,research_article,abstract,Publisher-supplied Crossref abstract.,Orbiting surface waves constrain path-averaged crustal structure.,Sparse paths and adopted structure do not constitute uniform global seismic sampling.,insight,"Crossref exact DOI response, 2026-09-28",2026-09-28
goossens2026,"Goossens and Sabaka, 2026",Crustal Density Differences Along Mars' Dichotomy Boundary From Gravity and Topography,2026,10.1029/2026gl122393,https://doi.org/10.1029/2026GL122393,Origin and crust,research_article,producer_documentation,"NASA product description, model variants and uncertainty description: https://pgda.gsfc.nasa.gov/products/102.",Boundary-constrained gravity analysis supplies alternative density estimates and ensembles.,Paper methods not fully audited; estimates and covariance-derived clones form one inference family.,gravity_topography,existing project catalog,2026-09-28
mackay2026,"Mackay-Champion et al., 2026",Seismic evidence for a melt-depleted lower crust and transcrustal magmatism on Mars,2026,10.1038/s41550-026-02907-5,https://doi.org/10.1038/s41550-026-02907-5,Origin and crust,research_article,selected_sections,Publisher main text and selected modelling passages.,Petrological interpretation links local deeper crust to melt-depleted cumulates.,Local InSight inference and assumed mineral equilibria do not establish a global layer.,insight; petrology,"Crossref exact DOI response, 2026-09-28",2026-09-28
mclennan2026,"McLennan et al., 2026",Composition of the Martian Crust and Its Relationship to the Martian Mantle: A Post‐InSight View,2026,10.1029/2025rg000882,https://doi.org/10.1029/2025RG000882,Origin and crust,review,abstract,Publisher abstract and availability statement.,Review connects post-InSight crustal composition and mantle inventories.,Synthesis estimates are not additional independent observations.,review_of_shared_inputs,existing project catalog,2026-09-28
berne2026,"Berne et al., 2026",Tidal tomography reveals a thermal anomaly beneath Mars’s crustal dichotomy,2026,10.1038/s41586-026-10893-x,https://doi.org/10.1038/s41586-026-10893-x,Interior and dynamo,research_article,selected_sections,"Publisher abstract, thermal interpretation and selected methods passages.",Tidal interpretation indicates a present southern thermal anomaly.,Temperature conversion depends on rheology and corrections; origin and ancient temperature remain indirect.,gravity_tides,existing project catalog,2026-09-28
sun2025,"Sun and Tkalčić, 2024 online / 2025 issue",Constraints on the Origin of the Martian Dichotomy From Southern Highlands Marsquakes,2024,10.1029/2024gl110921,https://doi.org/10.1029/2024GL110921,Interior and dynamo,research_article,preview,Publisher indexed passages and earlier project notes.,Southern marsquakes add regional attenuation evidence.,"Source, scattering and geometry complicate thermal and origin interpretations; date conventions differ.",insight,existing project catalog,2026-09-28
samuel2023,"Samuel et al., 2023",Geophysical evidence for an enriched molten silicate layer above Mars’s core,2023,10.1038/s41586-023-06601-8,https://doi.org/10.1038/s41586-023-06601-8,Interior and dynamo,research_article,prior_assessment,Prior project abstract assessment reconsulted; no complete current methods reading.,A molten silicate layer changes interpretation of core structure.,Present structure does not independently date the dynamo or establish its past power source.,insight,existing project catalog,2026-09-28
bi2025,"Bi et al., 2025",Seismic detection of a 600-km solid inner core in Mars,2025,10.1038/s41586-025-09361-9,https://doi.org/10.1038/s41586-025-09361-9,Interior and dynamo,research_article,selected_sections,"Publisher abstract, main interpretation and selected phase-identification methods.",Seismic phases are interpreted as a present solid inner core.,Inference depends on phase assignment and structure; associated correction must accompany reuse.,insight,existing project catalog,2026-09-28
bi2025correction,"Bi et al., 2025 correction",Author Correction: Seismic detection of a 600-km solid inner core in Mars,2025,10.1038/s41586-025-09981-1,https://doi.org/10.1038/s41586-025-09981-1,Interior and dynamo,correction,prior_assessment,Correction linked on main article; earlier project correction note reconsulted. Current full notice could not be reopened.,Correction notice associated with the inner-core paper.,Not an independent result; details must be rechecked before numerical reproduction.,insight,existing project catalog,2026-09-28
pierru2026,"Pierru et al., 2026",Experimental constraints on a long-lived magma layer at the Martian core–mantle boundary,2026,10.1038/s41561-026-02104-z,https://doi.org/10.1038/s41561-026-02104-z,Interior and dynamo,research_article,preview,Publisher indexed abstract/material-physics excerpts; direct full page unavailable.,Experiments constrain the physical viability of dense basal melts.,A laboratory constraint is not a direct Martian boundary-layer detection; full methods outstanding.,experimental_materials,"Primary publisher, author repository or original abstract metadata",2026-09-28
langlais2019,"Langlais et al., 2019",A New Model of the Crustal Magnetic Field of Mars Using MGS and MAVEN,2019,10.1029/2018je005854,https://doi.org/10.1029/2018JE005854,Magnetic recording,research_article,prior_assessment,Catalog abstract and existing project magnetic-model notes reconsulted.,MGS and MAVEN measurements support a crustal field model.,A field map is not a unique source-magnetization or paleointensity map.,mgs_maven,existing project catalog,2026-09-28
gong2021,"Gong and Wieczorek, 2021",Depth of Martian Magnetization From Localized Power Spectrum Analysis,2021,10.1029/2020je006690,https://doi.org/10.1029/2020JE006690,Magnetic recording,research_article,abstract,Publisher-supplied Crossref abstract.,Localized magnetic spectra constrain equivalent source depths.,Thin-source and spectral assumptions do not give unique physical layer boundaries.,mgs_maven,"Crossref exact DOI response, 2026-09-28",2026-09-28
mittelholz2020,"Mittelholz et al., 2020",Timing of the martian dynamo: New constraints for a core field 4.5 and 3.7 Ga ago,2020,10.1126/sciadv.aba0513,https://doi.org/10.1126/sciadv.aba0513,Magnetic recording,research_article,prior_assessment,Existing project abstract/source notes reconsulted.,Selected geological units imply possible early and later dynamo activity.,Orbital sources inherit uncertain geological age association.,mgs_maven; geological_ages,existing project catalog,2026-09-28
steele2023,"Steele et al., 2023","Paleomagnetic evidence for a long-lived, potentially reversing martian dynamo at ~3.9 Ga",2023,10.1126/sciadv.ade9071,https://doi.org/10.1126/sciadv.ade9071,Magnetic recording,research_article,abstract,"Author abstract, https://dash.harvard.edu/entities/publication/68f0ab8f-d50d-4cd5-bdaa-81e9052b9dca.","ALH 84001 components support an ancient, potentially reversing field interpretation.",Acquisition chronology and coordinate reconstruction remain necessary.,alh84001,"Crossref exact DOI response, 2026-09-28",2026-09-28
steele2024,"Steele et al., 2024",Weak magnetism of Martian impact basins may reflect cooling in a reversing dynamo,2024,10.1038/s41467-024-51092-4,https://doi.org/10.1038/s41467-024-51092-4,Magnetic recording,research_article,abstract,Publisher indexed abstract; complete page could not be opened this pass.,Reversing fields during cooling can reduce basin-scale magnetic signals.,Tested basin sizes and carrier/cooling assumptions limit extrapolation.,basin_recording_models,existing project catalog,2026-09-28
steele2025,"Steele, Fu and Day, 2025",Magnetic Properties of Martian Impact Basins Including the Effect of Mantle Excavation,2025,10.1029/2025je009173,https://doi.org/10.1029/2025JE009173,Magnetic recording,research_article,metadata,Author publication list: https://jmdday.scrippsprofiles.ucsd.edu/publications/.,Lead for assessing mantle excavation and basin magnetic properties.,Primary scientific text not assessed here; not used as supporting result.,basin_recording_models,"Primary publisher, author repository or original abstract metadata",2026-09-28
yan2025,"Yan et al., 2025",Mars' Hemispheric Magnetic Field From a Full‐Sphere Dynamo,2025,10.1029/2024gl113926,https://doi.org/10.1029/2024GL113926,Magnetic recording,research_article,selected_sections,Publisher abstract and indexed introductory/discussion sections.,Nonuniform core-boundary heat flux can produce asymmetric full-sphere dynamos.,Imposed boundary conditions and temporal averaging must match rock recording.,dynamo_models,existing project catalog,2026-09-28
vervelidou2023,"Vervelidou et al., 2023",Hand Magnets and the Destruction of Ancient Meteorite Magnetism,2023,10.1029/2022je007464,https://doi.org/10.1029/2022JE007464,Magnetic recording,research_article,abstract,Publisher abstract; earlier project selected-section notes retained separately.,Handling overprints compromise the tested meteorites magnetic archives.,The investigated stones do not represent every untested paired stone or invalidate their geochemistry.,nwa7034_suite,existing project catalog,2026-09-28
volk2021,"Volk et al., 2021",Paleointensity and Rock Magnetism of Martian Nakhlite Meteorite Miller Range 03346: Evidence for Intense Small‐Scale Crustal Magnetization on Mars,2021,10.1029/2021je006856,https://doi.org/10.1029/2021JE006856,Magnetic recording,research_article,prior_assessment,Existing project selected-section assessment reconsulted.,MIL 03346 permits a local crustal-field interpretation of a young record.,A young recorded field need not be a core dynamo; no new intensity extracted here.,nakhlites,existing project catalog,2026-09-28
gattacceca2013,"Gattacceca et al., 2013","Opaque minerals, magnetic properties, and paleomagnetism of the Tissint Martian meteorite",2013,10.1111/maps.12172,https://doi.org/10.1111/maps.12172,Magnetic recording,research_article,prior_assessment,Existing project mineralogical and magnetic source notes reconsulted.,Tissint links carrier properties and remanence interpretations.,Crystallization age cannot substitute automatically for acquisition age.,tissint,existing project catalog,2026-09-28
mansbach2024,"Mansbach et al., 2024",Likely Ferromagnetic Minerals Identified by the Perseverance Rover and Implications for Future Paleomagnetic Analyses of Returned Martian Samples,2024,10.1029/2024je008505,https://doi.org/10.1029/2024JE008505,Magnetic recording,research_article,preview,Publisher indexed abstract and introductory passages.,Perseverance observations identify promising magnetic-mineral candidates.,Carrier identification does not supply returned-sample laboratory paleointensity.,perseverance,existing project catalog,2026-09-28
du2023,"Du et al., 2023",Ground magnetic survey on Mars from the Zhurong rover,2023,10.1038/s41550-023-02008-7,https://doi.org/10.1038/s41550-023-02008-7,Magnetic recording,research_article,prior_assessment,Catalog abstract and existing regional source notes reconsulted.,Zhurong measures a weak local northern surface field.,One traverse cannot characterize all northern crustal magnetization.,zhurong,existing project catalog,2026-09-28
bouvier2018,"Bouvier et al., 2018",Evidence for extremely rapid magma ocean crystallization and crust formation on Mars,2018,10.1038/s41586-018-0222-z,https://doi.org/10.1038/s41586-018-0222-z,Chronology and water,research_article,abstract,Original article abstract served through Europe PMC.,Ancient zircon dates and Hf modelling constrain early crustal production.,Mineral ages and source model ages are different constraints; neither dates the dichotomy directly.,nwa7034_suite,existing project catalog,2026-09-28
borg2025,"Borg and Kruijer, 2025",A tale of two planets: Disparate evolutionary models for Mars inferred from radiogenic isotope compositions of Martian meteorites,2025,10.1073/pnas.2404257121,https://doi.org/10.1073/pnas.2404257121,Chronology and water,research_article,abstract,Original article abstract served through Europe PMC; PMC full page blocked.,Different meteorite groups imply different reservoir histories.,Meteorite-source histories do not uniquely map onto hemispheres.,meteorite_isotopes,"Primary publisher, author repository or original abstract metadata",2026-09-28
gillespie2024,"Gillespie et al., 2024",Zircon trace element evidence for early hydrothermal activity on Mars,2024,10.1126/sciadv.adq3694,https://doi.org/10.1126/sciadv.adq3694,Chronology and water,research_article,selected_sections,Europe PMC abstract plus accessible indexed original discussion passages.,Zircon chemistry and inclusions support an early hydrothermal interpretation.,The studied grain does not yield a measured ancient paleofield or global water inventory.,nwa7034_suite,existing project catalog,2026-09-28
tremblay2024,"Tremblay et al., 2024",Dating recent aqueous activity on Mars,2024,10.7185/geochemlet.2443,https://doi.org/10.7185/geochemlet.2443,Chronology and water,research_article,selected_sections,"Publisher methods, results and diffusion/resetting discussion: https://www.geochemicalperspectivesletters.org/article2443/.",Micro-encapsulated Ar-Ar analyses date Lafayette iddingsite.,Alteration dating is local and is not magnetic acquisition dating; diffusion assumptions matter.,nakhlites,existing project catalog,2026-09-28
mittelholz2025,"Mittelholz et al., 2025",Gravity and Magnetic Field Signatures in Hydrothermally Affected Regions on Mars,2025,10.1029/2024je008832,https://doi.org/10.1029/2024JE008832,Chronology and water,research_article,selected_sections,"DLR article PDF, abstract and joint-inversion method, especially section 3.2.1.",Joint gravity/magnetic structures are interpreted in hydrothermal contexts.,Structural coupling is imposed as regularization; association is not independent proof of alteration.,gravity_topography; mgs_maven,existing project catalog,2026-09-28
carter2023,"Carter et al., 2023",A Mars orbital catalog of aqueous alteration signatures (MOCAAS),2023,10.1016/j.icarus.2022.115164,https://doi.org/10.1016/j.icarus.2022.115164,Chronology and water,research_article,prior_assessment,Earlier project abstract and data-policy assessment reconsulted.,Orbital mineral detections map exposed aqueous alteration signatures.,Nondetection depends on coverage and exposure; no new raw data redistributed.,orbital_spectroscopy,existing project catalog,2026-09-28
scheller2021,"Scheller et al., 2021",Long-term drying of Mars by sequestration of ocean-scale volumes of water in the crust,2021,10.1126/science.abc7717,https://doi.org/10.1126/science.abc7717,Chronology and water,research_article,abstract,Original article abstract served through Europe PMC.,Crustal sequestration can contribute substantially in water-evolution models.,Fractions depend on assumed reservoirs and fluxes; not a direct measured global partition.,water_budget_models,"Primary publisher, author repository or original abstract metadata",2026-09-28
wright2024,"Wright, Morzfeld and Manga, 2024",Liquid water in the Martian mid-crust,2024,10.1073/pnas.2409983121,https://doi.org/10.1073/pnas.2409983121,Chronology and water,research_article,preview,Author-repository indexed abstract and result excerpts.,Rock-physics interpretation favours water-filled fractured mid-crust beneath InSight.,Alternative material models and global extrapolation remain separate questions.,insight,"Primary publisher, author repository or original abstract metadata",2026-09-28
naver2026,"Naver et al., 2026",Direct Detection of Hydrogen Reveals a New Macroscopic Crustal Water Reservoir on Early Mars,2026,10.1029/2026gl121841,https://doi.org/10.1029/2026GL121841,Chronology and water,research_article,abstract,Publisher indexed abstract; article published 13 August 2026.,Combined imaging identifies hydrogen-bearing material in NWA 7034.,Full origin/weathering controls and scaling to global inventory require methods audit.,nwa7034_suite,"Primary publisher, author repository or original abstract metadata",2026-09-28
udry2025,"Udry et al., 2025",Fundamental constraints and questions from the study of Martian meteorites and the need for returned samples,2025,10.1073/pnas.2404254121,https://doi.org/10.1073/pnas.2404254121,Chronology and water,review,abstract,Publisher-supplied Crossref abstract.,Meteorite review identifies sampling gaps and returned-sample needs.,"Coverage statements refer to the sample set assessed at publication, not all later finds.",review_of_shared_inputs,"Crossref exact DOI response, 2026-09-28",2026-09-28
curry2025,"Curry et al., 2025",First direct observations of atmospheric sputtering at Mars,2025,10.1126/sciadv.adt1538,https://doi.org/10.1126/sciadv.adt1538,Climate and escape,research_article,abstract,Original article abstract served through Europe PMC.,MAVEN observations identify present atmospheric sputtering.,Present escape observations are not a directly measured ancient integrated loss.,maven_atmosphere,"Primary publisher, author repository or original abstract metadata",2026-09-28
gunell2018,"Gunell et al., 2018",Why an intrinsic magnetic field does not protect a planet against atmospheric escape,2018,10.1051/0004-6361/201832934,https://doi.org/10.1051/0004-6361/201832934,Climate and escape,research_article,preview,Publisher indexed abstract and discussion excerpts.,Escape pathways respond differently to intrinsic magnetization in idealized comparisons.,Neither universal shielding nor universal enhancement follows for every atmosphere and epoch.,escape_models,"Primary publisher, author repository or original abstract metadata",2026-09-28
wordsworth2021,"Wordsworth et al., 2021","A coupled model of episodic warming, oxidation and geochemical transitions on early Mars",2021,10.1038/s41561-021-00701-8,https://doi.org/10.1038/s41561-021-00701-8,Climate and escape,research_article,abstract,Publisher abstract.,Coupled atmospheric/geochemical modelling explores episodic warming and oxidation.,A conditional climate history is not a measured global sequence.,climate_models,"Crossref exact DOI response, 2026-09-28",2026-09-28
adams2025,"Adams et al., 2025",Episodic warm climates on early Mars primed by crustal hydration,2025,10.1038/s41561-024-01626-8,https://doi.org/10.1038/s41561-024-01626-8,Climate and escape,research_article,preview,Author abstract and indexed model passages; author repository and Caltech manuscript located.,Hydration-associated chemistry can supply hydrogen for episodic warm climates in a model.,Net fluid/reactant budgets and atmospheric assumptions must be carried into any joint model.,climate_models,existing project catalog,2026-09-28
mcneil2025,"McNeil et al., 2025",Dichotomy retreat and aqueous alteration on Noachian Mars recorded in highland remnants,2025,10.1038/s41561-024-01634-8,https://doi.org/10.1038/s41561-024-01634-8,Surface and orbital history,research_article,preview,Publisher abstract and indexed methods excerpts.,Highland remnants near Mawrth preserve evidence of alteration and margin retreat.,Regional remnant mapping does not reconstruct the entire primordial boundary.,orbital_geology,existing project catalog,2026-09-28
carboni2025,"Carboni et al., 2025",Gravity-driven fold-thrust belt at the Martian dichotomy,2025,10.1016/j.epsl.2025.119645,https://doi.org/10.1016/j.epsl.2025.119645,Surface and orbital history,research_article,preview,Publisher indexed preview and existing project abstract notes.,Nilosyrtis structures motivate gravity-driven extension and shortening.,Mapped kinematics cannot be replaced by a simple topographic flexure fit.,orbital_geology,"Crossref exact DOI response, 2026-09-28",2026-09-28
bouley2016,"Bouley et al., 2016",Late Tharsis formation and implications for early Mars,2016,10.1038/nature17171,https://doi.org/10.1038/nature17171,Surface and orbital history,research_article,abstract,Publisher abstract.,Tharsis timing and reorientation affect reconstructed paleogeography.,Reference-frame choices do not independently establish every event age or climate history.,orbital_geology; rotation_models,"Crossref exact DOI response, 2026-09-28",2026-09-28
li2025,"Li et al., 2025",Ancient ocean coastal deposits imaged on Mars,2025,10.1073/pnas.2422213122,https://doi.org/10.1073/pnas.2422213122,Surface and orbital history,research_article,selected_sections,Author PDF: abstract and early results/discussion pages.,Buried dipping radar reflectors are interpreted as coastal deposits along the traverse.,Local sedimentary interpretation and regional age context do not identify a synchronous global shoreline.,zhurong,existing project catalog,2026-09-28
rosenblatt2016,"Rosenblatt et al., 2016",Accretion of Phobos and Deimos in an extended debris disc stirred by transient moons,2016,10.1038/ngeo2742,https://doi.org/10.1038/ngeo2742,Surface and orbital history,research_article,preview,Publisher abstract preview.,An impact debris disc with transient moons can form small satellites in simulations.,Does not prove the satellite-forming event was the dichotomy-forming impact.,satellite_models,"Primary publisher, author repository or original abstract metadata",2026-09-28
canup2018,"Canup and Salmon, 2018",Origin of Phobos and Deimos by the impact of a Vesta-to-Ceres sized body with Mars,2018,10.1126/sciadv.aar6887,https://doi.org/10.1126/sciadv.aar6887,Surface and orbital history,research_article,preview,Indexed original PMC abstract and model excerpts.,Impact-disc evolution offers another satellite-formation parameter range.,A feasible disc model does not uniquely determine Mars impact history.,satellite_models,"Crossref exact DOI response, 2026-09-28",2026-09-28
tauxe,"Tauxe and collaborators, online edition accessed 2026",Essentials of Paleomagnetism,,,https://pmagpy.github.io/Essentials-JupyterBook/,Books and foundations,book,selected_sections,"Selected passages in chapters 6 (mineralogy), 7 (remanence) and 10 (paleointensity).","Physical foundation for carrier, acquisition and experimental-validity questions.",Not a complete reading; planetary conclusions require Mars-specific observations.,physical_foundations,Author textbook or publisher page,2026-09-28
dunlop1997,"Dunlop and Özdemir, 1997",Rock Magnetism: Fundamentals and Frontiers,1997,10.1017/CBO9780511612794,https://doi.org/10.1017/CBO9780511612794,Books and foundations,book,preview,Cambridge publisher description and table of contents.,"Reading route for mineral, grain-state and remanence physics.",Book chapters were not read in this pass; no detailed argument rests on this preview.,physical_foundations,Author textbook or publisher page,2026-09-28
taylor2009,"Taylor and McLennan, 2008/2009","Planetary Crusts: Their Composition, Origin and Evolution",2009,10.1017/CBO9780511575358,https://doi.org/10.1017/CBO9780511575358,Books and foundations,book,preview,"Cambridge frontmatter and contents, especially Mars chapters 5–6. Publisher print-date metadata says 2008; inspected frontmatter says first published 2009.",Reading route for comparative differentiation and crustal geochemistry.,No complete chapter reading; publication-date variants retained explicitly.,physical_foundations,Author textbook or publisher page,2026-09-28
barlow2008,"Barlow, 2008","Mars: An Introduction to its Interior, Surface and Atmosphere",2008,,https://www.cambridge.org/core/books/mars-an-introduction-to-its-interior-surface-and-atmosphere/58F3894495CB56B382E37EB0B498491A/listing,Books and foundations,book,preview,Cambridge chapter summaries/preview.,"Whole-planet framework connecting interior, surface and atmosphere.",Pre-InSight reference; chapter previews are not a reading of the complete book.,physical_foundations,Author textbook or publisher page,2026-09-28
