hemisphere,radius_deg,covariate,depth_variant,wedge_offset_deg,windows,rho,q05,q95,blocks,draws,fraction_of_draws_with_opposite_sign
North,10,noachian_fraction,best,0.0,107,0.20528417423935874,-0.0324426379667075,0.40083560432743737,6,2000,0.074
North,10,noachian_fraction,best,30.0,107,0.20528417423935874,0.04752571055665717,0.3764388536001159,6,2000,0.014
North,10,noachian_fraction,lower_1sigma,0.0,107,0.2529259899262615,0.11285891260571776,0.5252848546732529,6,2000,0.0025
North,10,noachian_fraction,lower_1sigma,30.0,107,0.2529259899262615,0.11785016493270288,0.5875579202319555,6,2000,0.0
North,10,noachian_fraction,upper_1sigma,0.0,107,-0.22572119020669382,-0.36353246137559864,-0.08711363580680671,6,2000,0.0135
North,10,noachian_fraction,upper_1sigma,30.0,107,-0.22572119020669382,-0.38408904371424435,-0.04401143335171387,6,2000,0.0075
North,10,mean_rank,best,0.0,107,-0.19940374236251213,-0.3857803843480347,0.06523296745535723,6,2000,0.0865
North,10,mean_rank,best,30.0,107,-0.19940374236251213,-0.43079634342797146,-0.015535866005800968,6,2000,0.0435
North,10,mean_rank,lower_1sigma,0.0,107,-0.16304353785793463,-0.41313990590967486,-0.01612001203242369,6,2000,0.0355
North,10,mean_rank,lower_1sigma,30.0,107,-0.16304353785793463,-0.45634073602412667,-0.0380183637713617,6,2000,0.026
North,10,mean_rank,upper_1sigma,0.0,107,0.23032923048747006,0.048459402181308585,0.4404876955006953,6,2000,0.0185
North,10,mean_rank,upper_1sigma,30.0,107,0.23032923048747006,0.017250541257280944,0.4630979027516094,6,2000,0.0215
North,20,noachian_fraction,best,0.0,107,0.18056542287010144,-0.08787667232061494,0.41639238716353794,6,2000,0.116
North,20,noachian_fraction,best,30.0,107,0.18056542287010144,0.0595137537890218,0.35782978840091006,6,2000,0.009
North,20,noachian_fraction,lower_1sigma,0.0,107,0.363924427828402,0.2206524056206723,0.6088922082437778,6,2000,0.0
North,20,noachian_fraction,lower_1sigma,30.0,107,0.363924427828402,0.23277147039278953,0.6401667983456935,6,2000,0.0
North,20,noachian_fraction,upper_1sigma,0.0,107,-0.3440665968469897,-0.4962675968961253,-0.15539889883087699,6,2000,0.0025
North,20,noachian_fraction,upper_1sigma,30.0,107,-0.3440665968469897,-0.4900464308881779,-0.22633796819410976,6,2000,0.0
North,20,mean_rank,best,0.0,107,-0.20238108896950407,-0.382558026301332,0.02899771049262118,6,2000,0.073
North,20,mean_rank,best,30.0,107,-0.20238108896950407,-0.4205199810236242,-0.014825905390574263,6,2000,0.038
North,20,mean_rank,lower_1sigma,0.0,107,-0.20483593961776264,-0.5049510624161504,-0.029689421200906715,6,2000,0.031
North,20,mean_rank,lower_1sigma,30.0,107,-0.20483593961776264,-0.5274694616429035,-0.054196752158774446,6,2000,0.0285
North,20,mean_rank,upper_1sigma,0.0,107,0.26893559215208973,0.07283705200343461,0.4958682649457348,6,2000,0.0105
North,20,mean_rank,upper_1sigma,30.0,107,0.26893559215208973,0.1016665908697719,0.48417597550394476,6,2000,0.0085
North,10,log_rms_field_150km,best,0.0,107,-0.041888863301007384,-0.434732330043464,0.4018243082022439,6,2000,0.484
South,10,noachian_fraction,best,0.0,188,-0.11785217729252194,-0.2698934354458609,0.0903830358838303,6,2000,0.165
South,10,noachian_fraction,best,30.0,188,-0.11785217729252194,-0.2908839284570659,0.07840201602543202,6,2000,0.1575
South,10,noachian_fraction,lower_1sigma,0.0,188,0.09156620727035887,-0.040863732026812725,0.26182173899484845,6,2000,0.1385
South,10,noachian_fraction,lower_1sigma,30.0,188,0.09156620727035887,-0.07222157445071563,0.23650098878981546,6,2000,0.157
South,10,noachian_fraction,upper_1sigma,0.0,188,-0.18486165798761703,-0.3637119035373298,0.06066601594376888,6,2000,0.0895
South,10,noachian_fraction,upper_1sigma,30.0,188,-0.18486165798761703,-0.3319090815183793,-0.0073402435847724655,6,2000,0.0445
South,10,mean_rank,best,0.0,188,0.1601926193493427,-0.06684985627724317,0.34375127335942834,6,2000,0.127
South,10,mean_rank,best,30.0,188,0.1601926193493427,-0.06163955443321072,0.3437140575548297,6,2000,0.107
South,10,mean_rank,lower_1sigma,0.0,188,-0.13522421560585401,-0.3057740497644996,0.026121703275609982,6,2000,0.102
South,10,mean_rank,lower_1sigma,30.0,188,-0.13522421560585401,-0.30079427403188114,0.0527091825270337,6,2000,0.1215
South,10,mean_rank,upper_1sigma,0.0,188,0.2754177601384046,0.03802376967476419,0.4423634758998,6,2000,0.03
South,10,mean_rank,upper_1sigma,30.0,188,0.2754177601384046,0.046316252057865735,0.439380679540287,6,2000,0.033
South,20,noachian_fraction,best,0.0,188,-0.07268702042332598,-0.29194645965547084,0.1648443514594764,6,2000,0.2995
South,20,noachian_fraction,best,30.0,188,-0.07268702042332598,-0.29877829290799435,0.14502231819745995,6,2000,0.324
South,20,noachian_fraction,lower_1sigma,0.0,188,0.0723817053020797,-0.10820904278559758,0.2822278646268761,6,2000,0.276
South,20,noachian_fraction,lower_1sigma,30.0,188,0.0723817053020797,-0.08850842196874542,0.2534232601315025,6,2000,0.204
South,20,noachian_fraction,upper_1sigma,0.0,188,-0.104194961532812,-0.27903546902186954,0.10047438678423756,6,2000,0.176
South,20,noachian_fraction,upper_1sigma,30.0,188,-0.104194961532812,-0.27257369304099166,0.03694397858303047,6,2000,0.128
South,20,mean_rank,best,0.0,188,0.11459845271430313,-0.15550345538179128,0.3470978275038031,6,2000,0.2245
South,20,mean_rank,best,30.0,188,0.11459845271430313,-0.10455133405266613,0.30549557766826674,6,2000,0.2095
South,20,mean_rank,lower_1sigma,0.0,188,-0.14333933858205272,-0.33517914668149057,0.030254060207752054,6,2000,0.0905
South,20,mean_rank,lower_1sigma,30.0,188,-0.14333933858205272,-0.32570029115607296,0.01944533404625439,6,2000,0.0915
South,20,mean_rank,upper_1sigma,0.0,188,0.20777834531826864,-0.027727853559030034,0.40134913820912216,6,2000,0.06
South,20,mean_rank,upper_1sigma,30.0,188,0.20777834531826864,-0.008688434230562744,0.3833503584389496,6,2000,0.0555
South,10,log_rms_field_150km,best,0.0,188,0.13655481367972525,-0.05241042517914523,0.3497717516209219,6,2000,0.142
