altitude_km,density_kg_m3,model,split,skill_over_training_mean,weighted_rmse_log1p_nt
150,2600,mean,random,0.0,1.311262
150,2600,mean,regional_0,-0.0,1.356266
150,2600,mean,regional_30,-0.0,1.345641
150,2600,hemisphere,random,0.217864,1.15966
150,2600,hemisphere,regional_0,0.167443,1.237519
150,2600,hemisphere,regional_30,0.158715,1.234243
150,2600,location,random,0.528238,0.90064
150,2600,location,regional_0,-0.10169,1.423556
150,2600,location,regional_30,0.317735,1.11149
150,2600,structure,random,0.348254,1.058593
150,2600,structure,regional_0,0.227533,1.192024
150,2600,structure,regional_30,0.248244,1.166722
150,2600,age,random,0.194273,1.177019
150,2600,age,regional_0,0.127911,1.266558
150,2600,age,regional_30,0.144953,1.244297
150,2600,age_ordinal,random,0.186497,1.182685
150,2600,age_ordinal,regional_0,0.117367,1.274192
150,2600,age_ordinal,regional_30,0.13298,1.252979
150,2600,hemisphere+age,random,0.255372,1.131512
150,2600,hemisphere+age,regional_0,0.173563,1.232962
150,2600,hemisphere+age,regional_30,0.176958,1.220787
150,2600,hemisphere+structure,random,0.356747,1.051672
150,2600,hemisphere+structure,regional_0,0.229829,1.190251
150,2600,hemisphere+structure,regional_30,0.24321,1.170622
150,2600,structure+age,random,0.355544,1.052656
150,2600,structure+age,regional_0,0.19458,1.217183
150,2600,structure+age,regional_30,0.217048,1.190684
150,2600,location+age,random,0.550473,0.879159
150,2600,location+age,regional_0,-0.078954,1.40879
150,2600,location+age,regional_30,0.387796,1.052876
150,2600,location+structure,random,0.597639,0.831759
150,2600,location+structure,regional_0,-0.079507,1.409151
150,2600,location+structure,regional_30,0.443775,1.003585
150,2600,all,random,0.601874,0.82737
150,2600,all,regional_0,-0.078731,1.408644
150,2600,all,regional_30,0.458159,0.990524
150,2700,mean,random,0.0,1.311262
150,2700,mean,regional_0,-0.0,1.356266
150,2700,mean,regional_30,-0.0,1.345641
150,2700,hemisphere,random,0.217864,1.15966
150,2700,hemisphere,regional_0,0.167443,1.237519
150,2700,hemisphere,regional_30,0.158715,1.234243
150,2700,location,random,0.528238,0.90064
150,2700,location,regional_0,-0.10169,1.423556
150,2700,location,regional_30,0.317735,1.11149
150,2700,structure,random,0.333461,1.070539
150,2700,structure,regional_0,0.151672,1.249185
150,2700,structure,regional_30,0.243157,1.170664
150,2700,age,random,0.194273,1.177019
150,2700,age,regional_0,0.127911,1.266558
150,2700,age,regional_30,0.144953,1.244297
150,2700,age_ordinal,random,0.186497,1.182685
150,2700,age_ordinal,regional_0,0.117367,1.274192
150,2700,age_ordinal,regional_30,0.13298,1.252979
150,2700,hemisphere+age,random,0.255372,1.131512
150,2700,hemisphere+age,regional_0,0.173563,1.232962
150,2700,hemisphere+age,regional_30,0.176958,1.220787
150,2700,hemisphere+structure,random,0.351155,1.056234
150,2700,hemisphere+structure,regional_0,0.167367,1.237575
150,2700,hemisphere+structure,regional_30,0.241464,1.171972
150,2700,structure+age,random,0.340402,1.06495
150,2700,structure+age,regional_0,0.11327,1.277146
150,2700,structure+age,regional_30,0.209686,1.196269
150,2700,location+age,random,0.550473,0.879159
150,2700,location+age,regional_0,-0.078954,1.40879
150,2700,location+age,regional_30,0.387796,1.052876
150,2700,location+structure,random,0.591937,0.837632
150,2700,location+structure,regional_0,-0.160214,1.460878
150,2700,location+structure,regional_30,0.415796,1.028517
150,2700,all,random,0.596907,0.832515
150,2700,all,regional_0,-0.150234,1.454581
150,2700,all,regional_30,0.441325,1.005794
150,2800,mean,random,0.0,1.311262
150,2800,mean,regional_0,-0.0,1.356266
150,2800,mean,regional_30,-0.0,1.345641
150,2800,hemisphere,random,0.217864,1.15966
150,2800,hemisphere,regional_0,0.167443,1.237519
150,2800,hemisphere,regional_30,0.158715,1.234243
150,2800,location,random,0.528238,0.90064
150,2800,location,regional_0,-0.10169,1.423556
150,2800,location,regional_30,0.317735,1.11149
150,2800,structure,random,0.281609,1.111399
150,2800,structure,regional_0,0.047137,1.323915
150,2800,structure,regional_30,0.183413,1.215991
150,2800,age,random,0.194273,1.177019
150,2800,age,regional_0,0.127911,1.266558
150,2800,age,regional_30,0.144953,1.244297
150,2800,age_ordinal,random,0.186497,1.182685
150,2800,age_ordinal,regional_0,0.117367,1.274192
150,2800,age_ordinal,regional_30,0.13298,1.252979
150,2800,hemisphere+age,random,0.255372,1.131512
150,2800,hemisphere+age,regional_0,0.173563,1.232962
150,2800,hemisphere+age,regional_30,0.176958,1.220787
150,2800,hemisphere+structure,random,0.335615,1.068808
150,2800,hemisphere+structure,regional_0,0.097498,1.288454
150,2800,hemisphere+structure,regional_30,0.201273,1.202619
150,2800,structure+age,random,0.293189,1.102406
150,2800,structure+age,regional_0,-0.003675,1.358756
150,2800,structure+age,regional_30,0.154825,1.237093
150,2800,location+age,random,0.550473,0.879159
150,2800,location+age,regional_0,-0.078954,1.40879
150,2800,location+age,regional_30,0.387796,1.052876
150,2800,location+structure,random,0.577289,0.852533
150,2800,location+structure,regional_0,-0.344157,1.572425
150,2800,location+structure,regional_30,0.360234,1.076315
150,2800,all,random,0.584518,0.845213
150,2800,all,regional_0,-0.304824,1.549247
150,2800,all,regional_30,0.406061,1.037051
150,2900,mean,random,0.0,1.311262
150,2900,mean,regional_0,-0.0,1.356266
150,2900,mean,regional_30,-0.0,1.345641
150,2900,hemisphere,random,0.217864,1.15966
150,2900,hemisphere,regional_0,0.167443,1.237519
150,2900,hemisphere,regional_30,0.158715,1.234243
150,2900,location,random,0.528238,0.90064
150,2900,location,regional_0,-0.10169,1.423556
150,2900,location,regional_30,0.317735,1.11149
150,2900,structure,random,0.260068,1.127939
150,2900,structure,regional_0,0.072066,1.306482
150,2900,structure,regional_30,0.166844,1.228266
150,2900,age,random,0.194273,1.177019
150,2900,age,regional_0,0.127911,1.266558
150,2900,age,regional_30,0.144953,1.244297
150,2900,age_ordinal,random,0.186497,1.182685
150,2900,age_ordinal,regional_0,0.117367,1.274192
150,2900,age_ordinal,regional_30,0.13298,1.252979
150,2900,hemisphere+age,random,0.255372,1.131512
150,2900,hemisphere+age,regional_0,0.173563,1.232962
150,2900,hemisphere+age,regional_30,0.176958,1.220787
150,2900,hemisphere+structure,random,0.328719,1.07434
150,2900,hemisphere+structure,regional_0,0.101647,1.285489
150,2900,hemisphere+structure,regional_30,0.180446,1.218198
150,2900,structure+age,random,0.274993,1.116505
150,2900,structure+age,regional_0,-0.009753,1.362864
150,2900,structure+age,regional_30,0.139509,1.248252
150,2900,location+age,random,0.550473,0.879159
150,2900,location+age,regional_0,-0.078954,1.40879
150,2900,location+age,regional_30,0.387796,1.052876
150,2900,location+structure,random,0.586429,0.843266
150,2900,location+structure,regional_0,-0.345216,1.573044
150,2900,location+structure,regional_30,0.411877,1.031961
150,2900,all,random,0.592597,0.836955
150,2900,all,regional_0,-0.309596,1.552078
150,2900,all,regional_30,0.439895,1.007079
150,2900,age,regional_0_target_shifted_60,-0.023914,1.372387
150,2900,structure,regional_0_target_shifted_60,0.138911,1.258545
150,2900,location,regional_0_target_shifted_60,-0.103603,1.424791
150,2900,hemisphere,regional_0_target_shifted_60,0.087938,1.29526
150,2900,age,regional_0_target_shifted_120,-0.09238,1.417528
150,2900,structure,regional_0_target_shifted_120,-0.173937,1.469492
150,2900,location,regional_0_target_shifted_120,-0.107157,1.427084
150,2900,hemisphere,regional_0_target_shifted_120,-0.098265,1.421341
150,2900,age,regional_0_target_shifted_180,-0.018637,1.368846
150,2900,structure,regional_0_target_shifted_180,-0.029991,1.376454
150,2900,location,regional_0_target_shifted_180,-0.10169,1.423556
150,2900,hemisphere,regional_0_target_shifted_180,-0.063958,1.398966
400,2600,mean,random,0.0,0.975487
400,2600,mean,regional_0,0.0,1.005119
400,2600,mean,regional_30,0.0,1.004747
400,2600,hemisphere,random,0.23042,0.855753
400,2600,hemisphere,regional_0,0.168099,0.916755
400,2600,hemisphere,regional_30,0.15831,0.921792
400,2600,location,random,0.573233,0.63726
400,2600,location,regional_0,0.16846,0.916556
400,2600,location,regional_30,0.173508,0.913432
400,2600,structure,random,0.329617,0.798698
400,2600,structure,regional_0,0.178166,0.911191
400,2600,structure,regional_30,0.2102,0.892926
400,2600,age,random,0.188021,0.87901
400,2600,age,regional_0,0.104861,0.950961
400,2600,age,regional_30,0.117729,0.943752
400,2600,age_ordinal,random,0.181271,0.882656
400,2600,age_ordinal,regional_0,0.097862,0.954672
400,2600,age_ordinal,regional_30,0.111046,0.94732
400,2600,hemisphere+age,random,0.261864,0.838088
400,2600,hemisphere+age,regional_0,0.165498,0.918187
400,2600,hemisphere+age,regional_30,0.162655,0.919409
400,2600,hemisphere+structure,random,0.338376,0.793464
400,2600,hemisphere+structure,regional_0,0.180485,0.909905
400,2600,hemisphere+structure,regional_30,0.217912,0.888556
400,2600,structure+age,random,0.338955,0.793116
400,2600,structure+age,regional_0,0.143538,0.93019
400,2600,structure+age,regional_30,0.178146,0.910865
400,2600,location+age,random,0.589167,0.625251
400,2600,location+age,regional_0,0.182759,0.908642
400,2600,location+age,regional_30,0.238506,0.876779
400,2600,location+structure,random,0.629545,0.59373
400,2600,location+structure,regional_0,0.198224,0.900003
400,2600,location+structure,regional_30,0.274081,0.856054
400,2600,all,random,0.634417,0.589813
400,2600,all,regional_0,0.201465,0.898183
400,2600,all,regional_30,0.300466,0.840352
400,2700,mean,random,0.0,0.975487
400,2700,mean,regional_0,0.0,1.005119
400,2700,mean,regional_30,0.0,1.004747
400,2700,hemisphere,random,0.23042,0.855753
400,2700,hemisphere,regional_0,0.168099,0.916755
400,2700,hemisphere,regional_30,0.15831,0.921792
400,2700,location,random,0.573233,0.63726
400,2700,location,regional_0,0.16846,0.916556
400,2700,location,regional_30,0.173508,0.913432
400,2700,structure,random,0.315371,0.807141
400,2700,structure,regional_0,0.092713,0.957392
400,2700,structure,regional_30,0.185617,0.906716
400,2700,age,random,0.188021,0.87901
400,2700,age,regional_0,0.104861,0.950961
400,2700,age,regional_30,0.117729,0.943752
400,2700,age_ordinal,random,0.181271,0.882656
400,2700,age_ordinal,regional_0,0.097862,0.954672
400,2700,age_ordinal,regional_30,0.111046,0.94732
400,2700,hemisphere+age,random,0.261864,0.838088
400,2700,hemisphere+age,regional_0,0.165498,0.918187
400,2700,hemisphere+age,regional_30,0.162655,0.919409
400,2700,hemisphere+structure,random,0.33333,0.796484
400,2700,hemisphere+structure,regional_0,0.111323,0.947523
400,2700,hemisphere+structure,regional_30,0.203439,0.89674
400,2700,structure+age,random,0.324052,0.802007
400,2700,structure+age,regional_0,0.050355,0.979486
400,2700,structure+age,regional_30,0.150845,0.925871
400,2700,location+age,random,0.589167,0.625251
400,2700,location+age,regional_0,0.182759,0.908642
400,2700,location+age,regional_30,0.238506,0.876779
400,2700,location+structure,random,0.624557,0.597714
400,2700,location+structure,regional_0,0.15653,0.923108
400,2700,location+structure,regional_30,0.234632,0.879006
400,2700,all,random,0.629858,0.593479
400,2700,all,regional_0,0.162903,0.919614
400,2700,all,regional_30,0.275242,0.855369
400,2800,mean,random,0.0,0.975487
400,2800,mean,regional_0,0.0,1.005119
400,2800,mean,regional_30,0.0,1.004747
400,2800,hemisphere,random,0.23042,0.855753
400,2800,hemisphere,regional_0,0.168099,0.916755
400,2800,hemisphere,regional_30,0.15831,0.921792
400,2800,location,random,0.573233,0.63726
400,2800,location,regional_0,0.16846,0.916556
400,2800,location,regional_30,0.173508,0.913432
400,2800,structure,random,0.269098,0.833971
400,2800,structure,regional_0,-0.00181,1.006028
400,2800,structure,regional_30,0.117968,0.943624
400,2800,age,random,0.188021,0.87901
400,2800,age,regional_0,0.104861,0.950961
400,2800,age,regional_30,0.117729,0.943752
400,2800,age_ordinal,random,0.181271,0.882656
400,2800,age_ordinal,regional_0,0.097862,0.954672
400,2800,age_ordinal,regional_30,0.111046,0.94732
400,2800,hemisphere+age,random,0.261864,0.838088
400,2800,hemisphere+age,regional_0,0.165498,0.918187
400,2800,hemisphere+age,regional_30,0.162655,0.919409
400,2800,hemisphere+structure,random,0.321474,0.803535
400,2800,hemisphere+structure,regional_0,0.054955,0.977111
400,2800,hemisphere+structure,regional_30,0.165786,0.917689
400,2800,structure+age,random,0.281391,0.826928
400,2800,structure+age,regional_0,-0.062418,1.036013
400,2800,structure+age,regional_30,0.090563,0.958171
400,2800,location+age,random,0.589167,0.625251
400,2800,location+age,regional_0,0.182759,0.908642
400,2800,location+age,regional_30,0.238506,0.876779
400,2800,location+structure,random,0.611248,0.608216
400,2800,location+structure,regional_0,0.021754,0.994126
400,2800,location+structure,regional_30,0.166067,0.917534
400,2800,all,random,0.618314,0.602663
400,2800,all,regional_0,0.046517,0.981463
400,2800,all,regional_30,0.23353,0.879639
400,2900,mean,random,0.0,0.975487
400,2900,mean,regional_0,0.0,1.005119
400,2900,mean,regional_30,0.0,1.004747
400,2900,hemisphere,random,0.23042,0.855753
400,2900,hemisphere,regional_0,0.168099,0.916755
400,2900,hemisphere,regional_30,0.15831,0.921792
400,2900,location,random,0.573233,0.63726
400,2900,location,regional_0,0.16846,0.916556
400,2900,location,regional_30,0.173508,0.913432
400,2900,structure,random,0.251423,0.843994
400,2900,structure,regional_0,0.041047,0.984274
400,2900,structure,regional_30,0.124443,0.940154
400,2900,age,random,0.188021,0.87901
400,2900,age,regional_0,0.104861,0.950961
400,2900,age,regional_30,0.117729,0.943752
400,2900,age_ordinal,random,0.181271,0.882656
400,2900,age_ordinal,regional_0,0.097862,0.954672
400,2900,age_ordinal,regional_30,0.111046,0.94732
400,2900,hemisphere+age,random,0.261864,0.838088
400,2900,hemisphere+age,regional_0,0.165498,0.918187
400,2900,hemisphere+age,regional_30,0.162655,0.919409
400,2900,hemisphere+structure,random,0.317912,0.805641
400,2900,hemisphere+structure,regional_0,0.075581,0.966389
400,2900,hemisphere+structure,regional_30,0.158606,0.92163
400,2900,structure+age,random,0.266598,0.835396
400,2900,structure+age,regional_0,-0.054646,1.032217
400,2900,structure+age,regional_30,0.097168,0.954686
400,2900,location+age,random,0.589167,0.625251
400,2900,location+age,regional_0,0.182759,0.908642
400,2900,location+age,regional_30,0.238506,0.876779
400,2900,location+structure,random,0.615088,0.605204
400,2900,location+structure,regional_0,-0.012389,1.011326
400,2900,location+structure,regional_30,0.226657,0.883574
400,2900,all,random,0.621963,0.599775
400,2900,all,regional_0,0.01374,0.99819
400,2900,all,regional_30,0.274327,0.855908
400,2900,age,regional_0_target_shifted_60,-0.024811,1.017512
400,2900,structure,regional_0_target_shifted_60,0.216731,0.889555
400,2900,location,regional_0_target_shifted_60,0.167993,0.916813
400,2900,hemisphere,regional_0_target_shifted_60,0.075131,0.966624
400,2900,age,regional_0_target_shifted_120,-0.102327,1.055292
400,2900,structure,regional_0_target_shifted_120,-0.150072,1.077904
400,2900,location,regional_0_target_shifted_120,0.163838,0.9191
400,2900,hemisphere,regional_0_target_shifted_120,-0.095199,1.051875
400,2900,age,regional_0_target_shifted_180,-0.015253,1.012756
400,2900,structure,regional_0_target_shifted_180,-0.027075,1.018635
400,2900,location,regional_0_target_shifted_180,0.16846,0.916556
400,2900,hemisphere,regional_0_target_shifted_180,-0.047103,1.028519
