region,lat,lon,depth_km,cap_radius_km,rms_field_150km_nt,max_field_150km_nt,required_thin10_centered_a_m,required_thick20_centered_a_m,required_surface_to_depth_a_m,required_thick20_after_poisson_cancellation_chron_0.67_myr_a_m,required_thick20_after_poisson_cancellation_chron_100_myr_a_m,required_thick20_after_poisson_cancellation_chron_1000_myr_a_m,required_thick20_after_periodic_cancellation_chron_0.67_myr_a_m,required_thick20_after_periodic_cancellation_chron_100_myr_a_m,required_thick20_after_periodic_cancellation_chron_1000_myr_a_m,coherence_reference_depth_km
North,80.0,330.0,6.0,82.470989,37.437249,87.387774,4.807724,2.543086,7.663384,100.425502,7.928043,2.543086,6427.555582,38.055134,2.543086,20
North,70.0,15.0,14.0,106.496631,47.839478,114.501538,5.015478,2.50156,3.268682,98.785644,7.798585,2.50156,6322.599342,37.433727,2.50156,20
North,70.0,45.0,16.0,106.502802,37.165971,107.981595,3.99755,1.993885,2.249953,78.737771,6.215916,1.993885,5039.470945,29.836808,1.993885,20
North,70.0,75.0,22.0,94.665325,16.848648,41.560451,2.262375,1.128069,0.881957,44.547026,3.516744,1.128069,2851.15316,16.880603,1.128069,20
North,70.0,345.0,16.0,100.561845,21.508669,62.507593,2.472606,1.233037,1.386633,48.692174,3.84398,1.233037,3116.455984,18.451361,1.233037,20
North,60.0,30.0,8.0,106.1693,51.156453,114.501538,4.97812,2.548482,5.905717,100.638575,7.944864,2.548482,6441.192931,38.135875,2.548482,20
North,60.0,50.0,10.0,106.179985,25.433815,92.040976,2.54019,1.266909,2.379161,50.029764,3.949576,1.266909,3202.066056,18.958226,1.266909,20
North,60.0,70.0,14.0,100.280521,17.97227,41.560451,2.018656,1.006629,1.311207,39.751407,3.138156,1.006629,2544.218055,15.063356,1.006629,20
North,60.0,250.0,10.0,100.318666,4.983915,10.365046,0.530365,0.264462,0.495614,10.443508,0.824458,0.264462,668.418153,3.957452,0.264462,20
North,60.0,270.0,10.0,100.309668,4.761211,10.44608,0.506719,0.252671,0.473515,9.977872,0.787698,0.252671,638.615972,3.781004,0.252671,20
North,60.0,290.0,4.0,100.287304,5.931617,14.341447,0.590061,0.314863,1.416865,12.433829,0.981583,0.314863,795.805077,4.711662,0.314863,20
North,60.0,310.0,0.0,100.257363,7.435034,23.34341,0.739863,0.394803,6.961835,15.590635,1.230795,0.394803,997.850847,5.907899,0.394803,20
North,60.0,350.0,2.0,106.14098,9.402535,27.573421,0.87988,0.468545,4.175928,18.50265,1.460683,0.468545,1184.229196,7.011375,0.468545,20
North,50.0,7.826087,8.0,106.251454,24.921678,96.240545,2.423173,1.240499,2.874768,48.986835,3.867242,1.240499,3135.315215,18.56302,1.240499,20
North,50.0,23.478261,6.0,106.271425,29.707351,96.2805,2.813195,1.478411,4.509304,58.381888,4.60893,1.478411,3736.628886,22.123171,1.478411,20
North,50.0,39.130435,2.0,106.287207,26.182099,64.134015,2.446589,1.302766,11.612092,51.445719,4.061358,1.302766,3292.691687,19.494786,1.302766,20
North,50.0,54.782609,10.0,100.387186,33.046419,92.619928,3.513885,1.752172,3.28373,69.192619,5.462378,1.752172,4428.550481,26.219778,1.752172,20
North,50.0,70.434783,24.0,100.378644,31.991076,92.619928,4.092528,2.041039,1.44985,80.59987,6.362918,2.041039,5158.651257,30.54243,2.041039,20
North,50.0,86.086957,34.0,100.362062,12.139364,50.709422,1.764593,0.88015,0.413045,36.441629,2.892934,0.88015,2110.240945,15.631188,0.943559,30
North,50.0,101.73913,6.0,106.251617,6.174946,13.280441,0.584863,0.307363,0.937479,12.137649,0.958201,0.307363,776.848628,4.599428,0.307363,20
North,50.0,117.391304,4.0,106.243494,5.028299,8.742751,0.470071,0.250308,1.130309,9.884581,0.780333,0.250308,632.645002,3.745653,0.250308,20
North,50.0,148.695652,0.0,106.247402,8.85582,28.661538,0.827855,0.440825,7.80643,17.407993,1.374266,0.440825,1114.16761,6.596566,0.440825,20
North,50.0,180.0,2.0,100.337586,28.32684,68.490315,2.816307,1.502785,13.341882,59.344419,4.684917,1.502785,3798.233976,22.487912,1.502785,20
North,50.0,258.26087,22.0,100.460494,3.355123,6.795235,0.417793,0.208359,0.163649,8.228014,0.649557,0.208359,526.619384,3.117915,0.208359,20
North,50.0,273.913043,20.0,100.440816,3.799285,7.926654,0.461028,0.229915,0.201321,9.079249,0.716757,0.229915,581.1012,3.440481,0.229915,20
North,50.0,289.565217,16.0,100.403477,6.266105,14.688443,0.7217,0.359895,0.404689,14.21211,1.121968,0.359895,909.620788,5.385522,0.359895,20
North,50.0,305.217391,22.0,94.461409,10.625092,26.756672,1.430712,0.713379,0.557651,28.17108,2.223952,0.713379,1803.039853,10.675119,0.713379,20
North,50.0,320.869565,14.0,94.433563,13.29194,34.555318,1.606245,0.80081,1.040025,31.623671,2.496516,0.80081,2024.016762,11.98344,0.80081,20
North,50.0,336.521739,6.0,100.324511,17.356856,61.398357,1.749579,0.920948,2.800539,36.367866,2.871044,0.920948,2327.660526,13.781201,0.920948,20
North,50.0,352.173913,0.0,106.235466,12.790804,43.472317,1.195843,0.636777,11.2764,25.146083,1.985145,0.636777,1609.430295,9.52883,0.636777,20
North,40.0,6.428571,10.0,106.358439,42.22734,111.429764,4.209791,2.099629,3.943193,82.913528,6.545569,2.099629,5306.732846,31.419165,2.099629,20
South,40.0,19.285714,10.0,106.379434,28.724299,85.226981,2.863016,1.427927,2.681728,64.243812,4.793494,1.427927,3024.700006,40.79316,1.70635,20
South,40.0,45.0,16.0,100.500206,39.018438,91.581612,4.488788,2.238461,2.51721,100.710536,7.514426,2.238461,4741.610922,63.948587,2.674926,20
North,40.0,57.857143,30.0,94.592142,45.733394,94.194125,6.833402,3.40767,1.849533,141.090802,11.200552,3.40767,8170.205214,60.51916,3.653169,30
North,40.0,70.714286,38.0,94.580175,58.902467,139.772669,9.759705,4.867512,1.976342,201.533935,15.998855,4.867512,11670.311528,86.445497,5.218182,30
North,40.0,83.571429,36.0,100.465556,57.662931,139.772669,8.583007,4.281178,1.873054,177.25744,14.071656,4.281178,10264.522157,76.032394,4.589608,30
North,40.0,96.428571,32.0,106.350699,15.381631,61.60881,2.025763,1.010553,0.513947,41.840842,3.321553,1.010553,2422.895505,17.947114,1.083357,30
North,40.0,135.0,12.0,106.3521,4.629303,8.983602,0.473675,0.236249,0.364891,9.329379,0.736503,0.236249,597.110321,3.535265,0.236249,20
North,40.0,147.857143,8.0,106.362,5.522995,9.035581,0.536416,0.274605,0.636406,10.844029,0.856077,0.274605,694.052787,4.109225,0.274605,20
North,40.0,250.714286,30.0,100.592933,2.697242,4.988854,0.371638,0.185359,0.101241,7.674585,0.60925,0.185359,444.415459,3.291919,0.198713,30
North,40.0,263.571429,32.0,100.59335,2.542871,4.988854,0.359356,0.179238,0.090577,7.421131,0.58913,0.179238,429.738594,3.183203,0.19215,30
North,40.0,276.428571,18.0,106.473971,4.599986,15.897375,0.507731,0.253249,0.250713,10.000694,0.7895,0.253249,640.0766,3.789652,0.253249,20
North,40.0,289.285714,26.0,100.51563,9.864836,39.041972,1.292745,0.64474,0.417211,26.694746,2.119174,0.64474,1545.824058,11.450382,0.691189,30
North,40.0,302.142857,10.0,106.386086,16.037159,50.342493,1.598352,0.797177,1.497148,31.480215,2.485191,0.797177,2014.835158,11.929079,0.797177,20
North,40.0,315.0,12.0,100.438667,12.778717,26.756672,1.394916,0.695581,1.071616,27.468228,2.168466,0.695581,1758.055079,10.408781,0.695581,20
North,40.0,340.714286,0.0,106.328958,60.562789,214.369544,5.656988,3.012202,53.345256,118.950717,9.390507,3.012202,7613.228999,45.075059,3.012202,20
South,30.0,5.806452,2.0,112.377714,61.052499,117.762538,5.395151,2.866721,25.654984,128.976536,9.623468,2.866721,6072.418829,81.896767,3.425686,20
South,30.0,40.645161,2.0,112.441239,48.572972,107.197992,4.290008,2.279451,20.400211,102.55471,7.652027,2.279451,4828.437541,65.11959,2.723908,20
South,30.0,52.258065,14.0,106.536797,62.384455,171.789081,6.537635,3.260768,4.260792,146.705087,10.946267,3.260768,6907.106954,93.153938,3.896566,20
South,30.0,63.870968,42.0,94.692326,50.581555,171.789081,8.801539,4.3899,1.570638,252.912968,19.97534,5.600324,17940.667824,122.134311,8.846435,40
North,30.0,75.483871,46.0,94.664981,61.086607,139.772669,11.178798,5.5759,1.774125,230.863955,18.327231,5.5759,13368.73749,99.026248,5.977605,30
North,30.0,87.096774,44.0,100.548925,49.601115,128.966097,8.140085,4.06065,1.380321,168.126735,13.346811,4.06065,9735.786517,72.11589,4.353192,30
North,30.0,98.709677,22.0,112.353702,14.664159,62.29142,1.602,0.799221,0.633595,31.560919,2.491562,0.799221,2020.00044,11.959661,0.799221,20
North,30.0,133.548387,26.0,106.452769,4.631512,7.714699,0.565619,0.282144,0.183574,11.681848,0.927368,0.282144,676.465773,5.010785,0.30247,30
North,30.0,145.16129,16.0,106.463427,4.810075,8.474524,0.517584,0.258159,0.291306,10.194583,0.804807,0.258159,652.486176,3.863125,0.258159,20
North,30.0,156.774194,12.0,106.462463,7.053902,18.083666,0.720944,0.359577,0.555401,14.199568,1.120978,0.359577,908.818069,5.380769,0.359577,20
North,30.0,168.387097,20.0,100.528242,8.364487,23.907011,1.013918,0.505643,0.442784,19.967642,1.576336,0.505643,1277.993398,7.566517,0.505643,20
North,30.0,180.0,8.0,106.421171,15.841474,75.397309,1.537679,0.787171,1.824344,31.085073,2.453996,0.787171,1989.54479,11.779345,0.787171,20
North,30.0,191.612903,6.0,112.325792,29.40467,75.586772,2.632793,1.381338,4.226003,54.548492,4.306305,1.381338,3491.279198,20.670548,1.381338,20
North,30.0,238.064516,8.0,112.541437,4.311972,11.870028,0.395213,0.202173,0.469773,7.983744,0.630273,0.202173,510.985302,3.025351,0.202173,20
North,30.0,249.677419,24.0,106.634365,3.057796,5.25503,0.363467,0.181303,0.129478,7.159582,0.56521,0.181303,458.236299,2.713044,0.181303,20
North,30.0,261.290323,36.0,100.708546,2.927471,5.488661,0.43436,0.216659,0.094819,8.970526,0.712129,0.216659,519.460087,3.847797,0.232268,30
North,30.0,272.903226,26.0,106.592029,3.228341,6.371214,0.393643,0.196359,0.127775,8.13002,0.645405,0.196359,470.788509,3.487272,0.210505,30
North,30.0,284.516129,18.0,106.550112,8.630665,39.041972,0.951848,0.474769,0.470038,18.74845,1.480087,0.474769,1199.961194,7.104518,0.474769,20
North,30.0,296.129032,8.0,106.507132,20.716911,66.995534,2.009198,1.028541,2.38383,40.616693,3.206465,1.028541,2599.599141,15.391247,1.028541,20
North,30.0,307.741935,16.0,106.462979,21.508882,66.995534,2.314456,1.154395,1.302621,45.586633,3.598815,1.154395,2917.691361,17.274551,1.154395,20
North,30.0,319.354839,8.0,106.428166,26.520743,75.53291,2.5741,1.317736,3.053989,52.036887,4.108027,1.317736,3330.528367,19.718803,1.317736,20
North,30.0,330.967742,10.0,106.419541,66.301273,214.369544,6.60571,3.294598,6.18753,130.102405,10.270872,3.294598,8326.97297,49.300868,3.294598,20
North,30.0,342.580645,12.0,106.430166,84.026704,214.369544,8.5908,4.284734,6.618079,169.202492,13.35761,4.284734,10829.504413,64.117413,4.284734,20
South,30.0,354.193548,0.0,112.359067,61.018128,149.365962,5.392977,2.865584,50.963164,128.925406,9.619653,2.865584,6070.011527,81.8643,3.424328,20
South,20.0,47.647059,4.0,118.476486,73.570712,171.789081,6.189922,3.282134,14.925406,147.666375,11.017993,3.282134,6952.365901,93.764331,3.922098,20
South,20.0,68.823529,44.0,100.689053,40.362222,88.645303,6.611318,3.298041,1.121318,190.008282,15.00706,4.207408,13478.452669,91.756982,6.646143,40
South,20.0,79.411765,46.0,100.654375,26.197175,91.801983,4.39872,2.194342,0.704508,126.421479,9.984905,2.799387,8967.850814,61.050251,4.421993,40
South,20.0,90.0,38.0,106.542236,18.393772,57.765186,2.600355,1.297274,0.534892,74.739129,5.902977,1.65497,5301.704759,36.092305,2.614238,40
North,20.0,100.588235,0.0,124.279349,31.728175,86.259392,2.562081,1.355856,24.309544,53.542238,4.226866,1.355856,3426.875678,20.289239,1.355856,20
North,20.0,132.352941,4.0,118.372914,12.307505,55.92261,1.036309,0.54951,2.498736,21.699952,1.713092,0.54951,1388.866795,8.222957,0.54951,20
North,20.0,142.941176,18.0,112.458834,4.971481,14.572189,0.516554,0.257697,0.256097,10.176347,0.803367,0.257697,651.318978,3.856214,0.257697,20
North,20.0,153.529412,16.0,112.459987,7.049879,18.083666,0.714611,0.356498,0.403651,14.077974,1.111379,0.356498,901.035652,5.334692,0.356498,20
North,20.0,164.117647,8.0,112.444219,9.159304,18.083666,0.840212,0.42982,0.998695,16.973424,1.339959,0.42982,1086.353789,6.431891,0.42982,20
North,20.0,195.882353,14.0,112.407356,55.308718,141.058917,5.47152,2.729538,3.577087,107.788428,8.509306,2.729538,6898.806532,40.845233,2.729538,20
North,20.0,206.470588,2.0,118.363756,63.345368,139.575682,5.334139,2.828473,25.410967,111.695327,8.817734,2.828473,7148.860657,42.325709,2.828473,20
North,20.0,217.058824,4.0,118.418723,27.792575,112.142455,2.339366,1.240446,5.640706,48.984723,3.867076,1.240446,3135.180059,18.562219,1.240446,20
North,20.0,238.235294,12.0,112.642081,4.469101,16.016154,0.430301,0.21466,0.332433,8.476854,0.669201,0.21466,542.545948,3.21221,0.21466,20
North,20.0,248.823529,28.0,106.736648,3.210743,5.994658,0.400705,0.199886,0.11925,8.276069,0.656999,0.199886,479.245847,3.549918,0.214287,30
North,20.0,259.411765,30.0,106.720775,2.880134,5.044802,0.368513,0.183831,0.101052,7.61132,0.604228,0.183831,440.751961,3.264782,0.197075,30
North,20.0,270.0,40.0,100.75815,3.338973,6.61773,0.520272,0.259525,0.099605,10.745331,0.853023,0.259525,622.23449,4.609077,0.278222,30
North,20.0,280.588235,22.0,106.642976,3.857211,7.831438,0.447065,0.222999,0.176002,8.806139,0.695196,0.222999,563.62123,3.336989,0.222999,20
North,20.0,291.176471,18.0,106.604117,7.434817,22.957763,0.819489,0.408751,0.404692,16.14142,1.274277,0.408751,1033.102848,6.116613,0.408751,20
North,20.0,301.764706,10.0,112.485846,33.215026,132.819025,3.123384,1.558108,2.932459,61.529072,4.857383,1.558108,3938.05877,23.315762,1.558108,20
North,20.0,312.352941,32.0,106.530051,46.766191,131.933014,6.146316,3.066109,1.559669,126.948826,10.077885,3.066109,7351.27982,54.453134,3.287,30
North,20.0,322.941176,28.0,106.505005,46.752762,96.153754,5.850129,2.918237,1.740587,120.826379,9.591852,2.918237,6996.744632,51.826986,3.128476,30
North,20.0,333.529412,26.0,106.500969,61.302742,172.170225,7.482495,3.732442,2.428585,154.537645,12.268035,3.732442,8948.877311,66.287018,4.001339,30
South,20.0,344.117647,12.0,112.431961,97.20301,216.573691,9.376938,4.677753,7.24355,210.456641,15.703032,4.677753,9908.630721,133.634527,5.589841,20
South,20.0,354.705882,4.0,118.369397,73.132148,201.314897,6.157994,3.265323,14.848065,146.910058,10.961561,3.265323,6916.757333,93.28409,3.90201,20
South,10.0,5.142857,4.0,118.452423,73.715352,187.17048,6.203216,3.28921,14.957381,147.984726,11.041747,3.28921,6967.354402,93.966476,3.930554,20
South,10.0,36.0,52.0,106.673572,148.078494,406.166726,24.671323,12.309894,3.399103,709.203347,56.013648,15.704093,50308.142668,342.481696,24.80664,40
South,10.0,56.571429,44.0,106.702437,66.021442,148.0991,10.009694,4.993991,1.7128,287.71613,22.724131,6.370981,20409.469568,138.941121,10.063786,40
South,10.0,66.857143,50.0,106.686398,54.474167,122.410378,8.865503,4.423404,1.286094,254.843195,20.127791,5.643066,18077.590647,123.066438,8.91395,40
South,10.0,77.142857,6.0,124.432697,41.854694,122.410378,3.416321,1.78669,5.498469,80.384907,5.997847,1.78669,3784.648269,51.042338,2.135066,20
South,10.0,87.428571,40.0,106.630025,14.748079,67.044889,2.133558,1.06442,0.41175,61.323865,4.843425,1.357912,4350.077842,29.613934,2.144997,40
South,10.0,97.714286,36.0,106.609094,37.549066,86.259392,5.177208,2.582775,1.138535,148.80002,11.752387,3.294922,10555.29793,71.857082,5.204753,40
South,10.0,108.0,22.0,112.528835,58.245212,118.569879,6.352155,3.169037,2.512646,142.578057,10.638333,3.169037,6712.799893,90.533381,3.78695,20
North,10.0,138.857143,6.0,118.442187,26.463224,69.801071,2.254437,1.180895,3.623673,46.633104,3.681428,1.180895,2984.668841,17.671099,1.180895,20
North,10.0,149.142857,12.0,118.434587,34.68583,136.715749,3.178303,1.585816,2.461819,62.623276,4.943765,1.585816,4008.091374,23.730398,1.585816,20
North,10.0,159.428571,2.0,118.417385,33.995602,136.715749,2.861518,1.517317,13.632023,59.91826,4.730218,1.517317,3834.961636,22.705362,1.517317,20
North,10.0,200.571429,10.0,118.394688,67.163893,141.058917,6.009153,2.998245,5.654366,118.399544,9.346995,2.998245,7577.952161,44.866198,2.998245,20
North,10.0,210.857143,48.0,106.608782,51.248947,139.575682,8.155347,4.068986,1.247566,168.471842,13.374207,4.068986,9755.770814,72.26392,4.362128,30
North,10.0,221.142857,44.0,106.668362,15.166304,46.015169,2.300362,1.147685,0.393605,47.518643,3.772287,1.147685,2751.682353,20.382536,1.230368,30
North,10.0,252.0,32.0,106.813717,2.949169,5.468893,0.386331,0.192724,0.098066,7.979519,0.633457,0.192724,462.073414,3.422716,0.206608,30
North,10.0,262.285714,32.0,106.787583,2.507538,4.788671,0.328578,0.163913,0.083403,6.786645,0.538761,0.163913,392.997118,2.911048,0.175722,30
North,10.0,272.571429,42.0,100.817291,3.798281,7.752045,0.606089,0.30234,0.109103,12.518054,0.993751,0.30234,724.888313,5.369465,0.324122,30
North,10.0,282.857143,30.0,106.695174,5.046676,10.442643,0.64591,0.322209,0.177114,13.340724,1.059059,0.322209,772.527016,5.722339,0.345422,30
North,10.0,293.142857,22.0,112.589351,19.234427,90.442645,2.096445,1.045901,0.829306,41.302218,3.260584,1.045901,2643.474961,15.651019,1.045901,20
North,10.0,303.428571,50.0,106.633147,71.886785,189.661926,11.707153,5.841226,1.698178,241.849501,19.199323,5.841226,14004.88221,103.738363,6.262046,30
North,10.0,313.714286,54.0,106.592717,90.108253,179.564251,15.380592,7.674375,2.015393,317.748991,25.224636,7.674375,18400.026346,136.294513,8.227261,30
South,10.0,324.0,54.0,106.566365,84.977682,254.317345,14.509718,7.239836,1.901192,417.104785,32.943387,9.236071,29587.800322,201.424253,14.589565,40
South,10.0,334.285714,50.0,106.559088,79.740164,216.573691,12.998174,6.485365,1.88522,373.637864,29.510323,8.27357,26504.425053,180.433623,13.069171,40
South,10.0,344.571429,32.0,112.492708,108.791767,230.469228,13.392168,6.681745,3.421201,318.535852,25.626245,6.926439,22565.353321,146.199508,9.852537,30
South,10.0,354.857143,16.0,118.433545,89.396797,201.314897,8.595213,4.288657,4.872218,192.950827,14.396852,4.288657,9084.42936,122.518788,5.124877,20
South,0.0,15.0,30.0,112.592539,70.461087,187.747052,8.460023,4.220897,2.334389,201.220946,16.188247,4.375472,14254.664636,92.355078,6.223905,30
South,0.0,25.0,70.0,100.762405,158.920078,406.166726,35.272463,17.60087,3.198479,1014.029544,80.08915,22.453947,71931.334154,489.685447,35.468905,40
South,0.0,35.0,56.0,106.711761,245.126586,600.277132,42.750964,21.331707,5.337216,1228.972225,97.065556,27.213484,87178.536673,593.483511,42.987208,40
South,0.0,45.0,60.0,106.724662,202.166186,600.277132,36.900482,18.413197,4.196494,1060.82966,83.785474,23.490255,75251.15337,512.285712,37.105888,40
South,0.0,55.0,52.0,106.731407,117.600848,260.731572,19.579173,9.769149,2.69779,562.824741,44.452507,12.46279,39924.610421,271.79394,19.686584,40
South,0.0,65.0,42.0,112.651693,97.575826,270.704109,13.490014,6.731142,2.469328,387.797711,30.628683,8.587116,27508.869822,187.271561,13.564457,40
South,0.0,75.0,12.0,118.557315,78.221938,248.27197,7.160495,3.572746,5.546608,160.741318,11.993568,3.572746,7567.95485,102.066582,4.269376,20
South,0.0,85.0,10.0,118.536503,53.946982,153.747637,4.821228,2.405545,4.536816,108.227777,8.075318,2.405545,5095.534473,68.72184,2.874588,20
South,0.0,95.0,40.0,106.672219,52.75142,188.478926,7.627516,3.805329,1.472099,219.234373,17.315368,4.85457,15551.638569,105.870566,7.668419,40
South,0.0,105.0,48.0,106.672354,69.485777,226.910749,11.048682,5.512578,1.690343,317.593215,25.083856,7.032558,22528.834415,153.369077,11.108832,40
South,0.0,115.0,50.0,106.668215,65.162606,185.296896,10.607427,5.292527,1.538745,304.915523,24.082558,6.751832,21629.527977,147.246888,10.665389,40
North,0.0,125.0,38.0,112.579554,58.670141,179.255111,7.746819,3.865312,1.606059,160.038975,12.704761,3.865312,9267.445171,68.646746,4.143781,30
North,0.0,135.0,32.0,112.566767,43.351335,123.212577,5.332405,2.660498,1.362344,110.154967,8.744698,2.660498,6378.79064,47.249615,2.852168,30
North,0.0,145.0,14.0,118.472647,46.036757,136.715749,4.319927,2.155449,2.833151,85.117871,6.71959,2.155449,5447.817903,32.254476,2.155449,20
North,0.0,185.0,24.0,118.427934,105.561889,238.22045,11.162095,5.569647,4.017121,219.943247,17.363314,5.569647,14077.076177,83.345062,5.569647,20
North,0.0,195.0,28.0,118.433877,107.397839,398.247364,11.901347,5.938655,3.58324,245.883432,19.519559,5.938655,14238.476756,105.468667,6.366494,30
North,0.0,205.0,48.0,112.531078,87.990098,260.513186,13.054428,6.514113,2.015625,269.709617,21.41101,6.514113,15618.189828,115.688616,6.983409,30
North,0.0,215.0,34.0,112.583291,117.160614,340.748734,14.755695,7.362184,3.504455,304.823058,24.198505,7.362184,17651.518816,130.750093,7.892578,30
North,0.0,235.0,0.0,118.681311,44.064983,147.007192,3.701735,1.962665,35.057019,77.504882,6.118586,1.962665,4960.562044,29.369618,1.962665,20
North,0.0,245.0,0.0,118.735914,6.361921,29.416903,0.534223,0.28324,5.059411,11.18505,0.882998,0.28324,715.879243,4.238451,0.28324,20
North,0.0,255.0,36.0,106.869125,3.896805,7.865528,0.535644,0.267221,0.117833,11.063977,0.878318,0.267221,640.686418,4.745756,0.286472,30
North,0.0,265.0,32.0,106.830111,3.559343,7.528002,0.466174,0.232554,0.118335,9.628642,0.764374,0.232554,557.56989,4.130087,0.249308,30
North,0.0,275.0,30.0,106.770377,4.587814,9.759551,0.586678,0.292662,0.160885,12.117355,0.961941,0.292662,701.684822,5.19759,0.313747,30
South,0.0,285.0,38.0,106.727782,15.117701,66.888523,2.132498,1.063872,0.43876,61.292317,4.840933,1.357213,4347.839921,29.598699,2.143894,40
South,0.0,295.0,56.0,106.699489,68.195743,215.284519,11.895451,5.935544,1.485047,341.961314,27.008475,7.572147,24257.41313,165.136687,11.961183,40
South,0.0,305.0,58.0,106.663145,144.002467,355.337666,25.712576,12.830205,3.061574,739.179729,58.381215,16.367869,52434.551254,356.957604,25.85516,40
South,0.0,315.0,72.0,100.70146,167.849837,355.337666,38.135852,19.030089,3.321287,1096.370368,86.592518,24.277244,77772.273771,529.448691,38.349037,40
South,0.0,325.0,66.0,106.598099,122.561488,279.382263,23.974507,11.963869,2.390127,689.267967,54.43913,15.262658,48894.003891,332.854693,24.109337,40
South,0.0,335.0,68.0,100.667856,96.067265,230.469228,20.874188,10.415923,1.971929,600.087013,47.395521,13.287899,42567.851922,289.78828,20.98995,40
South,-10.0,5.142857,42.0,106.644421,63.050849,126.401247,9.340888,4.660213,1.695424,268.48635,21.205342,5.94517,19045.383341,129.65486,9.391163,40
South,-10.0,15.428571,30.0,112.598292,67.050485,186.307433,8.050049,4.016352,2.221278,191.469765,15.403764,4.163436,13563.882556,87.879544,5.922294,30
South,-10.0,25.714286,60.0,106.694664,129.373091,438.494809,23.623074,11.787815,2.686376,679.125109,53.638036,15.038062,48174.508741,327.956601,23.754558,40
South,-10.0,36.0,58.0,106.710991,211.287193,600.277132,37.703453,18.813496,4.489707,1083.8919,85.606955,24.000929,76887.099533,523.422708,37.912563,40
South,-10.0,46.285714,60.0,106.714698,154.644183,519.962674,28.230152,14.086733,3.210404,811.571427,64.098789,17.970859,57569.738327,391.91631,28.387289,40
South,-10.0,56.571429,52.0,106.70795,99.284888,270.704109,16.534665,8.250069,2.278202,475.306804,37.540245,10.524855,33716.426443,229.530615,16.625366,40
South,-10.0,66.857143,16.0,118.554691,119.878434,281.474109,11.514308,5.745185,6.527378,258.481443,19.286359,5.745185,12169.714161,164.129035,6.865406,20
South,-10.0,77.142857,8.0,118.545913,93.700173,281.474109,8.17268,4.177866,9.73209,187.966237,14.024931,4.177866,8849.747011,119.353702,4.992484,20
South,-10.0,87.428571,6.0,118.541093,93.543,205.726997,7.963058,4.171016,12.799718,187.658052,14.001936,4.171016,8835.237143,119.158012,4.984298,20
South,-10.0,97.714286,44.0,106.688625,105.816313,226.910749,16.04581,8.0055,2.745609,461.216593,36.427385,10.212851,32716.921412,222.726305,16.132516,40
South,-10.0,108.0,66.0,100.767939,138.104571,270.443382,29.290434,14.615211,2.886374,842.01836,66.503521,18.645054,59729.526,406.619452,29.452267,40
South,-10.0,118.285714,46.0,106.68561,155.416364,273.153635,24.132883,12.040508,3.900879,693.683327,54.78786,15.360429,49207.212436,334.986917,24.263778,40
South,-10.0,128.571429,50.0,106.672936,101.746346,267.499058,16.561694,8.263382,2.402508,476.07382,37.600825,10.541839,33770.835623,229.901015,16.652194,40
South,-10.0,138.857143,22.0,118.506732,75.502305,199.314905,7.791885,3.887951,3.096817,174.922674,13.051697,3.887951,8235.635476,111.071376,4.64604,20
South,-10.0,149.142857,20.0,118.477271,102.389954,240.765735,10.321762,5.150238,4.567789,231.714186,17.289145,5.150238,10909.469471,147.132519,6.154453,20
South,-10.0,159.428571,22.0,118.458616,130.266359,240.765735,13.449213,6.710804,5.345071,301.925561,22.527903,6.710804,14215.131767,191.714927,8.019305,20
North,-10.0,180.0,20.0,118.445984,125.306625,331.059466,12.635352,6.304642,5.591517,248.967893,19.654651,6.304642,15934.746995,94.34363,6.304642,20
South,-10.0,210.857143,30.0,118.499138,145.956054,340.748734,16.545811,8.256309,4.593867,393.599342,31.665111,8.558666,27882.915406,180.65166,12.174304,30
South,-10.0,241.714286,14.0,118.71358,30.627135,109.285691,2.868291,1.431159,1.881354,64.389219,4.804343,1.431159,3031.546043,40.88549,1.710212,20
South,-10.0,252.0,42.0,106.86728,17.729923,69.354488,2.619593,1.306934,0.475621,75.295694,5.946935,1.667294,5341.185329,36.361076,2.633706,40
South,-10.0,262.285714,58.0,100.901644,9.982766,36.611738,1.926759,0.961321,0.227029,55.38408,4.374295,1.226386,3928.732435,26.74555,1.937234,40
South,-10.0,272.571429,44.0,100.851046,4.739711,13.570745,0.774665,0.386442,0.131419,22.263849,1.758423,0.492995,1579.31132,10.751445,0.778749,40
South,-10.0,282.857143,36.0,106.744514,9.429702,46.365743,1.298081,0.647581,0.285513,37.308736,2.946684,0.826138,2646.537428,18.016778,1.304992,40
South,-10.0,293.142857,20.0,124.497667,44.127508,144.277712,4.23644,2.114194,1.882862,95.119633,7.097265,2.114194,4478.382376,60.398508,2.526428,20
South,-20.0,15.882353,36.0,106.644047,40.196999,93.352904,5.540018,2.763773,1.218374,159.227799,12.575984,3.525827,11295.004228,76.892765,5.569498,40
South,-20.0,26.470588,58.0,106.661672,56.847617,183.963997,10.150704,5.065055,1.208632,291.8103,23.047493,6.461639,20699.894094,140.918238,10.206992,40
South,-20.0,37.058824,60.0,106.662232,65.952575,183.963997,12.047777,6.011787,1.36997,346.353885,27.355404,7.669413,24569.005067,167.257905,12.114828,40
South,-20.0,47.647059,50.0,106.637407,54.168537,152.204247,8.82117,4.401279,1.279561,253.568561,20.027119,5.614841,17987.173073,122.450904,8.869366,40
South,-20.0,58.235294,16.0,118.457226,47.842415,195.026157,4.598986,2.294706,2.606983,103.241046,7.703237,2.294706,4860.75131,65.555395,2.742138,20
South,-20.0,68.823529,0.0,118.443713,94.265929,281.474109,7.933087,4.206474,75.123687,189.253315,14.120965,4.206474,8910.344675,120.170963,5.02667,20
South,-20.0,79.411765,0.0,118.451631,88.025294,271.021082,7.407456,3.92775,70.146318,176.713261,13.1853,3.92775,8319.939153,112.208353,4.693599,20
South,-20.0,90.0,4.0,118.471767,93.99185,205.726997,7.90835,4.193317,19.068932,188.661372,14.076798,4.193317,8882.475041,119.795094,5.010947,20
South,-20.0,100.588235,56.0,100.720265,109.440495,249.413122,20.686596,10.320927,2.555352,594.614057,46.963261,13.16671,42179.621576,287.145333,20.798516,40
South,-20.0,111.176471,64.0,100.729044,137.893569,273.153635,28.599964,14.270356,2.941975,822.150398,64.934328,18.205112,58320.169593,397.025006,28.757322,40
South,-20.0,121.764706,48.0,106.658111,128.618791,273.153635,20.454826,10.205633,3.129324,587.971665,46.438638,13.019625,41708.435942,283.937652,20.566177,40
South,-20.0,132.352941,20.0,118.499855,90.772912,199.314905,9.148892,4.565015,4.048813,205.384444,15.324575,4.565015,9669.823658,130.413813,5.455121,20
South,-20.0,142.941176,24.0,118.481603,94.677846,255.977028,10.006461,4.993018,3.601386,224.640712,16.761364,4.993018,10576.439123,142.641045,5.966578,20
South,-20.0,153.529412,22.0,118.459619,210.504268,529.468249,21.733101,10.844247,8.637312,487.893155,36.403707,10.844247,22970.779491,309.799542,12.958704,20
South,-20.0,174.705882,28.0,118.439756,151.190971,292.0759,16.753409,8.359787,5.04412,398.53242,32.061977,8.665934,28232.37883,182.915811,12.326887,30
South,-20.0,217.058824,16.0,118.504596,134.129266,345.738675,12.888467,6.430827,7.306165,289.329139,21.588032,6.430827,13622.072374,183.716525,7.684737,20
South,-20.0,227.647059,14.0,118.569021,149.988371,345.738675,14.063287,7.016969,9.223626,315.7002,23.555685,7.016969,14863.663515,200.461466,8.385167,20
South,-20.0,238.235294,12.0,118.630128,102.547511,332.408688,9.381791,4.681078,7.267486,210.60621,15.714192,4.681078,9915.67267,133.7295,5.593814,20
South,-20.0,248.823529,30.0,112.7348,61.55796,195.791927,7.380287,3.682206,2.036762,175.540168,14.122226,3.817053,12435.416209,80.568281,5.42958,30
South,-20.0,259.411765,42.0,106.78834,57.618497,195.791927,8.521243,4.251302,1.546969,244.927987,19.344677,5.423511,17374.244154,118.278281,8.567135,40
South,-20.0,270.0,50.0,100.828998,20.039379,60.009833,3.522336,1.75724,0.506132,101.238928,7.99596,2.241763,7181.49803,48.889335,3.541153,40
South,-20.0,280.588235,38.0,100.790731,9.932136,37.832598,1.509157,0.752787,0.308105,43.369924,3.425403,0.960353,3076.494647,20.943789,1.517001,40
South,-20.0,291.176471,54.0,100.7574,30.274893,110.288959,5.586309,2.787051,0.724676,160.568868,12.681903,3.555523,11390.134519,77.540382,5.616406,40
South,-20.0,322.941176,62.0,106.582792,55.330526,134.524924,10.349752,5.164576,1.125067,297.543933,23.500342,6.588601,21106.615854,143.68707,10.407544,40
South,-20.0,333.529412,52.0,100.652737,22.829954,58.130949,4.119816,2.055354,0.561913,118.414017,9.352467,2.622076,8399.832427,57.183365,4.141906,40
South,-20.0,344.117647,32.0,106.580988,33.380419,86.047219,4.384486,2.187217,1.112657,104.270218,8.388551,2.267316,7386.591772,47.857265,3.225151,30
South,-30.0,5.806452,42.0,100.649436,41.011483,80.457076,6.558934,3.271828,1.1804,188.498094,14.887783,4.173967,13371.325799,91.027697,6.59332,40
South,-30.0,17.419355,26.0,106.586162,35.469101,78.564684,4.325158,2.157494,1.403924,102.853264,8.274556,2.236505,7286.213554,47.20692,3.181324,30
South,-30.0,29.032258,0.0,118.427838,17.35836,84.972311,1.460993,0.774687,13.835042,34.853931,2.600595,0.774687,1640.978064,22.131345,0.925739,20
South,-30.0,98.709677,46.0,100.620188,90.234999,196.063326,15.158265,7.561836,2.427652,435.656009,34.408583,9.646856,30903.75241,210.382833,15.238453,40
South,-30.0,110.322581,54.0,100.649688,90.535112,196.063326,16.730736,8.34707,2.169969,480.895286,37.98163,10.648602,34112.851728,232.229351,16.820841,40
South,-30.0,121.935484,46.0,106.587725,71.533201,185.711924,11.121003,5.548539,1.79735,319.665,25.247488,7.078434,22675.798842,154.369564,11.181299,40
South,-30.0,133.548387,10.0,118.429744,130.348217,318.14879,11.659019,5.817231,10.970801,261.72285,19.528214,5.817231,12322.324702,166.187244,6.951499,20
South,-30.0,145.16129,20.0,118.422265,135.089824,374.691008,13.624624,6.798253,6.029197,305.859977,22.821466,6.798253,14400.370284,194.213179,8.123805,20
South,-30.0,203.225806,16.0,118.413312,210.932419,586.637451,20.28389,10.120819,11.497839,455.34545,33.975189,10.120819,21438.382222,289.132591,12.094219,20
South,-30.0,226.451613,10.0,118.468046,165.320672,345.738675,14.782658,7.37577,13.910253,331.843012,24.760166,7.37577,15623.692553,210.711735,8.813928,20
South,-30.0,238.064516,4.0,118.513165,130.333104,332.408688,10.962638,5.812737,26.433797,261.520679,19.513129,5.812737,12312.806162,166.058871,6.946129,20
South,-30.0,261.290323,18.0,112.613442,67.102085,195.791927,6.961899,3.473145,3.451926,156.260167,11.659211,3.473145,7356.975185,99.221167,4.150354,20
South,-30.0,272.903226,28.0,100.744574,35.602967,121.146031,4.772953,2.380523,1.411847,113.485601,9.129929,2.467701,8039.417413,52.086881,3.510189,30
South,-30.0,284.516129,44.0,94.791373,64.073151,300.843109,11.415187,5.693668,1.919317,328.026267,25.907869,7.26358,23268.914763,158.407307,11.473761,40
South,-30.0,296.129032,56.0,94.758559,104.419791,303.507815,21.561203,10.756037,2.635447,619.681808,48.94314,13.721792,43957.830892,299.250811,21.67534,40
South,-30.0,307.741935,50.0,100.645084,105.862699,280.140045,18.654919,9.30662,2.679763,536.177304,42.347863,11.872728,38034.344308,258.925615,18.754505,40
South,-30.0,319.354839,48.0,106.532546,66.136339,175.795281,10.534391,5.255965,1.611307,302.809076,23.916188,6.705188,21480.104722,146.229662,10.59171,40
South,-30.0,330.967742,44.0,100.60858,39.295617,123.58767,6.443626,3.214383,1.092747,185.188521,14.62639,4.100683,13136.55749,89.429469,6.477557,40
South,-30.0,342.580645,22.0,106.534557,21.690209,42.006901,2.51696,1.255472,0.990797,56.484878,4.214568,1.255472,2659.397186,35.866438,1.500269,20
South,-30.0,354.193548,28.0,106.550426,28.84371,80.457076,3.607328,1.799456,1.073336,85.784679,6.901387,1.865355,6077.06035,39.372893,2.65338,30
South,-40.0,6.428571,20.0,106.498171,26.22199,78.275501,2.968035,1.480441,1.301972,66.606459,4.969781,1.480441,3135.937177,42.29338,1.769103,20
South,-40.0,19.285714,32.0,100.583357,23.781408,78.094126,3.361197,1.676479,0.847194,79.922024,6.429736,1.737874,5661.7448,36.682089,2.472044,30
South,-40.0,32.142857,18.0,106.471942,7.342592,17.686126,0.810468,0.404249,0.400201,18.187576,1.35705,0.404249,856.299752,11.54864,0.483072,20
South,-40.0,45.0,12.0,106.419781,9.736445,30.732585,0.99555,0.496539,0.766936,22.339757,1.666861,0.496539,1051.791017,14.185168,0.593356,20
South,-40.0,57.857143,8.0,106.36244,5.599619,19.004916,0.543855,0.278413,0.645233,12.526074,0.934622,0.278413,589.747314,7.953733,0.332699,20
South,-40.0,70.714286,8.0,106.333369,3.914295,7.225007,0.380281,0.194676,0.451164,8.758663,0.65352,0.194676,412.371671,5.561525,0.232635,20
South,-40.0,83.571429,26.0,100.45712,20.217816,93.219617,2.651405,1.322353,0.855647,63.039924,5.071569,1.370779,4465.802344,28.933653,1.949869,30
South,-40.0,109.285714,42.0,100.553232,96.569303,185.133315,15.464247,7.714096,2.782693,444.428113,35.101413,9.841099,31526.011514,214.618973,15.545285,40
South,-40.0,122.142857,16.0,112.414857,111.763928,250.577554,11.333753,5.654062,6.401744,254.381738,18.980463,5.654062,11976.693556,161.525828,6.756515,20
South,-40.0,135.0,0.0,118.332758,144.328632,318.14879,12.156362,6.446084,115.11235,290.015558,21.639249,6.446084,13654.390049,184.152383,7.702969,20
South,-40.0,147.857143,10.0,118.329984,226.109035,657.667658,20.240347,10.098826,19.044876,454.355962,33.90136,10.098826,21391.795563,288.504291,12.067938,20
South,-40.0,199.285714,18.0,118.329432,232.067596,671.556356,22.872608,11.412561,11.383839,513.462138,38.311513,11.412561,24174.607571,326.035185,13.63783,20
South,-40.0,212.142857,6.0,118.340832,233.870273,459.32984,19.93911,10.444576,32.048442,469.911571,35.062027,10.444576,22124.178172,298.381701,12.481103,20
South,-40.0,237.857143,18.0,112.464233,112.824998,262.331964,11.722304,5.847985,5.811705,263.106508,19.631454,5.847985,12387.469519,167.065832,6.98825,20
South,-40.0,250.714286,22.0,106.563657,56.30182,162.933753,6.531255,3.257823,2.571077,146.572622,10.936384,3.257823,6900.870294,93.069826,3.893047,20
South,-40.0,263.571429,18.0,106.565937,31.974296,92.326852,3.525747,1.758596,1.74109,79.12092,5.903536,1.758596,3725.137729,50.239739,2.101494,20
South,-40.0,276.428571,32.0,94.714494,41.006035,121.146031,6.277689,3.130649,1.571759,149.246046,12.006861,3.245298,10572.718082,68.499977,4.616285,30
South,-40.0,289.285714,52.0,88.770186,86.821425,303.507815,18.82081,9.387297,2.516569,540.825304,42.714967,11.97565,38364.055442,261.170182,18.917083,40
South,-40.0,302.142857,54.0,88.74045,96.968795,303.507815,21.559811,10.753753,2.739683,619.550248,48.932749,13.718879,43948.498517,299.187279,21.670738,40
South,-40.0,315.0,56.0,94.631012,48.635867,123.352418,10.062601,5.019824,1.229685,289.204426,22.841678,6.403937,20515.043481,139.659835,10.115844,40
South,-40.0,327.857143,38.0,100.53526,30.546032,92.540369,4.657074,2.322995,0.950457,133.833477,10.570313,2.963513,9493.629284,64.629583,4.681251,40
South,-40.0,340.714286,24.0,100.544772,15.845982,42.006901,2.02295,1.008897,0.716771,45.391261,3.386828,1.008897,2137.092166,28.822277,1.205616,20
South,-40.0,353.571429,14.0,106.481306,17.162916,42.28119,1.799643,0.897604,1.172852,40.384059,3.01322,0.897604,1901.345199,25.642833,1.072622,20
South,-50.0,7.826087,20.0,100.499575,16.557045,70.963091,2.007695,1.00124,0.876754,45.046767,3.361124,1.00124,2120.872885,28.603533,1.196466,20
South,-50.0,23.478261,30.0,94.578791,7.726185,27.268938,1.154653,0.5758,0.312515,27.449865,2.208345,0.596887,1944.571981,12.59876,0.849044,30
South,-50.0,39.130435,36.0,88.631405,5.497136,11.819694,0.973258,0.485309,0.209263,27.959838,2.208298,0.619123,1983.362758,13.502097,0.977984,40
South,-50.0,54.782609,22.0,94.489301,4.825796,11.746197,0.649563,0.323884,0.253187,14.571873,1.087267,0.323884,686.06678,9.252763,0.387037,20
South,-50.0,70.434783,22.0,94.463481,5.029279,12.682195,0.677194,0.337661,0.263951,15.191705,1.133515,0.337661,715.249428,9.64634,0.4035,20
South,-50.0,86.086957,38.0,88.590516,12.624779,55.567264,2.296096,1.14497,0.461329,65.964536,5.20995,1.460672,4679.269088,31.854963,2.307319,40
South,-50.0,101.73913,48.0,88.631675,44.030687,114.41112,9.099227,4.538148,1.353117,261.453896,20.649912,5.789449,18546.528214,126.258814,9.145181,40
South,-50.0,117.391304,18.0,106.401014,69.775748,202.066828,7.707629,3.844443,3.805769,172.96522,12.905644,3.844443,8143.475433,109.828443,4.594049,20
South,-50.0,164.347826,28.0,106.406771,493.724749,1199.500732,61.848249,30.851865,18.399871,1470.787215,118.324994,31.981701,104191.829317,675.052325,45.49248,30
South,-50.0,180.0,40.0,100.49523,522.837314,1199.500732,81.753657,40.780485,15.645913,2349.464281,185.56323,52.024861,166661.909699,1134.580816,82.179978,40
South,-50.0,195.652174,44.0,100.500279,390.257306,927.013549,64.087786,31.969913,10.866637,1841.86549,145.472529,40.784956,130654.814545,889.456064,64.425098,40
South,-50.0,211.304348,46.0,94.593283,334.446579,815.254676,61.269892,30.56091,9.72274,1760.689368,139.061151,38.98745,124896.494422,850.255267,61.585705,40
South,-50.0,226.956522,38.0,100.515664,196.175856,534.571138,29.916909,14.922845,6.105554,859.741884,67.903344,19.037511,60986.764254,415.178327,30.072204,40
South,-50.0,242.608696,30.0,100.527416,61.19053,194.75392,8.438164,4.208632,2.298545,200.636233,16.141207,4.362758,14213.243047,92.08671,6.205819,30
South,-50.0,258.26087,24.0,94.620593,21.409427,48.612558,2.954405,1.473171,1.041308,66.279392,4.945377,1.473171,3120.538337,42.085701,1.760416,20
South,-50.0,289.565217,30.0,94.59087,21.012856,86.494901,3.13976,1.565731,0.849808,74.642382,6.004988,1.62307,5287.730407,34.258874,2.308741,30
South,-50.0,305.217391,34.0,94.562817,12.680102,55.656599,1.996477,0.995657,0.464088,47.465499,3.818605,1.032119,3362.496725,21.785405,1.468141,30
South,-50.0,320.869565,34.0,94.552183,10.307345,22.789386,1.623138,0.80947,0.377299,38.589488,3.104529,0.839114,2733.712499,17.711552,1.1936,30
South,-50.0,336.521739,12.0,100.463373,11.797698,19.721936,1.287459,0.641998,0.989076,28.884106,2.155161,0.641998,1359.909285,18.340661,0.767177,20
South,-50.0,352.173913,14.0,100.485978,18.240611,70.963091,2.043849,1.019199,1.327719,45.854766,3.421412,1.019199,2158.914716,29.116591,1.217927,20
South,-60.0,10.0,28.0,88.607679,20.287712,78.500509,3.229799,1.610299,0.943667,76.767064,6.175919,1.66927,5438.244704,35.234046,2.374459,30
South,-60.0,30.0,28.0,88.596268,22.648453,78.500509,3.60628,1.798003,1.053653,85.71538,6.895812,1.863848,6072.151095,39.341086,2.651237,30
South,-60.0,50.0,34.0,82.659481,11.328279,67.882029,2.163645,1.078675,0.495867,51.423181,4.137001,1.118177,3642.86233,23.601876,1.590555,30
South,-60.0,70.0,24.0,88.549683,7.026109,13.396661,1.06027,0.528587,0.37169,23.78166,1.774447,0.528587,1119.678071,15.100739,0.631654,20
South,-60.0,90.0,30.0,82.663524,8.875565,24.142504,1.604859,0.800032,0.428845,38.139577,3.068333,0.82933,2701.840363,17.505054,1.179684,30
South,-60.0,110.0,18.0,88.597294,23.457556,76.849738,3.255411,1.622785,1.587949,73.010678,5.447626,1.622785,3437.457895,46.359893,1.939203,20
South,-60.0,130.0,4.0,100.4299,84.383153,334.297325,8.380953,4.471942,20.125145,201.197004,15.012133,4.471942,9472.672372,127.754897,5.3439,20
South,-60.0,150.0,24.0,100.427224,248.290805,677.199369,31.743946,15.83147,11.246335,712.273142,53.145617,15.83147,33534.943288,452.275033,18.918357,20
South,-60.0,170.0,42.0,94.517211,447.144001,996.945069,78.009932,38.908464,13.917443,2241.612567,177.044985,49.63667,159011.326247,1082.498098,78.407522,40
South,-60.0,190.0,50.0,88.612545,425.674216,996.945069,90.239973,45.00766,12.712301,2593.002268,204.798124,57.417593,183937.552597,1252.187851,90.698493,40
South,-60.0,210.0,64.0,70.891466,311.454896,815.254676,112.90817,56.308143,10.97732,3244.050939,256.218652,71.83395,230120.427437,1566.586048,113.470989,40
South,-60.0,230.0,46.0,82.709813,135.410502,318.535022,30.303766,15.111188,4.723208,870.592794,68.760361,19.277786,61756.485814,420.418344,30.451749,40
South,-60.0,250.0,44.0,76.801794,65.848943,217.336569,16.123615,8.038754,2.641143,463.132444,36.578701,10.255275,32852.824448,223.65149,16.199529,40
South,-60.0,270.0,60.0,53.169163,12.98727,43.177936,7.425471,3.701767,0.769213,213.267915,16.844131,4.722453,15128.401118,102.989302,7.459723,40
South,-60.0,290.0,10.0,94.505288,8.544435,19.491968,0.976077,0.486607,0.910044,21.8929,1.633519,0.486607,1030.752252,13.901425,0.581487,20
South,-60.0,310.0,24.0,88.58265,10.296627,24.771514,1.553007,0.774237,0.544441,34.83368,2.599084,0.774237,1640.024624,22.118487,0.925201,20
South,-60.0,330.0,16.0,94.487578,12.144852,24.771514,1.507307,0.751506,0.842145,33.810989,2.522776,0.751506,1591.874708,21.469104,0.898038,20
South,-60.0,350.0,18.0,94.504338,14.511426,70.963091,1.850312,0.922547,0.906229,41.5063,3.096955,0.922547,1954.182102,26.355428,1.10243,20
South,-70.0,15.0,34.0,76.750376,22.315686,78.500509,4.772814,2.379076,1.086314,113.416653,9.124382,2.466201,8034.533119,52.055236,3.508057,30
South,-70.0,45.0,34.0,76.743651,18.510433,78.500509,3.959497,1.973667,0.901192,94.089737,7.56953,2.045945,6665.397765,43.184694,2.910262,30
South,-70.0,75.0,52.0,41.321723,9.270838,20.584737,7.565828,3.770242,0.944373,217.212933,17.155712,4.809808,15408.245429,104.894392,7.597712,40
South,-70.0,105.0,38.0,59.039393,23.794182,73.963088,8.303397,4.13747,1.608489,238.369859,18.826709,5.278292,16909.035883,115.111292,8.337743,40
South,-70.0,135.0,14.0,94.469389,107.639018,352.848548,13.001309,6.481941,8.41836,291.628797,21.759619,6.481941,13730.343877,185.176748,7.745817,20
South,-70.0,165.0,54.0,70.849747,281.830866,537.743565,89.909712,44.829801,11.091776,2582.755386,203.988814,57.190693,183210.678481,1247.239525,90.340076,40
South,-70.0,195.0,72.0,41.329468,276.0458,537.743565,295.888585,147.527467,23.082204,8499.421152,671.293476,188.20512,602916.0656,4104.45916,297.29426,40
South,-70.0,255.0,66.0,17.711885,88.804262,279.670453,458.134113,228.341839,39.766092,13155.336345,1039.022694,291.302386,933188.682957,6352.849188,460.149686,40
South,-70.0,285.0,48.0,53.131754,12.562543,29.547929,6.095486,3.037784,0.861175,175.014237,13.822814,3.87539,12414.833129,84.516201,6.121679,40
South,-70.0,315.0,46.0,53.127092,11.208786,24.771514,5.287119,2.634772,0.79114,151.795698,11.988988,3.361256,10767.799787,73.303727,5.309537,40
South,-70.0,345.0,34.0,76.74488,9.496689,24.290464,2.03135,1.012555,0.462342,48.27109,3.883415,1.049636,3419.565444,22.15515,1.493059,30
South,-80.0,30.0,50.0,5.901919,11.751472,26.648414,429.576938,213.984843,55.328354,12328.19441,973.69413,272.986745,874514.432978,5953.413717,431.217769,40
South,-80.0,90.0,60.0,5.902111,16.231554,87.206434,686.824983,342.24683,68.253344,19717.68373,1557.323989,436.614326,1398696.226942,9521.875213,689.688636,40
South,-80.0,270.0,66.0,5.901899,48.838567,220.783231,2248.962205,1120.872917,194.285973,64576.252416,5100.302267,1429.930479,4580789.601996,31184.546099,2258.759603,40
South,-80.0,330.0,50.0,5.901718,13.241511,28.021738,484.078501,241.133666,62.348007,13892.305052,1097.22928,307.621295,985466.392799,6708.739066,485.927508,40
South,-90.0,0.0,64.0,17.70378,61.433539,324.081201,308.539762,153.772433,28.027257,8859.208998,699.709909,196.172006,628438.023919,4278.204465,309.878983,40
