hemisphere,depth_km,carrier,histories,cooling_duration_q05_q50_q95_myr,periodic_retained_median_chron_0.67_myr,periodic_retained_q95_chron_0.67_myr,periodic_retained_rms_chron_0.67_myr,periodic_retained_median_chron_2_myr,periodic_retained_q95_chron_2_myr,periodic_retained_rms_chron_2_myr,periodic_retained_median_chron_5_myr,periodic_retained_q95_chron_5_myr,periodic_retained_rms_chron_5_myr,periodic_retained_median_chron_10_myr,periodic_retained_q95_chron_10_myr,periodic_retained_rms_chron_10_myr,periodic_retained_median_chron_20_myr,periodic_retained_q95_chron_20_myr,periodic_retained_rms_chron_20_myr,periodic_retained_median_chron_50_myr,periodic_retained_q95_chron_50_myr,periodic_retained_rms_chron_50_myr,periodic_retained_median_chron_100_myr,periodic_retained_q95_chron_100_myr,periodic_retained_rms_chron_100_myr,periodic_retained_median_chron_200_myr,periodic_retained_q95_chron_200_myr,periodic_retained_rms_chron_200_myr,periodic_retained_median_chron_500_myr,periodic_retained_q95_chron_500_myr,periodic_retained_rms_chron_500_myr,periodic_retained_median_chron_1000_myr,periodic_retained_q95_chron_1000_myr,periodic_retained_rms_chron_1000_myr,periodic_shortest_tested_chron_with_half_retention_myr,poisson_retained_median_chron_0.67_myr,poisson_retained_q95_chron_0.67_myr,poisson_retained_rms_chron_0.67_myr,poisson_retained_median_chron_2_myr,poisson_retained_q95_chron_2_myr,poisson_retained_rms_chron_2_myr,poisson_retained_median_chron_5_myr,poisson_retained_q95_chron_5_myr,poisson_retained_rms_chron_5_myr,poisson_retained_median_chron_10_myr,poisson_retained_q95_chron_10_myr,poisson_retained_rms_chron_10_myr,poisson_retained_median_chron_20_myr,poisson_retained_q95_chron_20_myr,poisson_retained_rms_chron_20_myr,poisson_retained_median_chron_50_myr,poisson_retained_q95_chron_50_myr,poisson_retained_rms_chron_50_myr,poisson_retained_median_chron_100_myr,poisson_retained_q95_chron_100_myr,poisson_retained_rms_chron_100_myr,poisson_retained_median_chron_200_myr,poisson_retained_q95_chron_200_myr,poisson_retained_rms_chron_200_myr,poisson_retained_median_chron_500_myr,poisson_retained_q95_chron_500_myr,poisson_retained_rms_chron_500_myr,poisson_retained_median_chron_1000_myr,poisson_retained_q95_chron_1000_myr,poisson_retained_rms_chron_1000_myr,poisson_shortest_tested_chron_with_half_retention_myr
North,10,pyrrhotite,25,"[418.571046, 932.529585, 1199.704433]",0.000224,0.000667,0.000347,0.000819,0.002432,0.001251,0.001465,0.005325,0.002609,0.002571,0.010847,0.005111,0.009266,0.0238,0.013476,0.019672,0.05841,0.028349,0.037196,0.097882,0.054833,0.069616,0.190204,0.100513,0.147545,0.801534,0.318378,0.575322,1.0,0.646166,1000,0.018771,0.057023,0.029098,0.033521,0.100777,0.051906,0.053624,0.167378,0.08261,0.076479,0.227588,0.115613,0.107529,0.325935,0.166869,0.169176,0.501266,0.253494,0.232139,0.680384,0.34827,0.340075,0.892769,0.465134,0.568389,1.0,0.655975,0.863984,1.0,0.779815,500
North,20,pyrrhotite,181,"[633.094579, 1124.179507, 1462.578544]",0.000203,0.000603,0.000308,0.000625,0.001688,0.000891,0.001679,0.004349,0.002363,0.003307,0.008263,0.004527,0.00616,0.017168,0.008812,0.016235,0.042091,0.022778,0.032604,0.087411,0.045173,0.064306,0.182932,0.094564,0.150204,0.434791,0.213107,0.447365,1.0,0.539105,,0.017091,0.051511,0.026153,0.030164,0.087712,0.044886,0.045947,0.138865,0.070358,0.067289,0.193799,0.099686,0.093572,0.277736,0.142216,0.148154,0.436311,0.220813,0.211938,0.598471,0.308569,0.301798,0.821992,0.423365,0.485355,1.0,0.601976,0.740756,1.0,0.741454,1000
North,20,magnetite,63,"[231.634375, 500.604476, 637.231482]",0.000396,0.001487,0.000724,0.001268,0.003624,0.001939,0.003185,0.009045,0.004639,0.00622,0.019401,0.010038,0.014384,0.03785,0.021246,0.03561,0.104874,0.053243,0.066826,0.175475,0.093573,0.146331,0.508981,0.227051,0.520528,1.0,0.608526,1.0,1.0,0.827481,500,0.025323,0.076513,0.03881,0.043772,0.130004,0.066866,0.071947,0.216775,0.109368,0.100595,0.300627,0.15179,0.145205,0.416568,0.211182,0.231123,0.656783,0.333915,0.320771,0.881504,0.447836,0.47119,1.0,0.592549,0.815047,1.0,0.767801,1.0,1.0,0.864172,500
North,20,hematite,22,"[180.233285, 401.190483, 567.643842]",0.000474,0.001787,0.000877,0.001124,0.005901,0.002616,0.003526,0.013613,0.006763,0.009808,0.028597,0.014784,0.017308,0.045157,0.024534,0.039393,0.113818,0.061082,0.078422,0.239244,0.114551,0.145781,0.832359,0.311927,0.637724,1.0,0.6944,1.0,1.0,0.860889,500,0.029009,0.0894,0.045282,0.052065,0.157736,0.078951,0.07987,0.244774,0.123016,0.107887,0.334467,0.167309,0.158093,0.501995,0.246922,0.244677,0.720359,0.361265,0.354996,0.943669,0.48655,0.521803,1.0,0.637072,0.920345,1.0,0.797054,1.0,1.0,0.885143,200
North,30,pyrrhotite,198,"[887.785195, 1327.581072, 1977.914991]",0.00019,0.00049,0.000265,0.000549,0.001378,0.000744,0.001422,0.003479,0.001869,0.002735,0.007039,0.00381,0.005507,0.014248,0.007589,0.014298,0.036196,0.019464,0.02894,0.072182,0.039069,0.056359,0.138549,0.074702,0.149581,0.315922,0.183588,0.309986,0.808059,0.423924,,0.015465,0.046254,0.023511,0.026867,0.08006,0.040521,0.041734,0.126091,0.06328,0.060508,0.178133,0.09031,0.086028,0.251895,0.128377,0.133368,0.396826,0.20042,0.190164,0.546565,0.2789,0.274844,0.745297,0.385332,0.431802,1.0,0.561274,0.655036,1.0,0.704803,1000
North,30,magnetite,164,"[282.477516, 562.219511, 727.557062]",0.000417,0.001146,0.0006,0.001111,0.003461,0.001729,0.002824,0.008522,0.004256,0.005761,0.01727,0.008901,0.01159,0.034705,0.017695,0.027541,0.084895,0.043289,0.056307,0.189815,0.093639,0.139545,0.324176,0.188285,0.438985,1.0,0.545464,0.932798,1.0,0.802016,1000,0.024152,0.072038,0.036556,0.041176,0.123619,0.063133,0.067294,0.196149,0.100034,0.094495,0.279,0.142482,0.133396,0.396089,0.200508,0.212864,0.601497,0.309836,0.304241,0.825314,0.426968,0.430329,1.0,0.562152,0.748076,1.0,0.745607,1.0,1.0,0.851206,500
North,30,hematite,128,"[220.462325, 462.158668, 609.991717]",0.000441,0.001323,0.000697,0.001472,0.004786,0.002374,0.003545,0.010821,0.005482,0.007509,0.020558,0.010965,0.014288,0.044771,0.022285,0.033351,0.101339,0.051087,0.067711,0.186405,0.100245,0.135498,0.48779,0.228151,0.56172,1.0,0.641857,1.0,1.0,0.840268,500,0.026348,0.079525,0.040562,0.046197,0.139227,0.070127,0.073491,0.216711,0.110298,0.101623,0.31131,0.156953,0.144894,0.43563,0.219363,0.236309,0.66438,0.339588,0.332202,0.890784,0.461733,0.478015,1.0,0.599329,0.852573,1.0,0.778973,1.0,1.0,0.874716,500
South,20,pyrrhotite,60,"[1348.726637, 1941.551776, 2390.446084]",0.000152,0.00038,0.000206,0.000442,0.00113,0.000594,0.001136,0.00279,0.00153,0.002298,0.005581,0.003032,0.004511,0.010588,0.005916,0.011219,0.026704,0.014764,0.022558,0.055715,0.030484,0.047534,0.110836,0.06081,0.1041,0.273938,0.139627,0.175028,0.471337,0.247679,,0.01321,0.040386,0.020483,0.023772,0.070585,0.035662,0.036574,0.109626,0.05569,0.051716,0.151549,0.077875,0.07555,0.216296,0.110419,0.112928,0.339728,0.171827,0.162189,0.467955,0.240271,0.233611,0.63691,0.333418,0.375354,0.934844,0.495676,0.551489,1.0,0.642512,1000
South,20,magnetite,8,"[535.924792, 637.380666, 706.735444]",0.000472,0.00091,0.000532,0.001044,0.002265,0.001249,0.001573,0.005033,0.002315,0.002555,0.010683,0.004969,0.007652,0.025963,0.012356,0.008493,0.039722,0.015386,0.035004,0.127495,0.069723,0.138937,0.292093,0.15828,0.375493,0.68075,0.426248,0.836831,1.0,0.760583,1000,0.022227,0.063001,0.032366,0.038583,0.103334,0.055476,0.059759,0.168963,0.085625,0.082415,0.241102,0.122202,0.119087,0.360057,0.179303,0.192798,0.554925,0.286602,0.297889,0.747276,0.397173,0.382411,0.99733,0.518348,0.641623,1.0,0.701767,1.0,1.0,0.820222,500
South,30,magnetite,52,"[396.518761, 773.999454, 941.192473]",0.000296,0.000801,0.000439,0.000904,0.002405,0.00135,0.002135,0.006086,0.003121,0.004232,0.011726,0.006388,0.008375,0.022968,0.012406,0.024583,0.067254,0.035738,0.045703,0.108273,0.05901,0.070222,0.218099,0.106017,0.211339,0.781039,0.34988,0.678175,1.0,0.714318,1000,0.020976,0.06282,0.032261,0.036328,0.105992,0.053959,0.058157,0.165152,0.085874,0.078175,0.234172,0.120713,0.11017,0.335221,0.168716,0.178108,0.518137,0.26375,0.260738,0.715892,0.370196,0.366646,0.947181,0.49563,0.618763,1.0,0.683416,0.964672,1.0,0.806024,500
South,30,hematite,34,"[275.440925, 585.639038, 681.621765]",0.000412,0.001209,0.000607,0.001147,0.003266,0.001721,0.002596,0.009036,0.004353,0.005044,0.019021,0.008455,0.011505,0.033359,0.018392,0.032308,0.090203,0.04643,0.058691,0.224104,0.098402,0.154546,0.37095,0.197858,0.455944,1.0,0.535476,0.892044,1.0,0.797388,1000,0.024023,0.073144,0.037158,0.041047,0.127915,0.064143,0.067658,0.203258,0.102488,0.095542,0.274884,0.141648,0.131397,0.400497,0.200926,0.213233,0.603074,0.311454,0.294691,0.851423,0.425262,0.427542,1.0,0.56558,0.738164,1.0,0.743987,1.0,1.0,0.844072,500
South,40,magnetite,62,"[677.084201, 1014.987828, 1344.971901]",0.000245,0.000595,0.000329,0.000706,0.001819,0.000977,0.001786,0.004495,0.002444,0.003314,0.008944,0.004595,0.006738,0.01737,0.009713,0.01916,0.046063,0.025672,0.035943,0.097908,0.049861,0.072727,0.184684,0.10181,0.124884,0.441392,0.210902,0.496234,1.0,0.582192,,0.017357,0.054466,0.027133,0.030826,0.091207,0.046276,0.04751,0.14066,0.072592,0.069492,0.204305,0.104488,0.096514,0.280752,0.146007,0.153115,0.456448,0.229949,0.219766,0.618932,0.319955,0.321116,0.828738,0.436618,0.506883,1.0,0.622964,0.783865,1.0,0.756569,500
South,40,hematite,58,"[398.613669, 747.043894, 926.842881]",0.000347,0.000818,0.00046,0.000906,0.002694,0.0014,0.002388,0.006706,0.0036,0.004484,0.014216,0.00696,0.008773,0.025358,0.013147,0.020675,0.072542,0.036153,0.045402,0.13105,0.066048,0.077319,0.234973,0.115,0.24126,0.8497,0.378674,0.7124,1.0,0.727252,1000,0.021448,0.064691,0.032855,0.035938,0.107829,0.054841,0.058101,0.170757,0.087395,0.081941,0.242701,0.123441,0.113613,0.338911,0.172627,0.183352,0.524918,0.269254,0.267421,0.723113,0.374693,0.366648,0.960839,0.497506,0.633022,1.0,0.696953,0.992426,1.0,0.816289,500
