hemisphere,depth_km,pyrrhotite_age_q05_ga,pyrrhotite_age_q50_ga,pyrrhotite_age_q95_ga,pyrrhotite_always_below_fraction,pyrrhotite_still_above_fraction,pyrrhotite_cooled_before_4.1_ga_fraction,pyrrhotite_cooled_after_4.1_ga_fraction,pyrrhotite_cooled_before_3.7_ga_fraction,pyrrhotite_cooled_after_3.7_ga_fraction,magnetite_age_q05_ga,magnetite_age_q50_ga,magnetite_age_q95_ga,magnetite_always_below_fraction,magnetite_still_above_fraction,magnetite_cooled_before_4.1_ga_fraction,magnetite_cooled_after_4.1_ga_fraction,magnetite_cooled_before_3.7_ga_fraction,magnetite_cooled_after_3.7_ga_fraction,hematite_age_q05_ga,hematite_age_q50_ga,hematite_age_q95_ga,hematite_always_below_fraction,hematite_still_above_fraction,hematite_cooled_before_4.1_ga_fraction,hematite_cooled_after_4.1_ga_fraction,hematite_cooled_before_3.7_ga_fraction,hematite_cooled_after_3.7_ga_fraction
North,0.0,,,,1.0,0.0,0.0,0.0,0.0,0.0,,,,1.0,0.0,0.0,0.0,0.0,0.0,,,,1.0,0.0,0.0,0.0,0.0,0.0
North,1.0,,,,1.0,0.0,0.0,0.0,0.0,0.0,,,,1.0,0.0,0.0,0.0,0.0,0.0,,,,1.0,0.0,0.0,0.0,0.0,0.0
North,2.0,,,,1.0,0.0,0.0,0.0,0.0,0.0,,,,1.0,0.0,0.0,0.0,0.0,0.0,,,,1.0,0.0,0.0,0.0,0.0,0.0
North,3.0,,,,1.0,0.0,0.0,0.0,0.0,0.0,,,,1.0,0.0,0.0,0.0,0.0,0.0,,,,1.0,0.0,0.0,0.0,0.0,0.0
North,4.0,,,,1.0,0.0,0.0,0.0,0.0,0.0,,,,1.0,0.0,0.0,0.0,0.0,0.0,,,,1.0,0.0,0.0,0.0,0.0,0.0
North,5.0,,,,1.0,0.0,0.0,0.0,0.0,0.0,,,,1.0,0.0,0.0,0.0,0.0,0.0,,,,1.0,0.0,0.0,0.0,0.0,0.0
North,6.0,,,,1.0,0.0,0.0,0.0,0.0,0.0,,,,1.0,0.0,0.0,0.0,0.0,0.0,,,,1.0,0.0,0.0,0.0,0.0,0.0
North,7.0,,,,1.0,0.0,0.0,0.0,0.0,0.0,,,,1.0,0.0,0.0,0.0,0.0,0.0,,,,1.0,0.0,0.0,0.0,0.0,0.0
North,8.0,,,,1.0,0.0,0.0,0.0,0.0,0.0,,,,1.0,0.0,0.0,0.0,0.0,0.0,,,,1.0,0.0,0.0,0.0,0.0,0.0
North,9.0,4.318067,4.414072,4.479075,0.971698,0.0,0.028302,0.0,0.028302,0.0,,,,1.0,0.0,0.0,0.0,0.0,0.0,,,,1.0,0.0,0.0,0.0,0.0,0.0
North,10.0,4.142964,4.395931,4.472679,0.893082,0.0,0.105346,0.001572,0.106918,0.0,,,,1.0,0.0,0.0,0.0,0.0,0.0,,,,1.0,0.0,0.0,0.0,0.0,0.0
North,11.0,4.029937,4.335678,4.466731,0.787736,0.0,0.187107,0.025157,0.212264,0.0,,,,1.0,0.0,0.0,0.0,0.0,0.0,,,,1.0,0.0,0.0,0.0,0.0,0.0
North,12.0,3.912951,4.28597,4.4697,0.668239,0.0,0.27044,0.061321,0.330189,0.001572,,,,1.0,0.0,0.0,0.0,0.0,0.0,,,,1.0,0.0,0.0,0.0,0.0,0.0
North,13.0,3.800629,4.246833,4.461965,0.529874,0.0,0.328616,0.141509,0.455975,0.014151,,,,1.0,0.0,0.0,0.0,0.0,0.0,,,,1.0,0.0,0.0,0.0,0.0,0.0
North,14.0,3.688293,4.197011,4.455819,0.415094,0.0,0.36478,0.220126,0.54717,0.037736,4.477334,4.477334,4.477334,0.998428,0.0,0.001572,0.0,0.001572,0.0,,,,1.0,0.0,0.0,0.0,0.0,0.0
North,15.0,3.5596,4.120316,4.430032,0.336478,0.0,0.353774,0.309748,0.602201,0.061321,4.394218,4.4203,4.476526,0.987421,0.0,0.012579,0.0,0.012579,0.0,,,,1.0,0.0,0.0,0.0,0.0,0.0
North,16.0,3.440051,4.050295,4.42346,0.267296,0.0,0.312893,0.419811,0.613208,0.119497,4.289338,4.396078,4.469029,0.960692,0.0,0.039308,0.0,0.039308,0.0,,,,1.0,0.0,0.0,0.0,0.0,0.0
North,17.0,3.326002,3.972779,4.415752,0.207547,0.0,0.264151,0.528302,0.595912,0.196541,4.188422,4.390104,4.478112,0.913522,0.0,0.086478,0.0,0.086478,0.0,4.423414,4.462312,4.473499,0.990566,0.0,0.009434,0.0,0.009434,0.0
North,18.0,3.222115,3.891381,4.392824,0.169811,0.0,0.224843,0.605346,0.569182,0.261006,4.113479,4.383248,4.475295,0.855346,0.0,0.136792,0.007862,0.144654,0.0,4.348392,4.425044,4.479234,0.970126,0.0,0.029874,0.0,0.029874,0.0
North,19.0,3.129791,3.810078,4.357657,0.130503,0.0,0.201258,0.668239,0.536164,0.333333,4.045032,4.347056,4.464881,0.798742,0.0,0.18239,0.018868,0.201258,0.0,4.255357,4.411961,4.480803,0.933962,0.0,0.066038,0.0,0.066038,0.0
North,20.0,3.028997,3.742154,4.354562,0.097484,0.0,0.176101,0.726415,0.482704,0.419811,3.967729,4.310454,4.475812,0.737421,0.0,0.22327,0.039308,0.262579,0.0,4.171768,4.397746,4.473196,0.900943,0.0,0.099057,0.0,0.099057,0.0
North,21.0,2.933812,3.660783,4.32211,0.077044,0.0,0.146226,0.77673,0.440252,0.482704,3.882332,4.279873,4.46115,0.671384,0.0,0.27673,0.051887,0.327044,0.001572,4.095046,4.38203,4.469247,0.847484,0.0,0.143082,0.009434,0.152516,0.0
North,22.0,2.834467,3.598233,4.301089,0.056604,0.0,0.127358,0.816038,0.394654,0.548742,3.829221,4.271424,4.465535,0.592767,0.0,0.306604,0.100629,0.402516,0.004717,4.049953,4.346939,4.455605,0.801887,0.0,0.177673,0.02044,0.198113,0.0
North,23.0,2.758526,3.530111,4.303148,0.036164,0.0,0.116352,0.847484,0.372642,0.591195,3.762438,4.235815,4.465048,0.536164,0.0,0.320755,0.143082,0.448113,0.015723,3.972533,4.313106,4.460568,0.754717,0.0,0.207547,0.037736,0.245283,0.0
North,24.0,2.669141,3.447361,4.260342,0.023585,0.0,0.100629,0.875786,0.341195,0.63522,3.72533,4.205964,4.467043,0.476415,0.0,0.341195,0.18239,0.498428,0.025157,3.89988,4.286117,4.465129,0.691824,0.0,0.257862,0.050314,0.308176,0.0
North,25.0,2.596138,3.376403,4.200176,0.018868,0.0,0.083333,0.897799,0.284591,0.696541,3.652813,4.182612,4.450287,0.418239,0.0,0.353774,0.227987,0.539308,0.042453,3.837052,4.260434,4.463093,0.641509,0.0,0.287736,0.070755,0.356918,0.001572
North,26.0,2.520311,3.305986,4.142233,0.017296,0.0,0.066038,0.916667,0.234277,0.748428,3.587884,4.141977,4.455484,0.358491,0.0,0.363208,0.278302,0.591195,0.050314,3.793529,4.256336,4.45161,0.578616,0.0,0.309748,0.111635,0.416667,0.004717
North,27.0,2.442084,3.245649,4.098255,0.007862,0.0,0.04717,0.944969,0.218553,0.773585,3.520603,4.100529,4.423282,0.328616,0.0,0.33805,0.333333,0.603774,0.06761,3.725696,4.219067,4.454326,0.537736,0.0,0.309748,0.152516,0.443396,0.018868
North,28.0,2.355624,3.189699,4.044881,0.006289,0.0,0.034591,0.959119,0.190252,0.803459,3.458501,4.06096,4.403913,0.305031,0.0,0.311321,0.383648,0.592767,0.102201,3.710228,4.201925,4.444613,0.488994,0.0,0.327044,0.183962,0.485849,0.025157
North,29.0,2.283307,3.123443,3.989525,0.006289,0.0,0.028302,0.965409,0.149371,0.84434,3.40889,4.034987,4.430585,0.259434,0.0,0.305031,0.435535,0.603774,0.136792,3.643139,4.179836,4.4471,0.433962,0.0,0.342767,0.22327,0.52673,0.039308
North,30.0,2.213202,3.037753,3.930654,0.006289,0.0,0.018868,0.974843,0.124214,0.869497,3.34732,4.002223,4.408079,0.22956,0.0,0.287736,0.482704,0.586478,0.183962,3.593198,4.14971,4.446418,0.388365,0.0,0.349057,0.262579,0.561321,0.050314
South,0.0,,,,1.0,0.0,0.0,0.0,0.0,0.0,,,,1.0,0.0,0.0,0.0,0.0,0.0,,,,1.0,0.0,0.0,0.0,0.0,0.0
South,1.0,,,,1.0,0.0,0.0,0.0,0.0,0.0,,,,1.0,0.0,0.0,0.0,0.0,0.0,,,,1.0,0.0,0.0,0.0,0.0,0.0
South,2.0,,,,1.0,0.0,0.0,0.0,0.0,0.0,,,,1.0,0.0,0.0,0.0,0.0,0.0,,,,1.0,0.0,0.0,0.0,0.0,0.0
South,3.0,,,,1.0,0.0,0.0,0.0,0.0,0.0,,,,1.0,0.0,0.0,0.0,0.0,0.0,,,,1.0,0.0,0.0,0.0,0.0,0.0
South,4.0,,,,1.0,0.0,0.0,0.0,0.0,0.0,,,,1.0,0.0,0.0,0.0,0.0,0.0,,,,1.0,0.0,0.0,0.0,0.0,0.0
South,5.0,,,,1.0,0.0,0.0,0.0,0.0,0.0,,,,1.0,0.0,0.0,0.0,0.0,0.0,,,,1.0,0.0,0.0,0.0,0.0,0.0
South,6.0,,,,1.0,0.0,0.0,0.0,0.0,0.0,,,,1.0,0.0,0.0,0.0,0.0,0.0,,,,1.0,0.0,0.0,0.0,0.0,0.0
South,7.0,,,,1.0,0.0,0.0,0.0,0.0,0.0,,,,1.0,0.0,0.0,0.0,0.0,0.0,,,,1.0,0.0,0.0,0.0,0.0,0.0
South,8.0,,,,1.0,0.0,0.0,0.0,0.0,0.0,,,,1.0,0.0,0.0,0.0,0.0,0.0,,,,1.0,0.0,0.0,0.0,0.0,0.0
South,9.0,,,,1.0,0.0,0.0,0.0,0.0,0.0,,,,1.0,0.0,0.0,0.0,0.0,0.0,,,,1.0,0.0,0.0,0.0,0.0,0.0
South,10.0,,,,1.0,0.0,0.0,0.0,0.0,0.0,,,,1.0,0.0,0.0,0.0,0.0,0.0,,,,1.0,0.0,0.0,0.0,0.0,0.0
South,11.0,4.354049,4.419373,4.443592,0.893939,0.0,0.106061,0.0,0.106061,0.0,,,,1.0,0.0,0.0,0.0,0.0,0.0,,,,1.0,0.0,0.0,0.0,0.0,0.0
South,12.0,4.178823,4.300372,4.451461,0.787879,0.0,0.212121,0.0,0.212121,0.0,,,,1.0,0.0,0.0,0.0,0.0,0.0,,,,1.0,0.0,0.0,0.0,0.0,0.0
South,13.0,4.017666,4.272834,4.457944,0.606061,0.0,0.30303,0.090909,0.393939,0.0,,,,1.0,0.0,0.0,0.0,0.0,0.0,,,,1.0,0.0,0.0,0.0,0.0,0.0
South,14.0,3.859693,4.206836,4.442997,0.530303,0.0,0.272727,0.19697,0.469697,0.0,,,,1.0,0.0,0.0,0.0,0.0,0.0,,,,1.0,0.0,0.0,0.0,0.0,0.0
South,15.0,3.716477,4.203019,4.428351,0.393939,0.0,0.318182,0.287879,0.575758,0.030303,,,,1.0,0.0,0.0,0.0,0.0,0.0,,,,1.0,0.0,0.0,0.0,0.0,0.0
South,16.0,3.565339,4.154276,4.401228,0.272727,0.0,0.393939,0.333333,0.606061,0.121212,,,,1.0,0.0,0.0,0.0,0.0,0.0,,,,1.0,0.0,0.0,0.0,0.0,0.0
South,17.0,3.417809,4.053648,4.373748,0.19697,0.0,0.333333,0.469697,0.590909,0.212121,,,,1.0,0.0,0.0,0.0,0.0,0.0,,,,1.0,0.0,0.0,0.0,0.0,0.0
South,18.0,3.273386,3.939349,4.312746,0.151515,0.0,0.257576,0.590909,0.575758,0.272727,,,,1.0,0.0,0.0,0.0,0.0,0.0,,,,1.0,0.0,0.0,0.0,0.0,0.0
South,19.0,3.131434,3.849054,4.311842,0.121212,0.0,0.121212,0.757576,0.560606,0.318182,4.378964,4.393191,4.43164,0.954545,0.0,0.045455,0.0,0.045455,0.0,,,,1.0,0.0,0.0,0.0,0.0,0.0
South,20.0,2.992001,3.738336,4.286562,0.090909,0.0,0.121212,0.787879,0.484848,0.424242,4.278073,4.374737,4.449526,0.878788,0.0,0.121212,0.0,0.121212,0.0,,,,1.0,0.0,0.0,0.0,0.0,0.0
South,21.0,2.856613,3.647525,4.235081,0.060606,0.0,0.121212,0.818182,0.409091,0.530303,4.186242,4.314974,4.441731,0.818182,0.0,0.181818,0.0,0.181818,0.0,,,,1.0,0.0,0.0,0.0,0.0,0.0
South,22.0,2.717628,3.507064,4.135422,0.060606,0.0,0.060606,0.878788,0.287879,0.651515,4.114127,4.31327,4.475573,0.69697,0.0,0.287879,0.015152,0.30303,0.0,4.392097,4.401481,4.446901,0.954545,0.0,0.045455,0.0,0.045455,0.0
South,23.0,2.584021,3.413376,4.091966,0.045455,0.0,0.045455,0.909091,0.212121,0.742424,4.025802,4.298279,4.447869,0.606061,0.0,0.333333,0.060606,0.393939,0.0,4.304626,4.398389,4.451504,0.893939,0.0,0.106061,0.0,0.106061,0.0
South,24.0,2.461817,3.280125,4.048023,0.015152,0.0,0.045455,0.939394,0.19697,0.787879,3.936323,4.212927,4.410557,0.575758,0.0,0.287879,0.136364,0.424242,0.0,4.225559,4.35384,4.43942,0.833333,0.0,0.166667,0.0,0.166667,0.0
South,25.0,2.337531,3.135085,4.089565,0.0,0.0,0.060606,0.939394,0.151515,0.848485,3.854975,4.183031,4.442134,0.515152,0.0,0.318182,0.166667,0.484848,0.0,4.160237,4.344353,4.472625,0.727273,0.0,0.272727,0.0,0.272727,0.0
South,26.0,2.203991,2.994963,3.946602,0.0,0.0,0.015152,0.984848,0.106061,0.893939,3.780568,4.191364,4.424432,0.454545,0.0,0.30303,0.242424,0.530303,0.015152,4.094746,4.320613,4.482921,0.651515,0.0,0.318182,0.030303,0.348485,0.0
South,27.0,2.068098,2.847352,3.800106,0.0,0.0,0.0,1.0,0.075758,0.924242,3.716749,4.20495,4.454326,0.363636,0.0,0.378788,0.257576,0.606061,0.030303,4.020625,4.280954,4.44202,0.606061,0.0,0.333333,0.060606,0.393939,0.0
South,28.0,1.947434,2.707108,3.661123,0.0,0.0,0.0,1.0,0.045455,0.954545,3.648169,4.17911,4.425644,0.272727,0.0,0.439394,0.287879,0.651515,0.075758,3.94612,4.222129,4.412616,0.575758,0.0,0.30303,0.121212,0.424242,0.0
South,29.0,1.836951,2.582887,3.551529,0.0,0.0,0.0,1.0,0.015152,0.984848,3.573474,4.134783,4.35962,0.257576,0.0,0.393939,0.348485,0.590909,0.151515,3.878053,4.221491,4.446838,0.515152,0.0,0.30303,0.181818,0.484848,0.0
South,30.0,1.727571,2.469445,3.45217,0.0,0.0,0.0,1.0,0.0,1.0,3.499845,4.089031,4.383201,0.212121,0.0,0.393939,0.393939,0.590909,0.19697,3.812403,4.210987,4.406269,0.484848,0.0,0.30303,0.212121,0.515152,0.0
South,31.0,1.614239,2.308442,3.306176,0.0,0.0,0.0,1.0,0.0,1.0,3.428129,4.038855,4.314675,0.181818,0.0,0.318182,0.5,0.590909,0.227273,3.756765,4.224332,4.430478,0.409091,0.0,0.348485,0.242424,0.575758,0.015152
South,32.0,1.501077,2.17099,3.168667,0.0,0.0,0.0,1.0,0.0,1.0,3.357378,4.009147,4.337912,0.151515,0.0,0.242424,0.606061,0.606061,0.242424,3.70495,4.193292,4.43633,0.333333,0.0,0.409091,0.257576,0.621212,0.045455
South,33.0,1.370815,2.046011,3.020376,0.0,0.0,0.0,1.0,0.0,1.0,3.27896,3.937722,4.259803,0.151515,0.0,0.19697,0.651515,0.590909,0.257576,3.649353,4.169762,4.419513,0.272727,0.0,0.439394,0.287879,0.636364,0.090909
South,34.0,1.232178,1.86938,2.900343,0.0,0.0,0.0,1.0,0.0,1.0,3.203262,3.880045,4.32599,0.121212,0.0,0.136364,0.742424,0.575758,0.30303,3.589081,4.130351,4.369046,0.257576,0.0,0.409091,0.333333,0.590909,0.151515
South,35.0,1.080467,1.703151,2.771253,0.0,0.0,0.0,1.0,0.0,1.0,3.132957,3.80909,4.278472,0.106061,0.0,0.106061,0.787879,0.530303,0.363636,3.530568,4.094587,4.37856,0.212121,0.0,0.393939,0.393939,0.621212,0.166667
South,36.0,0.922067,1.500008,2.63253,0.0,0.0,0.0,1.0,0.0,1.0,3.06536,3.766001,4.238021,0.090909,0.0,0.090909,0.818182,0.530303,0.378788,3.466832,4.055018,4.342072,0.181818,0.0,0.378788,0.439394,0.621212,0.19697
South,37.0,0.764788,1.286141,2.477587,0.0,0.0,0.0,1.0,0.0,1.0,3.000514,3.711696,4.264559,0.075758,0.0,0.090909,0.833333,0.469697,0.454545,3.40715,4.023906,4.340446,0.166667,0.0,0.318182,0.515152,0.606061,0.227273
South,38.0,0.532583,1.038313,2.30482,0.0,0.0,0.0,1.0,0.0,1.0,2.92918,3.654615,4.234377,0.060606,0.0,0.090909,0.848485,0.393939,0.545455,3.34503,3.984514,4.310338,0.151515,0.0,0.227273,0.621212,0.606061,0.242424
South,39.0,0.235608,0.865162,2.112473,0.0,0.0,0.0,1.0,0.0,1.0,2.856255,3.572632,4.192828,0.060606,0.0,0.090909,0.848485,0.348485,0.590909,3.280418,3.943223,4.368849,0.121212,0.0,0.19697,0.681818,0.636364,0.242424
South,40.0,0.058124,0.789288,1.977384,0.0,0.106061,0.0,0.893939,0.0,0.893939,2.784309,3.500398,4.152979,0.060606,0.0,0.060606,0.878788,0.30303,0.636364,3.214392,3.885126,4.32666,0.121212,0.0,0.136364,0.742424,0.606061,0.272727
