hemisphere,lat,lon,depth_km,within_ensemble_columns,rms_field_150km_nt,pyrrhotite_always_below_fraction,pyrrhotite_cooled_before_4.1_ga_fraction,pyrrhotite_cooled_before_3.7_ga_fraction,magnetite_always_below_fraction,magnetite_cooled_before_4.1_ga_fraction,magnetite_cooled_before_3.7_ga_fraction,hematite_always_below_fraction,hematite_cooled_before_4.1_ga_fraction,hematite_cooled_before_3.7_ga_fraction
North,80.0,330.0,6.0,True,37.437249,1.0,0.0,0.0,1.0,0.0,0.0,1.0,0.0,0.0
North,70.0,15.0,14.0,True,47.839478,0.415094,0.36478,0.54717,0.998428,0.001572,0.001572,1.0,0.0,0.0
North,70.0,45.0,16.0,True,37.165971,0.267296,0.312893,0.613208,0.960692,0.039308,0.039308,1.0,0.0,0.0
North,70.0,75.0,22.0,True,16.848648,0.056604,0.127358,0.394654,0.592767,0.306604,0.402516,0.801887,0.177673,0.198113
North,70.0,345.0,16.0,True,21.508669,0.267296,0.312893,0.613208,0.960692,0.039308,0.039308,1.0,0.0,0.0
North,60.0,30.0,8.0,True,51.156453,1.0,0.0,0.0,1.0,0.0,0.0,1.0,0.0,0.0
North,60.0,50.0,10.0,True,25.433815,0.893082,0.105346,0.106918,1.0,0.0,0.0,1.0,0.0,0.0
North,60.0,70.0,14.0,True,17.97227,0.415094,0.36478,0.54717,0.998428,0.001572,0.001572,1.0,0.0,0.0
North,60.0,250.0,10.0,True,4.983915,0.893082,0.105346,0.106918,1.0,0.0,0.0,1.0,0.0,0.0
North,60.0,270.0,10.0,True,4.761211,0.893082,0.105346,0.106918,1.0,0.0,0.0,1.0,0.0,0.0
North,60.0,290.0,4.0,True,5.931617,1.0,0.0,0.0,1.0,0.0,0.0,1.0,0.0,0.0
North,60.0,310.0,0.0,True,7.435034,1.0,0.0,0.0,1.0,0.0,0.0,1.0,0.0,0.0
North,60.0,350.0,2.0,True,9.402535,1.0,0.0,0.0,1.0,0.0,0.0,1.0,0.0,0.0
North,50.0,7.826087,8.0,True,24.921678,1.0,0.0,0.0,1.0,0.0,0.0,1.0,0.0,0.0
North,50.0,23.478261,6.0,True,29.707351,1.0,0.0,0.0,1.0,0.0,0.0,1.0,0.0,0.0
North,50.0,39.130435,2.0,True,26.182099,1.0,0.0,0.0,1.0,0.0,0.0,1.0,0.0,0.0
North,50.0,54.782609,10.0,True,33.046419,0.893082,0.105346,0.106918,1.0,0.0,0.0,1.0,0.0,0.0
North,50.0,70.434783,24.0,True,31.991076,0.023585,0.100629,0.341195,0.476415,0.341195,0.498428,0.691824,0.257862,0.308176
North,50.0,86.086957,34.0,False,12.139364,,,,,,,,,
North,50.0,101.73913,6.0,True,6.174946,1.0,0.0,0.0,1.0,0.0,0.0,1.0,0.0,0.0
North,50.0,117.391304,4.0,True,5.028299,1.0,0.0,0.0,1.0,0.0,0.0,1.0,0.0,0.0
North,50.0,148.695652,0.0,True,8.85582,1.0,0.0,0.0,1.0,0.0,0.0,1.0,0.0,0.0
North,50.0,180.0,2.0,True,28.32684,1.0,0.0,0.0,1.0,0.0,0.0,1.0,0.0,0.0
North,50.0,258.26087,22.0,True,3.355123,0.056604,0.127358,0.394654,0.592767,0.306604,0.402516,0.801887,0.177673,0.198113
North,50.0,273.913043,20.0,True,3.799285,0.097484,0.176101,0.482704,0.737421,0.22327,0.262579,0.900943,0.099057,0.099057
North,50.0,289.565217,16.0,True,6.266105,0.267296,0.312893,0.613208,0.960692,0.039308,0.039308,1.0,0.0,0.0
North,50.0,305.217391,22.0,True,10.625092,0.056604,0.127358,0.394654,0.592767,0.306604,0.402516,0.801887,0.177673,0.198113
North,50.0,320.869565,14.0,True,13.29194,0.415094,0.36478,0.54717,0.998428,0.001572,0.001572,1.0,0.0,0.0
North,50.0,336.521739,6.0,True,17.356856,1.0,0.0,0.0,1.0,0.0,0.0,1.0,0.0,0.0
North,50.0,352.173913,0.0,True,12.790804,1.0,0.0,0.0,1.0,0.0,0.0,1.0,0.0,0.0
North,40.0,6.428571,10.0,True,42.22734,0.893082,0.105346,0.106918,1.0,0.0,0.0,1.0,0.0,0.0
North,40.0,57.857143,30.0,True,45.733394,0.006289,0.018868,0.124214,0.22956,0.287736,0.586478,0.388365,0.349057,0.561321
North,40.0,70.714286,38.0,False,58.902467,,,,,,,,,
North,40.0,83.571429,36.0,False,57.662931,,,,,,,,,
North,40.0,96.428571,32.0,False,15.381631,,,,,,,,,
North,40.0,135.0,12.0,True,4.629303,0.668239,0.27044,0.330189,1.0,0.0,0.0,1.0,0.0,0.0
North,40.0,147.857143,8.0,True,5.522995,1.0,0.0,0.0,1.0,0.0,0.0,1.0,0.0,0.0
North,40.0,250.714286,30.0,True,2.697242,0.006289,0.018868,0.124214,0.22956,0.287736,0.586478,0.388365,0.349057,0.561321
North,40.0,263.571429,32.0,False,2.542871,,,,,,,,,
North,40.0,276.428571,18.0,True,4.599986,0.169811,0.224843,0.569182,0.855346,0.136792,0.144654,0.970126,0.029874,0.029874
North,40.0,289.285714,26.0,True,9.864836,0.017296,0.066038,0.234277,0.358491,0.363208,0.591195,0.578616,0.309748,0.416667
North,40.0,302.142857,10.0,True,16.037159,0.893082,0.105346,0.106918,1.0,0.0,0.0,1.0,0.0,0.0
North,40.0,315.0,12.0,True,12.778717,0.668239,0.27044,0.330189,1.0,0.0,0.0,1.0,0.0,0.0
North,40.0,340.714286,0.0,True,60.562789,1.0,0.0,0.0,1.0,0.0,0.0,1.0,0.0,0.0
North,30.0,75.483871,46.0,False,61.086607,,,,,,,,,
North,30.0,87.096774,44.0,False,49.601115,,,,,,,,,
North,30.0,98.709677,22.0,True,14.664159,0.056604,0.127358,0.394654,0.592767,0.306604,0.402516,0.801887,0.177673,0.198113
North,30.0,133.548387,26.0,True,4.631512,0.017296,0.066038,0.234277,0.358491,0.363208,0.591195,0.578616,0.309748,0.416667
North,30.0,145.16129,16.0,True,4.810075,0.267296,0.312893,0.613208,0.960692,0.039308,0.039308,1.0,0.0,0.0
North,30.0,156.774194,12.0,True,7.053902,0.668239,0.27044,0.330189,1.0,0.0,0.0,1.0,0.0,0.0
North,30.0,168.387097,20.0,True,8.364487,0.097484,0.176101,0.482704,0.737421,0.22327,0.262579,0.900943,0.099057,0.099057
North,30.0,180.0,8.0,True,15.841474,1.0,0.0,0.0,1.0,0.0,0.0,1.0,0.0,0.0
North,30.0,191.612903,6.0,True,29.40467,1.0,0.0,0.0,1.0,0.0,0.0,1.0,0.0,0.0
North,30.0,238.064516,8.0,True,4.311972,1.0,0.0,0.0,1.0,0.0,0.0,1.0,0.0,0.0
North,30.0,249.677419,24.0,True,3.057796,0.023585,0.100629,0.341195,0.476415,0.341195,0.498428,0.691824,0.257862,0.308176
North,30.0,261.290323,36.0,False,2.927471,,,,,,,,,
North,30.0,272.903226,26.0,True,3.228341,0.017296,0.066038,0.234277,0.358491,0.363208,0.591195,0.578616,0.309748,0.416667
North,30.0,284.516129,18.0,True,8.630665,0.169811,0.224843,0.569182,0.855346,0.136792,0.144654,0.970126,0.029874,0.029874
North,30.0,296.129032,8.0,True,20.716911,1.0,0.0,0.0,1.0,0.0,0.0,1.0,0.0,0.0
North,30.0,307.741935,16.0,True,21.508882,0.267296,0.312893,0.613208,0.960692,0.039308,0.039308,1.0,0.0,0.0
North,30.0,319.354839,8.0,True,26.520743,1.0,0.0,0.0,1.0,0.0,0.0,1.0,0.0,0.0
North,30.0,330.967742,10.0,True,66.301273,0.893082,0.105346,0.106918,1.0,0.0,0.0,1.0,0.0,0.0
North,30.0,342.580645,12.0,True,84.026704,0.668239,0.27044,0.330189,1.0,0.0,0.0,1.0,0.0,0.0
North,20.0,100.588235,0.0,True,31.728175,1.0,0.0,0.0,1.0,0.0,0.0,1.0,0.0,0.0
North,20.0,132.352941,4.0,True,12.307505,1.0,0.0,0.0,1.0,0.0,0.0,1.0,0.0,0.0
North,20.0,142.941176,18.0,True,4.971481,0.169811,0.224843,0.569182,0.855346,0.136792,0.144654,0.970126,0.029874,0.029874
North,20.0,153.529412,16.0,True,7.049879,0.267296,0.312893,0.613208,0.960692,0.039308,0.039308,1.0,0.0,0.0
North,20.0,164.117647,8.0,True,9.159304,1.0,0.0,0.0,1.0,0.0,0.0,1.0,0.0,0.0
North,20.0,195.882353,14.0,True,55.308718,0.415094,0.36478,0.54717,0.998428,0.001572,0.001572,1.0,0.0,0.0
North,20.0,206.470588,2.0,True,63.345368,1.0,0.0,0.0,1.0,0.0,0.0,1.0,0.0,0.0
North,20.0,217.058824,4.0,True,27.792575,1.0,0.0,0.0,1.0,0.0,0.0,1.0,0.0,0.0
North,20.0,238.235294,12.0,True,4.469101,0.668239,0.27044,0.330189,1.0,0.0,0.0,1.0,0.0,0.0
North,20.0,248.823529,28.0,True,3.210743,0.006289,0.034591,0.190252,0.305031,0.311321,0.592767,0.488994,0.327044,0.485849
North,20.0,259.411765,30.0,True,2.880134,0.006289,0.018868,0.124214,0.22956,0.287736,0.586478,0.388365,0.349057,0.561321
North,20.0,270.0,40.0,False,3.338973,,,,,,,,,
North,20.0,280.588235,22.0,True,3.857211,0.056604,0.127358,0.394654,0.592767,0.306604,0.402516,0.801887,0.177673,0.198113
North,20.0,291.176471,18.0,True,7.434817,0.169811,0.224843,0.569182,0.855346,0.136792,0.144654,0.970126,0.029874,0.029874
North,20.0,301.764706,10.0,True,33.215026,0.893082,0.105346,0.106918,1.0,0.0,0.0,1.0,0.0,0.0
North,20.0,312.352941,32.0,False,46.766191,,,,,,,,,
North,20.0,322.941176,28.0,True,46.752762,0.006289,0.034591,0.190252,0.305031,0.311321,0.592767,0.488994,0.327044,0.485849
North,20.0,333.529412,26.0,True,61.302742,0.017296,0.066038,0.234277,0.358491,0.363208,0.591195,0.578616,0.309748,0.416667
North,10.0,138.857143,6.0,True,26.463224,1.0,0.0,0.0,1.0,0.0,0.0,1.0,0.0,0.0
North,10.0,149.142857,12.0,True,34.68583,0.668239,0.27044,0.330189,1.0,0.0,0.0,1.0,0.0,0.0
North,10.0,159.428571,2.0,True,33.995602,1.0,0.0,0.0,1.0,0.0,0.0,1.0,0.0,0.0
North,10.0,200.571429,10.0,True,67.163893,0.893082,0.105346,0.106918,1.0,0.0,0.0,1.0,0.0,0.0
North,10.0,210.857143,48.0,False,51.248947,,,,,,,,,
North,10.0,221.142857,44.0,False,15.166304,,,,,,,,,
North,10.0,252.0,32.0,False,2.949169,,,,,,,,,
North,10.0,262.285714,32.0,False,2.507538,,,,,,,,,
North,10.0,272.571429,42.0,False,3.798281,,,,,,,,,
North,10.0,282.857143,30.0,True,5.046676,0.006289,0.018868,0.124214,0.22956,0.287736,0.586478,0.388365,0.349057,0.561321
North,10.0,293.142857,22.0,True,19.234427,0.056604,0.127358,0.394654,0.592767,0.306604,0.402516,0.801887,0.177673,0.198113
North,10.0,303.428571,50.0,False,71.886785,,,,,,,,,
North,10.0,313.714286,54.0,False,90.108253,,,,,,,,,
North,0.0,125.0,38.0,False,58.670141,,,,,,,,,
North,0.0,135.0,32.0,False,43.351335,,,,,,,,,
North,0.0,145.0,14.0,True,46.036757,0.415094,0.36478,0.54717,0.998428,0.001572,0.001572,1.0,0.0,0.0
North,0.0,185.0,24.0,True,105.561889,0.023585,0.100629,0.341195,0.476415,0.341195,0.498428,0.691824,0.257862,0.308176
North,0.0,195.0,28.0,True,107.397839,0.006289,0.034591,0.190252,0.305031,0.311321,0.592767,0.488994,0.327044,0.485849
North,0.0,205.0,48.0,False,87.990098,,,,,,,,,
North,0.0,215.0,34.0,False,117.160614,,,,,,,,,
North,0.0,235.0,0.0,True,44.064983,1.0,0.0,0.0,1.0,0.0,0.0,1.0,0.0,0.0
North,0.0,245.0,0.0,True,6.361921,1.0,0.0,0.0,1.0,0.0,0.0,1.0,0.0,0.0
North,0.0,255.0,36.0,False,3.896805,,,,,,,,,
North,0.0,265.0,32.0,False,3.559343,,,,,,,,,
North,0.0,275.0,30.0,True,4.587814,0.006289,0.018868,0.124214,0.22956,0.287736,0.586478,0.388365,0.349057,0.561321
North,-10.0,180.0,20.0,True,125.306625,0.097484,0.176101,0.482704,0.737421,0.22327,0.262579,0.900943,0.099057,0.099057
South,40.0,19.285714,10.0,True,28.724299,1.0,0.0,0.0,1.0,0.0,0.0,1.0,0.0,0.0
South,40.0,45.0,16.0,True,39.018438,0.272727,0.393939,0.606061,1.0,0.0,0.0,1.0,0.0,0.0
South,30.0,5.806452,2.0,True,61.052499,1.0,0.0,0.0,1.0,0.0,0.0,1.0,0.0,0.0
South,30.0,40.645161,2.0,True,48.572972,1.0,0.0,0.0,1.0,0.0,0.0,1.0,0.0,0.0
South,30.0,52.258065,14.0,True,62.384455,0.530303,0.272727,0.469697,1.0,0.0,0.0,1.0,0.0,0.0
South,30.0,63.870968,42.0,False,50.581555,,,,,,,,,
South,30.0,354.193548,0.0,True,61.018128,1.0,0.0,0.0,1.0,0.0,0.0,1.0,0.0,0.0
South,20.0,47.647059,4.0,True,73.570712,1.0,0.0,0.0,1.0,0.0,0.0,1.0,0.0,0.0
South,20.0,68.823529,44.0,False,40.362222,,,,,,,,,
South,20.0,79.411765,46.0,False,26.197175,,,,,,,,,
South,20.0,90.0,38.0,True,18.393772,0.0,0.0,0.0,0.060606,0.090909,0.393939,0.151515,0.227273,0.606061
South,20.0,344.117647,12.0,True,97.20301,0.787879,0.212121,0.212121,1.0,0.0,0.0,1.0,0.0,0.0
South,20.0,354.705882,4.0,True,73.132148,1.0,0.0,0.0,1.0,0.0,0.0,1.0,0.0,0.0
South,10.0,5.142857,4.0,True,73.715352,1.0,0.0,0.0,1.0,0.0,0.0,1.0,0.0,0.0
South,10.0,36.0,52.0,False,148.078494,,,,,,,,,
South,10.0,56.571429,44.0,False,66.021442,,,,,,,,,
South,10.0,66.857143,50.0,False,54.474167,,,,,,,,,
South,10.0,77.142857,6.0,True,41.854694,1.0,0.0,0.0,1.0,0.0,0.0,1.0,0.0,0.0
South,10.0,87.428571,40.0,True,14.748079,0.0,0.0,0.0,0.060606,0.060606,0.30303,0.121212,0.136364,0.606061
South,10.0,97.714286,36.0,True,37.549066,0.0,0.0,0.0,0.090909,0.090909,0.530303,0.181818,0.378788,0.621212
South,10.0,108.0,22.0,True,58.245212,0.060606,0.060606,0.287879,0.69697,0.287879,0.30303,0.954545,0.045455,0.045455
South,10.0,324.0,54.0,False,84.977682,,,,,,,,,
South,10.0,334.285714,50.0,False,79.740164,,,,,,,,,
South,10.0,344.571429,32.0,True,108.791767,0.0,0.0,0.0,0.151515,0.242424,0.606061,0.333333,0.409091,0.621212
South,10.0,354.857143,16.0,True,89.396797,0.272727,0.393939,0.606061,1.0,0.0,0.0,1.0,0.0,0.0
South,0.0,15.0,30.0,True,70.461087,0.0,0.0,0.0,0.212121,0.393939,0.590909,0.484848,0.30303,0.515152
South,0.0,25.0,70.0,False,158.920078,,,,,,,,,
South,0.0,35.0,56.0,False,245.126586,,,,,,,,,
South,0.0,45.0,60.0,False,202.166186,,,,,,,,,
South,0.0,55.0,52.0,False,117.600848,,,,,,,,,
South,0.0,65.0,42.0,False,97.575826,,,,,,,,,
South,0.0,75.0,12.0,True,78.221938,0.787879,0.212121,0.212121,1.0,0.0,0.0,1.0,0.0,0.0
South,0.0,85.0,10.0,True,53.946982,1.0,0.0,0.0,1.0,0.0,0.0,1.0,0.0,0.0
South,0.0,95.0,40.0,True,52.75142,0.0,0.0,0.0,0.060606,0.060606,0.30303,0.121212,0.136364,0.606061
South,0.0,105.0,48.0,False,69.485777,,,,,,,,,
South,0.0,115.0,50.0,False,65.162606,,,,,,,,,
South,0.0,285.0,38.0,True,15.117701,0.0,0.0,0.0,0.060606,0.090909,0.393939,0.151515,0.227273,0.606061
South,0.0,295.0,56.0,False,68.195743,,,,,,,,,
South,0.0,305.0,58.0,False,144.002467,,,,,,,,,
South,0.0,315.0,72.0,False,167.849837,,,,,,,,,
South,0.0,325.0,66.0,False,122.561488,,,,,,,,,
South,0.0,335.0,68.0,False,96.067265,,,,,,,,,
South,-10.0,5.142857,42.0,False,63.050849,,,,,,,,,
South,-10.0,15.428571,30.0,True,67.050485,0.0,0.0,0.0,0.212121,0.393939,0.590909,0.484848,0.30303,0.515152
South,-10.0,25.714286,60.0,False,129.373091,,,,,,,,,
South,-10.0,36.0,58.0,False,211.287193,,,,,,,,,
South,-10.0,46.285714,60.0,False,154.644183,,,,,,,,,
South,-10.0,56.571429,52.0,False,99.284888,,,,,,,,,
South,-10.0,66.857143,16.0,True,119.878434,0.272727,0.393939,0.606061,1.0,0.0,0.0,1.0,0.0,0.0
South,-10.0,77.142857,8.0,True,93.700173,1.0,0.0,0.0,1.0,0.0,0.0,1.0,0.0,0.0
South,-10.0,87.428571,6.0,True,93.543,1.0,0.0,0.0,1.0,0.0,0.0,1.0,0.0,0.0
South,-10.0,97.714286,44.0,False,105.816313,,,,,,,,,
South,-10.0,108.0,66.0,False,138.104571,,,,,,,,,
South,-10.0,118.285714,46.0,False,155.416364,,,,,,,,,
South,-10.0,128.571429,50.0,False,101.746346,,,,,,,,,
South,-10.0,138.857143,22.0,True,75.502305,0.060606,0.060606,0.287879,0.69697,0.287879,0.30303,0.954545,0.045455,0.045455
South,-10.0,149.142857,20.0,True,102.389954,0.090909,0.121212,0.484848,0.878788,0.121212,0.121212,1.0,0.0,0.0
South,-10.0,159.428571,22.0,True,130.266359,0.060606,0.060606,0.287879,0.69697,0.287879,0.30303,0.954545,0.045455,0.045455
South,-10.0,210.857143,30.0,True,145.956054,0.0,0.0,0.0,0.212121,0.393939,0.590909,0.484848,0.30303,0.515152
South,-10.0,241.714286,14.0,True,30.627135,0.530303,0.272727,0.469697,1.0,0.0,0.0,1.0,0.0,0.0
South,-10.0,252.0,42.0,False,17.729923,,,,,,,,,
South,-10.0,262.285714,58.0,False,9.982766,,,,,,,,,
South,-10.0,272.571429,44.0,False,4.739711,,,,,,,,,
South,-10.0,282.857143,36.0,True,9.429702,0.0,0.0,0.0,0.090909,0.090909,0.530303,0.181818,0.378788,0.621212
South,-10.0,293.142857,20.0,True,44.127508,0.090909,0.121212,0.484848,0.878788,0.121212,0.121212,1.0,0.0,0.0
South,-20.0,15.882353,36.0,True,40.196999,0.0,0.0,0.0,0.090909,0.090909,0.530303,0.181818,0.378788,0.621212
South,-20.0,26.470588,58.0,False,56.847617,,,,,,,,,
South,-20.0,37.058824,60.0,False,65.952575,,,,,,,,,
South,-20.0,47.647059,50.0,False,54.168537,,,,,,,,,
South,-20.0,58.235294,16.0,True,47.842415,0.272727,0.393939,0.606061,1.0,0.0,0.0,1.0,0.0,0.0
South,-20.0,68.823529,0.0,True,94.265929,1.0,0.0,0.0,1.0,0.0,0.0,1.0,0.0,0.0
South,-20.0,79.411765,0.0,True,88.025294,1.0,0.0,0.0,1.0,0.0,0.0,1.0,0.0,0.0
South,-20.0,90.0,4.0,True,93.99185,1.0,0.0,0.0,1.0,0.0,0.0,1.0,0.0,0.0
South,-20.0,100.588235,56.0,False,109.440495,,,,,,,,,
South,-20.0,111.176471,64.0,False,137.893569,,,,,,,,,
South,-20.0,121.764706,48.0,False,128.618791,,,,,,,,,
South,-20.0,132.352941,20.0,True,90.772912,0.090909,0.121212,0.484848,0.878788,0.121212,0.121212,1.0,0.0,0.0
South,-20.0,142.941176,24.0,True,94.677846,0.015152,0.045455,0.19697,0.575758,0.287879,0.424242,0.833333,0.166667,0.166667
South,-20.0,153.529412,22.0,True,210.504268,0.060606,0.060606,0.287879,0.69697,0.287879,0.30303,0.954545,0.045455,0.045455
South,-20.0,174.705882,28.0,True,151.190971,0.0,0.0,0.045455,0.272727,0.439394,0.651515,0.575758,0.30303,0.424242
South,-20.0,217.058824,16.0,True,134.129266,0.272727,0.393939,0.606061,1.0,0.0,0.0,1.0,0.0,0.0
South,-20.0,227.647059,14.0,True,149.988371,0.530303,0.272727,0.469697,1.0,0.0,0.0,1.0,0.0,0.0
South,-20.0,238.235294,12.0,True,102.547511,0.787879,0.212121,0.212121,1.0,0.0,0.0,1.0,0.0,0.0
South,-20.0,248.823529,30.0,True,61.55796,0.0,0.0,0.0,0.212121,0.393939,0.590909,0.484848,0.30303,0.515152
South,-20.0,259.411765,42.0,False,57.618497,,,,,,,,,
South,-20.0,270.0,50.0,False,20.039379,,,,,,,,,
South,-20.0,280.588235,38.0,True,9.932136,0.0,0.0,0.0,0.060606,0.090909,0.393939,0.151515,0.227273,0.606061
South,-20.0,291.176471,54.0,False,30.274893,,,,,,,,,
South,-20.0,322.941176,62.0,False,55.330526,,,,,,,,,
South,-20.0,333.529412,52.0,False,22.829954,,,,,,,,,
South,-20.0,344.117647,32.0,True,33.380419,0.0,0.0,0.0,0.151515,0.242424,0.606061,0.333333,0.409091,0.621212
South,-30.0,5.806452,42.0,False,41.011483,,,,,,,,,
South,-30.0,17.419355,26.0,True,35.469101,0.0,0.015152,0.106061,0.454545,0.30303,0.530303,0.651515,0.318182,0.348485
South,-30.0,29.032258,0.0,True,17.35836,1.0,0.0,0.0,1.0,0.0,0.0,1.0,0.0,0.0
South,-30.0,98.709677,46.0,False,90.234999,,,,,,,,,
South,-30.0,110.322581,54.0,False,90.535112,,,,,,,,,
South,-30.0,121.935484,46.0,False,71.533201,,,,,,,,,
South,-30.0,133.548387,10.0,True,130.348217,1.0,0.0,0.0,1.0,0.0,0.0,1.0,0.0,0.0
South,-30.0,145.16129,20.0,True,135.089824,0.090909,0.121212,0.484848,0.878788,0.121212,0.121212,1.0,0.0,0.0
South,-30.0,203.225806,16.0,True,210.932419,0.272727,0.393939,0.606061,1.0,0.0,0.0,1.0,0.0,0.0
South,-30.0,226.451613,10.0,True,165.320672,1.0,0.0,0.0,1.0,0.0,0.0,1.0,0.0,0.0
South,-30.0,238.064516,4.0,True,130.333104,1.0,0.0,0.0,1.0,0.0,0.0,1.0,0.0,0.0
South,-30.0,261.290323,18.0,True,67.102085,0.151515,0.257576,0.575758,1.0,0.0,0.0,1.0,0.0,0.0
South,-30.0,272.903226,28.0,True,35.602967,0.0,0.0,0.045455,0.272727,0.439394,0.651515,0.575758,0.30303,0.424242
South,-30.0,284.516129,44.0,False,64.073151,,,,,,,,,
South,-30.0,296.129032,56.0,False,104.419791,,,,,,,,,
South,-30.0,307.741935,50.0,False,105.862699,,,,,,,,,
South,-30.0,319.354839,48.0,False,66.136339,,,,,,,,,
South,-30.0,330.967742,44.0,False,39.295617,,,,,,,,,
South,-30.0,342.580645,22.0,True,21.690209,0.060606,0.060606,0.287879,0.69697,0.287879,0.30303,0.954545,0.045455,0.045455
South,-30.0,354.193548,28.0,True,28.84371,0.0,0.0,0.045455,0.272727,0.439394,0.651515,0.575758,0.30303,0.424242
South,-40.0,6.428571,20.0,True,26.22199,0.090909,0.121212,0.484848,0.878788,0.121212,0.121212,1.0,0.0,0.0
South,-40.0,19.285714,32.0,True,23.781408,0.0,0.0,0.0,0.151515,0.242424,0.606061,0.333333,0.409091,0.621212
South,-40.0,32.142857,18.0,True,7.342592,0.151515,0.257576,0.575758,1.0,0.0,0.0,1.0,0.0,0.0
South,-40.0,45.0,12.0,True,9.736445,0.787879,0.212121,0.212121,1.0,0.0,0.0,1.0,0.0,0.0
South,-40.0,57.857143,8.0,True,5.599619,1.0,0.0,0.0,1.0,0.0,0.0,1.0,0.0,0.0
South,-40.0,70.714286,8.0,True,3.914295,1.0,0.0,0.0,1.0,0.0,0.0,1.0,0.0,0.0
South,-40.0,83.571429,26.0,True,20.217816,0.0,0.015152,0.106061,0.454545,0.30303,0.530303,0.651515,0.318182,0.348485
South,-40.0,109.285714,42.0,False,96.569303,,,,,,,,,
South,-40.0,122.142857,16.0,True,111.763928,0.272727,0.393939,0.606061,1.0,0.0,0.0,1.0,0.0,0.0
South,-40.0,135.0,0.0,True,144.328632,1.0,0.0,0.0,1.0,0.0,0.0,1.0,0.0,0.0
South,-40.0,147.857143,10.0,True,226.109035,1.0,0.0,0.0,1.0,0.0,0.0,1.0,0.0,0.0
South,-40.0,199.285714,18.0,True,232.067596,0.151515,0.257576,0.575758,1.0,0.0,0.0,1.0,0.0,0.0
South,-40.0,212.142857,6.0,True,233.870273,1.0,0.0,0.0,1.0,0.0,0.0,1.0,0.0,0.0
South,-40.0,237.857143,18.0,True,112.824998,0.151515,0.257576,0.575758,1.0,0.0,0.0,1.0,0.0,0.0
South,-40.0,250.714286,22.0,True,56.30182,0.060606,0.060606,0.287879,0.69697,0.287879,0.30303,0.954545,0.045455,0.045455
South,-40.0,263.571429,18.0,True,31.974296,0.151515,0.257576,0.575758,1.0,0.0,0.0,1.0,0.0,0.0
South,-40.0,276.428571,32.0,True,41.006035,0.0,0.0,0.0,0.151515,0.242424,0.606061,0.333333,0.409091,0.621212
South,-40.0,289.285714,52.0,False,86.821425,,,,,,,,,
South,-40.0,302.142857,54.0,False,96.968795,,,,,,,,,
South,-40.0,315.0,56.0,False,48.635867,,,,,,,,,
South,-40.0,327.857143,38.0,True,30.546032,0.0,0.0,0.0,0.060606,0.090909,0.393939,0.151515,0.227273,0.606061
South,-40.0,340.714286,24.0,True,15.845982,0.015152,0.045455,0.19697,0.575758,0.287879,0.424242,0.833333,0.166667,0.166667
South,-40.0,353.571429,14.0,True,17.162916,0.530303,0.272727,0.469697,1.0,0.0,0.0,1.0,0.0,0.0
South,-50.0,7.826087,20.0,True,16.557045,0.090909,0.121212,0.484848,0.878788,0.121212,0.121212,1.0,0.0,0.0
South,-50.0,23.478261,30.0,True,7.726185,0.0,0.0,0.0,0.212121,0.393939,0.590909,0.484848,0.30303,0.515152
South,-50.0,39.130435,36.0,True,5.497136,0.0,0.0,0.0,0.090909,0.090909,0.530303,0.181818,0.378788,0.621212
South,-50.0,54.782609,22.0,True,4.825796,0.060606,0.060606,0.287879,0.69697,0.287879,0.30303,0.954545,0.045455,0.045455
South,-50.0,70.434783,22.0,True,5.029279,0.060606,0.060606,0.287879,0.69697,0.287879,0.30303,0.954545,0.045455,0.045455
South,-50.0,86.086957,38.0,True,12.624779,0.0,0.0,0.0,0.060606,0.090909,0.393939,0.151515,0.227273,0.606061
South,-50.0,101.73913,48.0,False,44.030687,,,,,,,,,
South,-50.0,117.391304,18.0,True,69.775748,0.151515,0.257576,0.575758,1.0,0.0,0.0,1.0,0.0,0.0
South,-50.0,164.347826,28.0,True,493.724749,0.0,0.0,0.045455,0.272727,0.439394,0.651515,0.575758,0.30303,0.424242
South,-50.0,180.0,40.0,True,522.837314,0.0,0.0,0.0,0.060606,0.060606,0.30303,0.121212,0.136364,0.606061
South,-50.0,195.652174,44.0,False,390.257306,,,,,,,,,
South,-50.0,211.304348,46.0,False,334.446579,,,,,,,,,
South,-50.0,226.956522,38.0,True,196.175856,0.0,0.0,0.0,0.060606,0.090909,0.393939,0.151515,0.227273,0.606061
South,-50.0,242.608696,30.0,True,61.19053,0.0,0.0,0.0,0.212121,0.393939,0.590909,0.484848,0.30303,0.515152
South,-50.0,258.26087,24.0,True,21.409427,0.015152,0.045455,0.19697,0.575758,0.287879,0.424242,0.833333,0.166667,0.166667
South,-50.0,289.565217,30.0,True,21.012856,0.0,0.0,0.0,0.212121,0.393939,0.590909,0.484848,0.30303,0.515152
South,-50.0,305.217391,34.0,True,12.680102,0.0,0.0,0.0,0.121212,0.136364,0.575758,0.257576,0.409091,0.590909
South,-50.0,320.869565,34.0,True,10.307345,0.0,0.0,0.0,0.121212,0.136364,0.575758,0.257576,0.409091,0.590909
South,-50.0,336.521739,12.0,True,11.797698,0.787879,0.212121,0.212121,1.0,0.0,0.0,1.0,0.0,0.0
South,-50.0,352.173913,14.0,True,18.240611,0.530303,0.272727,0.469697,1.0,0.0,0.0,1.0,0.0,0.0
South,-60.0,10.0,28.0,True,20.287712,0.0,0.0,0.045455,0.272727,0.439394,0.651515,0.575758,0.30303,0.424242
South,-60.0,30.0,28.0,True,22.648453,0.0,0.0,0.045455,0.272727,0.439394,0.651515,0.575758,0.30303,0.424242
South,-60.0,50.0,34.0,True,11.328279,0.0,0.0,0.0,0.121212,0.136364,0.575758,0.257576,0.409091,0.590909
South,-60.0,70.0,24.0,True,7.026109,0.015152,0.045455,0.19697,0.575758,0.287879,0.424242,0.833333,0.166667,0.166667
South,-60.0,90.0,30.0,True,8.875565,0.0,0.0,0.0,0.212121,0.393939,0.590909,0.484848,0.30303,0.515152
South,-60.0,110.0,18.0,True,23.457556,0.151515,0.257576,0.575758,1.0,0.0,0.0,1.0,0.0,0.0
South,-60.0,130.0,4.0,True,84.383153,1.0,0.0,0.0,1.0,0.0,0.0,1.0,0.0,0.0
South,-60.0,150.0,24.0,True,248.290805,0.015152,0.045455,0.19697,0.575758,0.287879,0.424242,0.833333,0.166667,0.166667
South,-60.0,170.0,42.0,False,447.144001,,,,,,,,,
South,-60.0,190.0,50.0,False,425.674216,,,,,,,,,
South,-60.0,210.0,64.0,False,311.454896,,,,,,,,,
South,-60.0,230.0,46.0,False,135.410502,,,,,,,,,
South,-60.0,250.0,44.0,False,65.848943,,,,,,,,,
South,-60.0,270.0,60.0,False,12.98727,,,,,,,,,
South,-60.0,290.0,10.0,True,8.544435,1.0,0.0,0.0,1.0,0.0,0.0,1.0,0.0,0.0
South,-60.0,310.0,24.0,True,10.296627,0.015152,0.045455,0.19697,0.575758,0.287879,0.424242,0.833333,0.166667,0.166667
South,-60.0,330.0,16.0,True,12.144852,0.272727,0.393939,0.606061,1.0,0.0,0.0,1.0,0.0,0.0
South,-60.0,350.0,18.0,True,14.511426,0.151515,0.257576,0.575758,1.0,0.0,0.0,1.0,0.0,0.0
South,-70.0,15.0,34.0,True,22.315686,0.0,0.0,0.0,0.121212,0.136364,0.575758,0.257576,0.409091,0.590909
South,-70.0,45.0,34.0,True,18.510433,0.0,0.0,0.0,0.121212,0.136364,0.575758,0.257576,0.409091,0.590909
South,-70.0,75.0,52.0,False,9.270838,,,,,,,,,
South,-70.0,105.0,38.0,True,23.794182,0.0,0.0,0.0,0.060606,0.090909,0.393939,0.151515,0.227273,0.606061
South,-70.0,135.0,14.0,True,107.639018,0.530303,0.272727,0.469697,1.0,0.0,0.0,1.0,0.0,0.0
South,-70.0,165.0,54.0,False,281.830866,,,,,,,,,
South,-70.0,195.0,72.0,False,276.0458,,,,,,,,,
South,-70.0,255.0,66.0,False,88.804262,,,,,,,,,
South,-70.0,285.0,48.0,False,12.562543,,,,,,,,,
South,-70.0,315.0,46.0,False,11.208786,,,,,,,,,
South,-70.0,345.0,34.0,True,9.496689,0.0,0.0,0.0,0.121212,0.136364,0.575758,0.257576,0.409091,0.590909
South,-80.0,30.0,50.0,False,11.751472,,,,,,,,,
South,-80.0,90.0,60.0,False,16.231554,,,,,,,,,
South,-80.0,270.0,66.0,False,48.838567,,,,,,,,,
South,-80.0,330.0,50.0,False,13.241511,,,,,,,,,
South,-90.0,0.0,64.0,False,61.433539,,,,,,,,,
