efficiency_ratio,true_field_ut,apparent_field_ut,lab_ptrm_normalized,nrm_remaining_normalized
0.5,25,12.5,0.0,1.0
0.5,25,12.5,0.4,0.9
0.5,25,12.5,0.8,0.8
0.5,25,12.5,1.2000000000000002,0.7
0.5,25,12.5,1.6,0.6
0.5,25,12.5,2.0,0.5
0.5,25,12.5,2.4000000000000004,0.3999999999999999
0.5,25,12.5,2.8,0.29999999999999993
0.5,25,12.5,3.2,0.19999999999999996
0.5,25,12.5,3.6,0.09999999999999998
0.5,25,12.5,4.0,0.0
1,25,25.0,0.0,1.0
1,25,25.0,0.2,0.9
1,25,25.0,0.4,0.8
1,25,25.0,0.6000000000000001,0.7
1,25,25.0,0.8,0.6
1,25,25.0,1.0,0.5
1,25,25.0,1.2000000000000002,0.3999999999999999
1,25,25.0,1.4,0.29999999999999993
1,25,25.0,1.6,0.19999999999999996
1,25,25.0,1.8,0.09999999999999998
1,25,25.0,2.0,0.0
2,25,50.0,0.0,1.0
2,25,50.0,0.1,0.9
2,25,50.0,0.2,0.8
2,25,50.0,0.30000000000000004,0.7
2,25,50.0,0.4,0.6
2,25,50.0,0.5,0.5
2,25,50.0,0.6000000000000001,0.3999999999999999
2,25,50.0,0.7,0.29999999999999993
2,25,50.0,0.8,0.19999999999999996
2,25,50.0,0.9,0.09999999999999998
2,25,50.0,1.0,0.0
