longitude_deg_e,scenario,peak_load_km,elastic_km,offset_km,width_km,smoothing_km,observed_proxy_km,restored_proxy_km,shift_km,at_search_edge
56,a0_te30_offset150_width100,0,30,150,100,25,-570.4870459531265,-570.4870459531265,0.0,False
56,a0_te30_offset150_width100,0,30,150,100,50,-570.4870459531265,-570.4870459531265,0.0,False
56,a0_te30_offset150_width100,0,30,150,100,100,259.3122936150575,259.3122936150575,0.0,False
56,a-1_te10_offset-150_width100,-1,10,-150,100,25,-570.4870459531265,-570.4870459531265,0.0,False
56,a-1_te10_offset-150_width100,-1,10,-150,100,50,-570.4870459531265,-585.3048913025583,-14.817845349431764,True
56,a-1_te10_offset-150_width100,-1,10,-150,100,100,259.3122936150575,-585.3048913025583,-844.6171849176158,True
56,a-1_te10_offset-150_width200,-1,10,-150,200,25,-570.4870459531265,-570.4870459531265,0.0,False
56,a-1_te10_offset-150_width200,-1,10,-150,200,50,-570.4870459531265,-570.4870459531265,0.0,False
56,a-1_te10_offset-150_width200,-1,10,-150,200,100,259.3122936150575,-585.3048913025583,-844.6171849176158,True
56,a-1_te10_offset150_width100,-1,10,150,100,25,-570.4870459531265,-570.4870459531265,0.0,False
56,a-1_te10_offset150_width100,-1,10,150,100,50,-570.4870459531265,-585.3048913025583,-14.817845349431764,True
56,a-1_te10_offset150_width100,-1,10,150,100,100,259.3122936150575,259.3122936150575,0.0,False
56,a-1_te10_offset150_width200,-1,10,150,200,25,-570.4870459531265,-570.4870459531265,0.0,False
56,a-1_te10_offset150_width200,-1,10,150,200,50,-570.4870459531265,-570.4870459531265,0.0,False
56,a-1_te10_offset150_width200,-1,10,150,200,100,259.3122936150575,244.49444826562564,-14.817845349431877,False
56,a-1_te30_offset-150_width100,-1,30,-150,100,25,-570.4870459531265,-570.4870459531265,0.0,False
56,a-1_te30_offset-150_width100,-1,30,-150,100,50,-570.4870459531265,-585.3048913025583,-14.817845349431764,True
56,a-1_te30_offset-150_width100,-1,30,-150,100,100,259.3122936150575,-585.3048913025583,-844.6171849176158,True
56,a-1_te30_offset-150_width200,-1,30,-150,200,25,-570.4870459531265,-570.4870459531265,0.0,False
56,a-1_te30_offset-150_width200,-1,30,-150,200,50,-570.4870459531265,-570.4870459531265,0.0,False
56,a-1_te30_offset-150_width200,-1,30,-150,200,100,259.3122936150575,-585.3048913025583,-844.6171849176158,True
56,a-1_te30_offset150_width100,-1,30,150,100,25,-570.4870459531265,-570.4870459531265,0.0,False
56,a-1_te30_offset150_width100,-1,30,150,100,50,-570.4870459531265,-585.3048913025583,-14.817845349431764,True
56,a-1_te30_offset150_width100,-1,30,150,100,100,259.3122936150575,244.49444826562564,-14.817845349431877,False
56,a-1_te30_offset150_width200,-1,30,150,200,25,-570.4870459531265,-570.4870459531265,0.0,False
56,a-1_te30_offset150_width200,-1,30,150,200,50,-570.4870459531265,-570.4870459531265,0.0,False
56,a-1_te30_offset150_width200,-1,30,150,200,100,259.3122936150575,259.3122936150575,0.0,False
56,a-1_te60_offset-150_width100,-1,60,-150,100,25,-570.4870459531265,-570.4870459531265,0.0,False
56,a-1_te60_offset-150_width100,-1,60,-150,100,50,-570.4870459531265,-585.3048913025583,-14.817845349431764,True
56,a-1_te60_offset-150_width100,-1,60,-150,100,100,259.3122936150575,-585.3048913025583,-844.6171849176158,True
56,a-1_te60_offset-150_width200,-1,60,-150,200,25,-570.4870459531265,-570.4870459531265,0.0,False
56,a-1_te60_offset-150_width200,-1,60,-150,200,50,-570.4870459531265,-570.4870459531265,0.0,False
56,a-1_te60_offset-150_width200,-1,60,-150,200,100,259.3122936150575,-585.3048913025583,-844.6171849176158,True
56,a-1_te60_offset150_width100,-1,60,150,100,25,-570.4870459531265,-570.4870459531265,0.0,False
56,a-1_te60_offset150_width100,-1,60,150,100,50,-570.4870459531265,244.49444826562564,814.9814942187522,False
56,a-1_te60_offset150_width100,-1,60,150,100,100,259.3122936150575,259.3122936150575,0.0,False
56,a-1_te60_offset150_width200,-1,60,150,200,25,-570.4870459531265,-570.4870459531265,0.0,False
56,a-1_te60_offset150_width200,-1,60,150,200,50,-570.4870459531265,-570.4870459531265,0.0,False
56,a-1_te60_offset150_width200,-1,60,150,200,100,259.3122936150575,259.3122936150575,0.0,False
56,a-0.5_te10_offset-150_width100,-0.5,10,-150,100,25,-570.4870459531265,-570.4870459531265,0.0,False
56,a-0.5_te10_offset-150_width100,-0.5,10,-150,100,50,-570.4870459531265,-570.4870459531265,0.0,False
56,a-0.5_te10_offset-150_width100,-0.5,10,-150,100,100,259.3122936150575,-585.3048913025583,-844.6171849176158,True
56,a-0.5_te10_offset-150_width200,-0.5,10,-150,200,25,-570.4870459531265,-570.4870459531265,0.0,False
56,a-0.5_te10_offset-150_width200,-0.5,10,-150,200,50,-570.4870459531265,-570.4870459531265,0.0,False
56,a-0.5_te10_offset-150_width200,-0.5,10,-150,200,100,259.3122936150575,-585.3048913025583,-844.6171849176158,True
56,a-0.5_te10_offset150_width100,-0.5,10,150,100,25,-570.4870459531265,-570.4870459531265,0.0,False
56,a-0.5_te10_offset150_width100,-0.5,10,150,100,50,-570.4870459531265,-570.4870459531265,0.0,False
56,a-0.5_te10_offset150_width100,-0.5,10,150,100,100,259.3122936150575,259.3122936150575,0.0,False
56,a-0.5_te10_offset150_width200,-0.5,10,150,200,25,-570.4870459531265,-570.4870459531265,0.0,False
56,a-0.5_te10_offset150_width200,-0.5,10,150,200,50,-570.4870459531265,-570.4870459531265,0.0,False
56,a-0.5_te10_offset150_width200,-0.5,10,150,200,100,259.3122936150575,244.49444826562564,-14.817845349431877,False
56,a-0.5_te30_offset-150_width100,-0.5,30,-150,100,25,-570.4870459531265,-570.4870459531265,0.0,False
56,a-0.5_te30_offset-150_width100,-0.5,30,-150,100,50,-570.4870459531265,-585.3048913025583,-14.817845349431764,True
56,a-0.5_te30_offset-150_width100,-0.5,30,-150,100,100,259.3122936150575,-585.3048913025583,-844.6171849176158,True
56,a-0.5_te30_offset-150_width200,-0.5,30,-150,200,25,-570.4870459531265,-570.4870459531265,0.0,False
56,a-0.5_te30_offset-150_width200,-0.5,30,-150,200,50,-570.4870459531265,-570.4870459531265,0.0,False
56,a-0.5_te30_offset-150_width200,-0.5,30,-150,200,100,259.3122936150575,-585.3048913025583,-844.6171849176158,True
56,a-0.5_te30_offset150_width100,-0.5,30,150,100,25,-570.4870459531265,-570.4870459531265,0.0,False
56,a-0.5_te30_offset150_width100,-0.5,30,150,100,50,-570.4870459531265,-585.3048913025583,-14.817845349431764,True
56,a-0.5_te30_offset150_width100,-0.5,30,150,100,100,259.3122936150575,259.3122936150575,0.0,False
56,a-0.5_te30_offset150_width200,-0.5,30,150,200,25,-570.4870459531265,-570.4870459531265,0.0,False
56,a-0.5_te30_offset150_width200,-0.5,30,150,200,50,-570.4870459531265,-570.4870459531265,0.0,False
56,a-0.5_te30_offset150_width200,-0.5,30,150,200,100,259.3122936150575,259.3122936150575,0.0,False
56,a-0.5_te60_offset-150_width100,-0.5,60,-150,100,25,-570.4870459531265,-570.4870459531265,0.0,False
56,a-0.5_te60_offset-150_width100,-0.5,60,-150,100,50,-570.4870459531265,-585.3048913025583,-14.817845349431764,True
56,a-0.5_te60_offset-150_width100,-0.5,60,-150,100,100,259.3122936150575,-585.3048913025583,-844.6171849176158,True
56,a-0.5_te60_offset-150_width200,-0.5,60,-150,200,25,-570.4870459531265,-570.4870459531265,0.0,False
56,a-0.5_te60_offset-150_width200,-0.5,60,-150,200,50,-570.4870459531265,-570.4870459531265,0.0,False
56,a-0.5_te60_offset-150_width200,-0.5,60,-150,200,100,259.3122936150575,-585.3048913025583,-844.6171849176158,True
56,a-0.5_te60_offset150_width100,-0.5,60,150,100,25,-570.4870459531265,-570.4870459531265,0.0,False
56,a-0.5_te60_offset150_width100,-0.5,60,150,100,50,-570.4870459531265,-585.3048913025583,-14.817845349431764,True
56,a-0.5_te60_offset150_width100,-0.5,60,150,100,100,259.3122936150575,259.3122936150575,0.0,False
56,a-0.5_te60_offset150_width200,-0.5,60,150,200,25,-570.4870459531265,-570.4870459531265,0.0,False
56,a-0.5_te60_offset150_width200,-0.5,60,150,200,50,-570.4870459531265,-570.4870459531265,0.0,False
56,a-0.5_te60_offset150_width200,-0.5,60,150,200,100,259.3122936150575,259.3122936150575,0.0,False
56,a0.5_te10_offset-150_width100,0.5,10,-150,100,25,-570.4870459531265,-570.4870459531265,0.0,False
56,a0.5_te10_offset-150_width100,0.5,10,-150,100,50,-570.4870459531265,-570.4870459531265,0.0,False
56,a0.5_te10_offset-150_width100,0.5,10,-150,100,100,259.3122936150575,259.3122936150575,0.0,False
56,a0.5_te10_offset-150_width200,0.5,10,-150,200,25,-570.4870459531265,-570.4870459531265,0.0,False
56,a0.5_te10_offset-150_width200,0.5,10,-150,200,50,-570.4870459531265,-570.4870459531265,0.0,False
56,a0.5_te10_offset-150_width200,0.5,10,-150,200,100,259.3122936150575,259.3122936150575,0.0,False
56,a0.5_te10_offset150_width100,0.5,10,150,100,25,-570.4870459531265,-570.4870459531265,0.0,False
56,a0.5_te10_offset150_width100,0.5,10,150,100,50,-570.4870459531265,-570.4870459531265,0.0,False
56,a0.5_te10_offset150_width100,0.5,10,150,100,100,259.3122936150575,-585.3048913025583,-844.6171849176158,True
56,a0.5_te10_offset150_width200,0.5,10,150,200,25,-570.4870459531265,-570.4870459531265,0.0,False
56,a0.5_te10_offset150_width200,0.5,10,150,200,50,-570.4870459531265,-570.4870459531265,0.0,False
56,a0.5_te10_offset150_width200,0.5,10,150,200,100,259.3122936150575,-585.3048913025583,-844.6171849176158,True
56,a0.5_te30_offset-150_width100,0.5,30,-150,100,25,-570.4870459531265,-570.4870459531265,0.0,False
56,a0.5_te30_offset-150_width100,0.5,30,-150,100,50,-570.4870459531265,-570.4870459531265,0.0,False
56,a0.5_te30_offset-150_width100,0.5,30,-150,100,100,259.3122936150575,259.3122936150575,0.0,False
56,a0.5_te30_offset-150_width200,0.5,30,-150,200,25,-570.4870459531265,-570.4870459531265,0.0,False
56,a0.5_te30_offset-150_width200,0.5,30,-150,200,50,-570.4870459531265,-570.4870459531265,0.0,False
56,a0.5_te30_offset-150_width200,0.5,30,-150,200,100,259.3122936150575,259.3122936150575,0.0,False
56,a0.5_te30_offset150_width100,0.5,30,150,100,25,-570.4870459531265,-570.4870459531265,0.0,False
56,a0.5_te30_offset150_width100,0.5,30,150,100,50,-570.4870459531265,-570.4870459531265,0.0,False
56,a0.5_te30_offset150_width100,0.5,30,150,100,100,259.3122936150575,-585.3048913025583,-844.6171849176158,True
56,a0.5_te30_offset150_width200,0.5,30,150,200,25,-570.4870459531265,-570.4870459531265,0.0,False
56,a0.5_te30_offset150_width200,0.5,30,150,200,50,-570.4870459531265,-570.4870459531265,0.0,False
56,a0.5_te30_offset150_width200,0.5,30,150,200,100,259.3122936150575,-585.3048913025583,-844.6171849176158,True
56,a0.5_te60_offset-150_width100,0.5,60,-150,100,25,-570.4870459531265,-570.4870459531265,0.0,False
56,a0.5_te60_offset-150_width100,0.5,60,-150,100,50,-570.4870459531265,-570.4870459531265,0.0,False
56,a0.5_te60_offset-150_width100,0.5,60,-150,100,100,259.3122936150575,259.3122936150575,0.0,False
56,a0.5_te60_offset-150_width200,0.5,60,-150,200,25,-570.4870459531265,-570.4870459531265,0.0,False
56,a0.5_te60_offset-150_width200,0.5,60,-150,200,50,-570.4870459531265,-570.4870459531265,0.0,False
56,a0.5_te60_offset-150_width200,0.5,60,-150,200,100,259.3122936150575,259.3122936150575,0.0,False
56,a0.5_te60_offset150_width100,0.5,60,150,100,25,-570.4870459531265,-570.4870459531265,0.0,False
56,a0.5_te60_offset150_width100,0.5,60,150,100,50,-570.4870459531265,-570.4870459531265,0.0,False
56,a0.5_te60_offset150_width100,0.5,60,150,100,100,259.3122936150575,-585.3048913025583,-844.6171849176158,True
56,a0.5_te60_offset150_width200,0.5,60,150,200,25,-570.4870459531265,-570.4870459531265,0.0,False
56,a0.5_te60_offset150_width200,0.5,60,150,200,50,-570.4870459531265,-570.4870459531265,0.0,False
56,a0.5_te60_offset150_width200,0.5,60,150,200,100,259.3122936150575,-585.3048913025583,-844.6171849176158,True
56,a1_te10_offset-150_width100,1,10,-150,100,25,-570.4870459531265,-570.4870459531265,0.0,False
56,a1_te10_offset-150_width100,1,10,-150,100,50,-570.4870459531265,-570.4870459531265,0.0,False
56,a1_te10_offset-150_width100,1,10,-150,100,100,259.3122936150575,259.3122936150575,0.0,False
56,a1_te10_offset-150_width200,1,10,-150,200,25,-570.4870459531265,-570.4870459531265,0.0,False
56,a1_te10_offset-150_width200,1,10,-150,200,50,-570.4870459531265,-570.4870459531265,0.0,False
56,a1_te10_offset-150_width200,1,10,-150,200,100,259.3122936150575,259.3122936150575,0.0,False
56,a1_te10_offset150_width100,1,10,150,100,25,-570.4870459531265,-570.4870459531265,0.0,False
56,a1_te10_offset150_width100,1,10,150,100,50,-570.4870459531265,-570.4870459531265,0.0,False
56,a1_te10_offset150_width100,1,10,150,100,100,259.3122936150575,-585.3048913025583,-844.6171849176158,True
56,a1_te10_offset150_width200,1,10,150,200,25,-570.4870459531265,-570.4870459531265,0.0,False
56,a1_te10_offset150_width200,1,10,150,200,50,-570.4870459531265,-570.4870459531265,0.0,False
56,a1_te10_offset150_width200,1,10,150,200,100,259.3122936150575,-585.3048913025583,-844.6171849176158,True
56,a1_te30_offset-150_width100,1,30,-150,100,25,-570.4870459531265,-570.4870459531265,0.0,False
56,a1_te30_offset-150_width100,1,30,-150,100,50,-570.4870459531265,244.49444826562564,814.9814942187522,False
56,a1_te30_offset-150_width100,1,30,-150,100,100,259.3122936150575,259.3122936150575,0.0,False
56,a1_te30_offset-150_width200,1,30,-150,200,25,-570.4870459531265,-570.4870459531265,0.0,False
56,a1_te30_offset-150_width200,1,30,-150,200,50,-570.4870459531265,-570.4870459531265,0.0,False
56,a1_te30_offset-150_width200,1,30,-150,200,100,259.3122936150575,259.3122936150575,0.0,False
56,a1_te30_offset150_width100,1,30,150,100,25,-570.4870459531265,-570.4870459531265,0.0,False
56,a1_te30_offset150_width100,1,30,150,100,50,-570.4870459531265,-570.4870459531265,0.0,False
56,a1_te30_offset150_width100,1,30,150,100,100,259.3122936150575,-585.3048913025583,-844.6171849176158,True
56,a1_te30_offset150_width200,1,30,150,200,25,-570.4870459531265,-570.4870459531265,0.0,False
56,a1_te30_offset150_width200,1,30,150,200,50,-570.4870459531265,-570.4870459531265,0.0,False
56,a1_te30_offset150_width200,1,30,150,200,100,259.3122936150575,-585.3048913025583,-844.6171849176158,True
56,a1_te60_offset-150_width100,1,60,-150,100,25,-570.4870459531265,-570.4870459531265,0.0,False
56,a1_te60_offset-150_width100,1,60,-150,100,50,-570.4870459531265,244.49444826562564,814.9814942187522,False
56,a1_te60_offset-150_width100,1,60,-150,100,100,259.3122936150575,259.3122936150575,0.0,False
56,a1_te60_offset-150_width200,1,60,-150,200,25,-570.4870459531265,-570.4870459531265,0.0,False
56,a1_te60_offset-150_width200,1,60,-150,200,50,-570.4870459531265,-570.4870459531265,0.0,False
56,a1_te60_offset-150_width200,1,60,-150,200,100,259.3122936150575,259.3122936150575,0.0,False
56,a1_te60_offset150_width100,1,60,150,100,25,-570.4870459531265,-570.4870459531265,0.0,False
56,a1_te60_offset150_width100,1,60,150,100,50,-570.4870459531265,-570.4870459531265,0.0,False
56,a1_te60_offset150_width100,1,60,150,100,100,259.3122936150575,-585.3048913025583,-844.6171849176158,True
56,a1_te60_offset150_width200,1,60,150,200,25,-570.4870459531265,-570.4870459531265,0.0,False
56,a1_te60_offset150_width200,1,60,150,200,50,-570.4870459531265,-570.4870459531265,0.0,False
56,a1_te60_offset150_width200,1,60,150,200,100,259.3122936150575,-585.3048913025583,-844.6171849176158,True
62,a0_te30_offset150_width100,0,30,150,100,25,-303.7658296633531,-303.7658296633531,0.0,False
62,a0_te30_offset150_width100,0,30,150,100,50,-140.76953081960266,-140.76953081960266,0.0,False
62,a0_te30_offset150_width100,0,30,150,100,100,-140.76953081960266,-140.76953081960266,0.0,False
62,a-1_te10_offset-150_width100,-1,10,-150,100,25,-303.7658296633531,-125.95168547017079,177.8141441931823,False
62,a-1_te10_offset-150_width100,-1,10,-150,100,50,-140.76953081960266,-140.76953081960266,0.0,False
62,a-1_te10_offset-150_width100,-1,10,-150,100,100,-140.76953081960266,-140.76953081960266,0.0,False
62,a-1_te10_offset-150_width200,-1,10,-150,200,25,-303.7658296633531,-303.7658296633531,0.0,False
62,a-1_te10_offset-150_width200,-1,10,-150,200,50,-140.76953081960266,-140.76953081960266,0.0,False
62,a-1_te10_offset-150_width200,-1,10,-150,200,100,-140.76953081960266,-140.76953081960266,0.0,False
62,a-1_te10_offset150_width100,-1,10,150,100,25,-303.7658296633531,-303.7658296633531,0.0,False
62,a-1_te10_offset150_width100,-1,10,150,100,50,-140.76953081960266,-140.76953081960266,0.0,False
62,a-1_te10_offset150_width100,-1,10,150,100,100,-140.76953081960266,-155.5873761690345,-14.817845349431849,False
62,a-1_te10_offset150_width200,-1,10,150,200,25,-303.7658296633531,-303.7658296633531,0.0,False
62,a-1_te10_offset150_width200,-1,10,150,200,50,-140.76953081960266,-140.76953081960266,0.0,False
62,a-1_te10_offset150_width200,-1,10,150,200,100,-140.76953081960266,-140.76953081960266,0.0,False
62,a-1_te30_offset-150_width100,-1,30,-150,100,25,-303.7658296633531,-155.5873761690345,148.17845349431857,False
62,a-1_te30_offset-150_width100,-1,30,-150,100,50,-140.76953081960266,-140.76953081960266,0.0,False
62,a-1_te30_offset-150_width100,-1,30,-150,100,100,-140.76953081960266,-155.5873761690345,-14.817845349431849,False
62,a-1_te30_offset-150_width200,-1,30,-150,200,25,-303.7658296633531,-303.7658296633531,0.0,False
62,a-1_te30_offset-150_width200,-1,30,-150,200,50,-140.76953081960266,-140.76953081960266,0.0,False
62,a-1_te30_offset-150_width200,-1,30,-150,200,100,-140.76953081960266,-140.76953081960266,0.0,False
62,a-1_te30_offset150_width100,-1,30,150,100,25,-303.7658296633531,-303.7658296633531,0.0,False
62,a-1_te30_offset150_width100,-1,30,150,100,50,-140.76953081960266,-140.76953081960266,0.0,False
62,a-1_te30_offset150_width100,-1,30,150,100,100,-140.76953081960266,-170.40522151846636,-29.635690698863698,False
62,a-1_te30_offset150_width200,-1,30,150,200,25,-303.7658296633531,-303.7658296633531,0.0,False
62,a-1_te30_offset150_width200,-1,30,150,200,50,-140.76953081960266,-140.76953081960266,0.0,False
62,a-1_te30_offset150_width200,-1,30,150,200,100,-140.76953081960266,-140.76953081960266,0.0,False
62,a-1_te60_offset-150_width100,-1,60,-150,100,25,-303.7658296633531,-155.5873761690345,148.17845349431857,False
62,a-1_te60_offset-150_width100,-1,60,-150,100,50,-140.76953081960266,-140.76953081960266,0.0,False
62,a-1_te60_offset-150_width100,-1,60,-150,100,100,-140.76953081960266,-155.5873761690345,-14.817845349431849,False
62,a-1_te60_offset-150_width200,-1,60,-150,200,25,-303.7658296633531,-111.13384012073894,192.63198954261415,False
62,a-1_te60_offset-150_width200,-1,60,-150,200,50,-140.76953081960266,-140.76953081960266,0.0,False
62,a-1_te60_offset-150_width200,-1,60,-150,200,100,-140.76953081960266,-140.76953081960266,0.0,False
62,a-1_te60_offset150_width100,-1,60,150,100,25,-303.7658296633531,-303.7658296633531,0.0,False
62,a-1_te60_offset150_width100,-1,60,150,100,50,-140.76953081960266,-140.76953081960266,0.0,False
62,a-1_te60_offset150_width100,-1,60,150,100,100,-140.76953081960266,-200.0409122173301,-59.271381397727424,False
62,a-1_te60_offset150_width200,-1,60,150,200,25,-303.7658296633531,-303.7658296633531,0.0,False
62,a-1_te60_offset150_width200,-1,60,150,200,50,-140.76953081960266,-140.76953081960266,0.0,False
62,a-1_te60_offset150_width200,-1,60,150,200,100,-140.76953081960266,-140.76953081960266,0.0,False
62,a-0.5_te10_offset-150_width100,-0.5,10,-150,100,25,-303.7658296633531,-303.7658296633531,0.0,False
62,a-0.5_te10_offset-150_width100,-0.5,10,-150,100,50,-140.76953081960266,-140.76953081960266,0.0,False
62,a-0.5_te10_offset-150_width100,-0.5,10,-150,100,100,-140.76953081960266,-140.76953081960266,0.0,False
62,a-0.5_te10_offset-150_width200,-0.5,10,-150,200,25,-303.7658296633531,-303.7658296633531,0.0,False
62,a-0.5_te10_offset-150_width200,-0.5,10,-150,200,50,-140.76953081960266,-140.76953081960266,0.0,False
62,a-0.5_te10_offset-150_width200,-0.5,10,-150,200,100,-140.76953081960266,-140.76953081960266,0.0,False
62,a-0.5_te10_offset150_width100,-0.5,10,150,100,25,-303.7658296633531,-303.7658296633531,0.0,False
62,a-0.5_te10_offset150_width100,-0.5,10,150,100,50,-140.76953081960266,-140.76953081960266,0.0,False
62,a-0.5_te10_offset150_width100,-0.5,10,150,100,100,-140.76953081960266,-140.76953081960266,0.0,False
62,a-0.5_te10_offset150_width200,-0.5,10,150,200,25,-303.7658296633531,-303.7658296633531,0.0,False
62,a-0.5_te10_offset150_width200,-0.5,10,150,200,50,-140.76953081960266,-140.76953081960266,0.0,False
62,a-0.5_te10_offset150_width200,-0.5,10,150,200,100,-140.76953081960266,-140.76953081960266,0.0,False
62,a-0.5_te30_offset-150_width100,-0.5,30,-150,100,25,-303.7658296633531,-303.7658296633531,0.0,False
62,a-0.5_te30_offset-150_width100,-0.5,30,-150,100,50,-140.76953081960266,-140.76953081960266,0.0,False
62,a-0.5_te30_offset-150_width100,-0.5,30,-150,100,100,-140.76953081960266,-155.5873761690345,-14.817845349431849,False
62,a-0.5_te30_offset-150_width200,-0.5,30,-150,200,25,-303.7658296633531,-303.7658296633531,0.0,False
62,a-0.5_te30_offset-150_width200,-0.5,30,-150,200,50,-140.76953081960266,-140.76953081960266,0.0,False
62,a-0.5_te30_offset-150_width200,-0.5,30,-150,200,100,-140.76953081960266,-140.76953081960266,0.0,False
62,a-0.5_te30_offset150_width100,-0.5,30,150,100,25,-303.7658296633531,-303.7658296633531,0.0,False
62,a-0.5_te30_offset150_width100,-0.5,30,150,100,50,-140.76953081960266,-140.76953081960266,0.0,False
62,a-0.5_te30_offset150_width100,-0.5,30,150,100,100,-140.76953081960266,-155.5873761690345,-14.817845349431849,False
62,a-0.5_te30_offset150_width200,-0.5,30,150,200,25,-303.7658296633531,-303.7658296633531,0.0,False
62,a-0.5_te30_offset150_width200,-0.5,30,150,200,50,-140.76953081960266,-140.76953081960266,0.0,False
62,a-0.5_te30_offset150_width200,-0.5,30,150,200,100,-140.76953081960266,-140.76953081960266,0.0,False
62,a-0.5_te60_offset-150_width100,-0.5,60,-150,100,25,-303.7658296633531,-125.95168547017079,177.8141441931823,False
62,a-0.5_te60_offset-150_width100,-0.5,60,-150,100,50,-140.76953081960266,-140.76953081960266,0.0,False
62,a-0.5_te60_offset-150_width100,-0.5,60,-150,100,100,-140.76953081960266,-155.5873761690345,-14.817845349431849,False
62,a-0.5_te60_offset-150_width200,-0.5,60,-150,200,25,-303.7658296633531,-303.7658296633531,0.0,False
62,a-0.5_te60_offset-150_width200,-0.5,60,-150,200,50,-140.76953081960266,-140.76953081960266,0.0,False
62,a-0.5_te60_offset-150_width200,-0.5,60,-150,200,100,-140.76953081960266,-140.76953081960266,0.0,False
62,a-0.5_te60_offset150_width100,-0.5,60,150,100,25,-303.7658296633531,-303.7658296633531,0.0,False
62,a-0.5_te60_offset150_width100,-0.5,60,150,100,50,-140.76953081960266,-140.76953081960266,0.0,False
62,a-0.5_te60_offset150_width100,-0.5,60,150,100,100,-140.76953081960266,-155.5873761690345,-14.817845349431849,False
62,a-0.5_te60_offset150_width200,-0.5,60,150,200,25,-303.7658296633531,-303.7658296633531,0.0,False
62,a-0.5_te60_offset150_width200,-0.5,60,150,200,50,-140.76953081960266,-140.76953081960266,0.0,False
62,a-0.5_te60_offset150_width200,-0.5,60,150,200,100,-140.76953081960266,-140.76953081960266,0.0,False
62,a0.5_te10_offset-150_width100,0.5,10,-150,100,25,-303.7658296633531,-303.7658296633531,0.0,False
62,a0.5_te10_offset-150_width100,0.5,10,-150,100,50,-140.76953081960266,-140.76953081960266,0.0,False
62,a0.5_te10_offset-150_width100,0.5,10,-150,100,100,-140.76953081960266,-140.76953081960266,0.0,False
62,a0.5_te10_offset-150_width200,0.5,10,-150,200,25,-303.7658296633531,-303.7658296633531,0.0,False
62,a0.5_te10_offset-150_width200,0.5,10,-150,200,50,-140.76953081960266,-140.76953081960266,0.0,False
62,a0.5_te10_offset-150_width200,0.5,10,-150,200,100,-140.76953081960266,-140.76953081960266,0.0,False
62,a0.5_te10_offset150_width100,0.5,10,150,100,25,-303.7658296633531,-303.7658296633531,0.0,False
62,a0.5_te10_offset150_width100,0.5,10,150,100,50,-140.76953081960266,-140.76953081960266,0.0,False
62,a0.5_te10_offset150_width100,0.5,10,150,100,100,-140.76953081960266,-140.76953081960266,0.0,False
62,a0.5_te10_offset150_width200,0.5,10,150,200,25,-303.7658296633531,-303.7658296633531,0.0,False
62,a0.5_te10_offset150_width200,0.5,10,150,200,50,-140.76953081960266,-140.76953081960266,0.0,False
62,a0.5_te10_offset150_width200,0.5,10,150,200,100,-140.76953081960266,-140.76953081960266,0.0,False
62,a0.5_te30_offset-150_width100,0.5,30,-150,100,25,-303.7658296633531,-303.7658296633531,0.0,False
62,a0.5_te30_offset-150_width100,0.5,30,-150,100,50,-140.76953081960266,-125.95168547017079,14.817845349431877,False
62,a0.5_te30_offset-150_width100,0.5,30,-150,100,100,-140.76953081960266,-140.76953081960266,0.0,False
62,a0.5_te30_offset-150_width200,0.5,30,-150,200,25,-303.7658296633531,-303.7658296633531,0.0,False
62,a0.5_te30_offset-150_width200,0.5,30,-150,200,50,-140.76953081960266,-140.76953081960266,0.0,False
62,a0.5_te30_offset-150_width200,0.5,30,-150,200,100,-140.76953081960266,-140.76953081960266,0.0,False
62,a0.5_te30_offset150_width100,0.5,30,150,100,25,-303.7658296633531,-111.13384012073894,192.63198954261415,False
62,a0.5_te30_offset150_width100,0.5,30,150,100,50,-140.76953081960266,-125.95168547017079,14.817845349431877,False
62,a0.5_te30_offset150_width100,0.5,30,150,100,100,-140.76953081960266,-140.76953081960266,0.0,False
62,a0.5_te30_offset150_width200,0.5,30,150,200,25,-303.7658296633531,-303.7658296633531,0.0,False
62,a0.5_te30_offset150_width200,0.5,30,150,200,50,-140.76953081960266,-140.76953081960266,0.0,False
62,a0.5_te30_offset150_width200,0.5,30,150,200,100,-140.76953081960266,-140.76953081960266,0.0,False
62,a0.5_te60_offset-150_width100,0.5,60,-150,100,25,-303.7658296633531,-303.7658296633531,0.0,False
62,a0.5_te60_offset-150_width100,0.5,60,-150,100,50,-140.76953081960266,-125.95168547017079,14.817845349431877,False
62,a0.5_te60_offset-150_width100,0.5,60,-150,100,100,-140.76953081960266,-125.95168547017079,14.817845349431877,False
62,a0.5_te60_offset-150_width200,0.5,60,-150,200,25,-303.7658296633531,-303.7658296633531,0.0,False
62,a0.5_te60_offset-150_width200,0.5,60,-150,200,50,-140.76953081960266,-140.76953081960266,0.0,False
62,a0.5_te60_offset-150_width200,0.5,60,-150,200,100,-140.76953081960266,-155.5873761690345,-14.817845349431849,False
62,a0.5_te60_offset150_width100,0.5,60,150,100,25,-303.7658296633531,-111.13384012073894,192.63198954261415,False
62,a0.5_te60_offset150_width100,0.5,60,150,100,50,-140.76953081960266,-125.95168547017079,14.817845349431877,False
62,a0.5_te60_offset150_width100,0.5,60,150,100,100,-140.76953081960266,-140.76953081960266,0.0,False
62,a0.5_te60_offset150_width200,0.5,60,150,200,25,-303.7658296633531,-303.7658296633531,0.0,False
62,a0.5_te60_offset150_width200,0.5,60,150,200,50,-140.76953081960266,-140.76953081960266,0.0,False
62,a0.5_te60_offset150_width200,0.5,60,150,200,100,-140.76953081960266,-140.76953081960266,0.0,False
62,a1_te10_offset-150_width100,1,10,-150,100,25,-303.7658296633531,-303.7658296633531,0.0,False
62,a1_te10_offset-150_width100,1,10,-150,100,50,-140.76953081960266,-125.95168547017079,14.817845349431877,False
62,a1_te10_offset-150_width100,1,10,-150,100,100,-140.76953081960266,-140.76953081960266,0.0,False
62,a1_te10_offset-150_width200,1,10,-150,200,25,-303.7658296633531,-303.7658296633531,0.0,False
62,a1_te10_offset-150_width200,1,10,-150,200,50,-140.76953081960266,-140.76953081960266,0.0,False
62,a1_te10_offset-150_width200,1,10,-150,200,100,-140.76953081960266,-155.5873761690345,-14.817845349431849,False
62,a1_te10_offset150_width100,1,10,150,100,25,-303.7658296633531,-111.13384012073894,192.63198954261415,False
62,a1_te10_offset150_width100,1,10,150,100,50,-140.76953081960266,-140.76953081960266,0.0,False
62,a1_te10_offset150_width100,1,10,150,100,100,-140.76953081960266,-140.76953081960266,0.0,False
62,a1_te10_offset150_width200,1,10,150,200,25,-303.7658296633531,-303.7658296633531,0.0,False
62,a1_te10_offset150_width200,1,10,150,200,50,-140.76953081960266,-140.76953081960266,0.0,False
62,a1_te10_offset150_width200,1,10,150,200,100,-140.76953081960266,-155.5873761690345,-14.817845349431849,False
62,a1_te30_offset-150_width100,1,30,-150,100,25,-303.7658296633531,-303.7658296633531,0.0,False
62,a1_te30_offset-150_width100,1,30,-150,100,50,-140.76953081960266,-125.95168547017079,14.817845349431877,False
62,a1_te30_offset-150_width100,1,30,-150,100,100,-140.76953081960266,-125.95168547017079,14.817845349431877,False
62,a1_te30_offset-150_width200,1,30,-150,200,25,-303.7658296633531,-303.7658296633531,0.0,False
62,a1_te30_offset-150_width200,1,30,-150,200,50,-140.76953081960266,-140.76953081960266,0.0,False
62,a1_te30_offset-150_width200,1,30,-150,200,100,-140.76953081960266,-155.5873761690345,-14.817845349431849,False
62,a1_te30_offset150_width100,1,30,150,100,25,-303.7658296633531,-111.13384012073894,192.63198954261415,False
62,a1_te30_offset150_width100,1,30,150,100,50,-140.76953081960266,-125.95168547017079,14.817845349431877,False
62,a1_te30_offset150_width100,1,30,150,100,100,-140.76953081960266,-125.95168547017079,14.817845349431877,False
62,a1_te30_offset150_width200,1,30,150,200,25,-303.7658296633531,-303.7658296633531,0.0,False
62,a1_te30_offset150_width200,1,30,150,200,50,-140.76953081960266,-140.76953081960266,0.0,False
62,a1_te30_offset150_width200,1,30,150,200,100,-140.76953081960266,-155.5873761690345,-14.817845349431849,False
62,a1_te60_offset-150_width100,1,60,-150,100,25,-303.7658296633531,-303.7658296633531,0.0,False
62,a1_te60_offset-150_width100,1,60,-150,100,50,-140.76953081960266,-125.95168547017079,14.817845349431877,False
62,a1_te60_offset-150_width100,1,60,-150,100,100,-140.76953081960266,-348.21936571164866,-207.449834892046,False
62,a1_te60_offset-150_width200,1,60,-150,200,25,-303.7658296633531,-303.7658296633531,0.0,False
62,a1_te60_offset-150_width200,1,60,-150,200,50,-140.76953081960266,-140.76953081960266,0.0,False
62,a1_te60_offset-150_width200,1,60,-150,200,100,-140.76953081960266,-155.5873761690345,-14.817845349431849,False
62,a1_te60_offset150_width100,1,60,150,100,25,-303.7658296633531,-111.13384012073894,192.63198954261415,False
62,a1_te60_offset150_width100,1,60,150,100,50,-140.76953081960266,-125.95168547017079,14.817845349431877,False
62,a1_te60_offset150_width100,1,60,150,100,100,-140.76953081960266,-125.95168547017079,14.817845349431877,False
62,a1_te60_offset150_width200,1,60,150,200,25,-303.7658296633531,-303.7658296633531,0.0,False
62,a1_te60_offset150_width200,1,60,150,200,50,-140.76953081960266,-140.76953081960266,0.0,False
62,a1_te60_offset150_width200,1,60,150,200,100,-140.76953081960266,-155.5873761690345,-14.817845349431849,False
68,a0_te30_offset150_width100,0,30,150,100,25,-37.044613373579644,-37.044613373579644,0.0,False
68,a0_te30_offset150_width100,0,30,150,100,50,-51.86245872301151,-51.86245872301151,0.0,False
68,a0_te30_offset150_width100,0,30,150,100,100,-51.86245872301151,-51.86245872301151,0.0,False
68,a-1_te10_offset-150_width100,-1,10,-150,100,25,-37.044613373579644,-37.044613373579644,0.0,False
68,a-1_te10_offset-150_width100,-1,10,-150,100,50,-51.86245872301151,-51.86245872301151,0.0,False
68,a-1_te10_offset-150_width100,-1,10,-150,100,100,-51.86245872301151,-51.86245872301151,0.0,False
68,a-1_te10_offset-150_width200,-1,10,-150,200,25,-37.044613373579644,-37.044613373579644,0.0,False
68,a-1_te10_offset-150_width200,-1,10,-150,200,50,-51.86245872301151,-51.86245872301151,0.0,False
68,a-1_te10_offset-150_width200,-1,10,-150,200,100,-51.86245872301151,-37.044613373579644,14.817845349431863,False
68,a-1_te10_offset150_width100,-1,10,150,100,25,-37.044613373579644,-37.044613373579644,0.0,False
68,a-1_te10_offset150_width100,-1,10,150,100,50,-51.86245872301151,-51.86245872301151,0.0,False
68,a-1_te10_offset150_width100,-1,10,150,100,100,-51.86245872301151,-51.86245872301151,0.0,False
68,a-1_te10_offset150_width200,-1,10,150,200,25,-37.044613373579644,-37.044613373579644,0.0,False
68,a-1_te10_offset150_width200,-1,10,150,200,50,-51.86245872301151,-51.86245872301151,0.0,False
68,a-1_te10_offset150_width200,-1,10,150,200,100,-51.86245872301151,-37.044613373579644,14.817845349431863,False
68,a-1_te30_offset-150_width100,-1,30,-150,100,25,-37.044613373579644,-37.044613373579644,0.0,False
68,a-1_te30_offset-150_width100,-1,30,-150,100,50,-51.86245872301151,-51.86245872301151,0.0,False
68,a-1_te30_offset-150_width100,-1,30,-150,100,100,-51.86245872301151,-51.86245872301151,0.0,False
68,a-1_te30_offset-150_width200,-1,30,-150,200,25,-37.044613373579644,-37.044613373579644,0.0,False
68,a-1_te30_offset-150_width200,-1,30,-150,200,50,-51.86245872301151,-51.86245872301151,0.0,False
68,a-1_te30_offset-150_width200,-1,30,-150,200,100,-51.86245872301151,-37.044613373579644,14.817845349431863,False
68,a-1_te30_offset150_width100,-1,30,150,100,25,-37.044613373579644,-37.044613373579644,0.0,False
68,a-1_te30_offset150_width100,-1,30,150,100,50,-51.86245872301151,-51.86245872301151,0.0,False
68,a-1_te30_offset150_width100,-1,30,150,100,100,-51.86245872301151,-51.86245872301151,0.0,False
68,a-1_te30_offset150_width200,-1,30,150,200,25,-37.044613373579644,-37.044613373579644,0.0,False
68,a-1_te30_offset150_width200,-1,30,150,200,50,-51.86245872301151,-51.86245872301151,0.0,False
68,a-1_te30_offset150_width200,-1,30,150,200,100,-51.86245872301151,-37.044613373579644,14.817845349431863,False
68,a-1_te60_offset-150_width100,-1,60,-150,100,25,-37.044613373579644,-37.044613373579644,0.0,False
68,a-1_te60_offset-150_width100,-1,60,-150,100,50,-51.86245872301151,-51.86245872301151,0.0,False
68,a-1_te60_offset-150_width100,-1,60,-150,100,100,-51.86245872301151,-51.86245872301151,0.0,False
68,a-1_te60_offset-150_width200,-1,60,-150,200,25,-37.044613373579644,-37.044613373579644,0.0,False
68,a-1_te60_offset-150_width200,-1,60,-150,200,50,-51.86245872301151,-51.86245872301151,0.0,False
68,a-1_te60_offset-150_width200,-1,60,-150,200,100,-51.86245872301151,-37.044613373579644,14.817845349431863,False
68,a-1_te60_offset150_width100,-1,60,150,100,25,-37.044613373579644,-259.3122936150575,-222.26768024147788,False
68,a-1_te60_offset150_width100,-1,60,150,100,50,-51.86245872301151,-51.86245872301151,0.0,False
68,a-1_te60_offset150_width100,-1,60,150,100,100,-51.86245872301151,-51.86245872301151,0.0,False
68,a-1_te60_offset150_width200,-1,60,150,200,25,-37.044613373579644,-37.044613373579644,0.0,False
68,a-1_te60_offset150_width200,-1,60,150,200,50,-51.86245872301151,-51.86245872301151,0.0,False
68,a-1_te60_offset150_width200,-1,60,150,200,100,-51.86245872301151,-37.044613373579644,14.817845349431863,False
68,a-0.5_te10_offset-150_width100,-0.5,10,-150,100,25,-37.044613373579644,-37.044613373579644,0.0,False
68,a-0.5_te10_offset-150_width100,-0.5,10,-150,100,50,-51.86245872301151,-51.86245872301151,0.0,False
68,a-0.5_te10_offset-150_width100,-0.5,10,-150,100,100,-51.86245872301151,-51.86245872301151,0.0,False
68,a-0.5_te10_offset-150_width200,-0.5,10,-150,200,25,-37.044613373579644,-37.044613373579644,0.0,False
68,a-0.5_te10_offset-150_width200,-0.5,10,-150,200,50,-51.86245872301151,-51.86245872301151,0.0,False
68,a-0.5_te10_offset-150_width200,-0.5,10,-150,200,100,-51.86245872301151,-51.86245872301151,0.0,False
68,a-0.5_te10_offset150_width100,-0.5,10,150,100,25,-37.044613373579644,-37.044613373579644,0.0,False
68,a-0.5_te10_offset150_width100,-0.5,10,150,100,50,-51.86245872301151,-51.86245872301151,0.0,False
68,a-0.5_te10_offset150_width100,-0.5,10,150,100,100,-51.86245872301151,-51.86245872301151,0.0,False
68,a-0.5_te10_offset150_width200,-0.5,10,150,200,25,-37.044613373579644,-37.044613373579644,0.0,False
68,a-0.5_te10_offset150_width200,-0.5,10,150,200,50,-51.86245872301151,-51.86245872301151,0.0,False
68,a-0.5_te10_offset150_width200,-0.5,10,150,200,100,-51.86245872301151,-37.044613373579644,14.817845349431863,False
68,a-0.5_te30_offset-150_width100,-0.5,30,-150,100,25,-37.044613373579644,-37.044613373579644,0.0,False
68,a-0.5_te30_offset-150_width100,-0.5,30,-150,100,50,-51.86245872301151,-51.86245872301151,0.0,False
68,a-0.5_te30_offset-150_width100,-0.5,30,-150,100,100,-51.86245872301151,-51.86245872301151,0.0,False
68,a-0.5_te30_offset-150_width200,-0.5,30,-150,200,25,-37.044613373579644,-37.044613373579644,0.0,False
68,a-0.5_te30_offset-150_width200,-0.5,30,-150,200,50,-51.86245872301151,-51.86245872301151,0.0,False
68,a-0.5_te30_offset-150_width200,-0.5,30,-150,200,100,-51.86245872301151,-51.86245872301151,0.0,False
68,a-0.5_te30_offset150_width100,-0.5,30,150,100,25,-37.044613373579644,-37.044613373579644,0.0,False
68,a-0.5_te30_offset150_width100,-0.5,30,150,100,50,-51.86245872301151,-51.86245872301151,0.0,False
68,a-0.5_te30_offset150_width100,-0.5,30,150,100,100,-51.86245872301151,-51.86245872301151,0.0,False
68,a-0.5_te30_offset150_width200,-0.5,30,150,200,25,-37.044613373579644,-37.044613373579644,0.0,False
68,a-0.5_te30_offset150_width200,-0.5,30,150,200,50,-51.86245872301151,-51.86245872301151,0.0,False
68,a-0.5_te30_offset150_width200,-0.5,30,150,200,100,-51.86245872301151,-37.044613373579644,14.817845349431863,False
68,a-0.5_te60_offset-150_width100,-0.5,60,-150,100,25,-37.044613373579644,-37.044613373579644,0.0,False
68,a-0.5_te60_offset-150_width100,-0.5,60,-150,100,50,-51.86245872301151,-51.86245872301151,0.0,False
68,a-0.5_te60_offset-150_width100,-0.5,60,-150,100,100,-51.86245872301151,-51.86245872301151,0.0,False
68,a-0.5_te60_offset-150_width200,-0.5,60,-150,200,25,-37.044613373579644,-37.044613373579644,0.0,False
68,a-0.5_te60_offset-150_width200,-0.5,60,-150,200,50,-51.86245872301151,-51.86245872301151,0.0,False
68,a-0.5_te60_offset-150_width200,-0.5,60,-150,200,100,-51.86245872301151,-37.044613373579644,14.817845349431863,False
68,a-0.5_te60_offset150_width100,-0.5,60,150,100,25,-37.044613373579644,-37.044613373579644,0.0,False
68,a-0.5_te60_offset150_width100,-0.5,60,150,100,50,-51.86245872301151,-51.86245872301151,0.0,False
68,a-0.5_te60_offset150_width100,-0.5,60,150,100,100,-51.86245872301151,-51.86245872301151,0.0,False
68,a-0.5_te60_offset150_width200,-0.5,60,150,200,25,-37.044613373579644,-37.044613373579644,0.0,False
68,a-0.5_te60_offset150_width200,-0.5,60,150,200,50,-51.86245872301151,-51.86245872301151,0.0,False
68,a-0.5_te60_offset150_width200,-0.5,60,150,200,100,-51.86245872301151,-37.044613373579644,14.817845349431863,False
68,a0.5_te10_offset-150_width100,0.5,10,-150,100,25,-37.044613373579644,-37.044613373579644,0.0,False
68,a0.5_te10_offset-150_width100,0.5,10,-150,100,50,-51.86245872301151,-51.86245872301151,0.0,False
68,a0.5_te10_offset-150_width100,0.5,10,-150,100,100,-51.86245872301151,-51.86245872301151,0.0,False
68,a0.5_te10_offset-150_width200,0.5,10,-150,200,25,-37.044613373579644,-37.044613373579644,0.0,False
68,a0.5_te10_offset-150_width200,0.5,10,-150,200,50,-51.86245872301151,-51.86245872301151,0.0,False
68,a0.5_te10_offset-150_width200,0.5,10,-150,200,100,-51.86245872301151,-51.86245872301151,0.0,False
68,a0.5_te10_offset150_width100,0.5,10,150,100,25,-37.044613373579644,-37.044613373579644,0.0,False
68,a0.5_te10_offset150_width100,0.5,10,150,100,50,-51.86245872301151,-51.86245872301151,0.0,False
68,a0.5_te10_offset150_width100,0.5,10,150,100,100,-51.86245872301151,-51.86245872301151,0.0,False
68,a0.5_te10_offset150_width200,0.5,10,150,200,25,-37.044613373579644,-37.044613373579644,0.0,False
68,a0.5_te10_offset150_width200,0.5,10,150,200,50,-51.86245872301151,-51.86245872301151,0.0,False
68,a0.5_te10_offset150_width200,0.5,10,150,200,100,-51.86245872301151,-51.86245872301151,0.0,False
68,a0.5_te30_offset-150_width100,0.5,30,-150,100,25,-37.044613373579644,-37.044613373579644,0.0,False
68,a0.5_te30_offset-150_width100,0.5,30,-150,100,50,-51.86245872301151,-51.86245872301151,0.0,False
68,a0.5_te30_offset-150_width100,0.5,30,-150,100,100,-51.86245872301151,-37.044613373579644,14.817845349431863,False
68,a0.5_te30_offset-150_width200,0.5,30,-150,200,25,-37.044613373579644,-37.044613373579644,0.0,False
68,a0.5_te30_offset-150_width200,0.5,30,-150,200,50,-51.86245872301151,-51.86245872301151,0.0,False
68,a0.5_te30_offset-150_width200,0.5,30,-150,200,100,-51.86245872301151,-51.86245872301151,0.0,False
68,a0.5_te30_offset150_width100,0.5,30,150,100,25,-37.044613373579644,-37.044613373579644,0.0,False
68,a0.5_te30_offset150_width100,0.5,30,150,100,50,-51.86245872301151,-51.86245872301151,0.0,False
68,a0.5_te30_offset150_width100,0.5,30,150,100,100,-51.86245872301151,-37.044613373579644,14.817845349431863,False
68,a0.5_te30_offset150_width200,0.5,30,150,200,25,-37.044613373579644,-37.044613373579644,0.0,False
68,a0.5_te30_offset150_width200,0.5,30,150,200,50,-51.86245872301151,-51.86245872301151,0.0,False
68,a0.5_te30_offset150_width200,0.5,30,150,200,100,-51.86245872301151,-51.86245872301151,0.0,False
68,a0.5_te60_offset-150_width100,0.5,60,-150,100,25,-37.044613373579644,-37.044613373579644,0.0,False
68,a0.5_te60_offset-150_width100,0.5,60,-150,100,50,-51.86245872301151,-51.86245872301151,0.0,False
68,a0.5_te60_offset-150_width100,0.5,60,-150,100,100,-51.86245872301151,-37.044613373579644,14.817845349431863,False
68,a0.5_te60_offset-150_width200,0.5,60,-150,200,25,-37.044613373579644,-37.044613373579644,0.0,False
68,a0.5_te60_offset-150_width200,0.5,60,-150,200,50,-51.86245872301151,-51.86245872301151,0.0,False
68,a0.5_te60_offset-150_width200,0.5,60,-150,200,100,-51.86245872301151,-51.86245872301151,0.0,False
68,a0.5_te60_offset150_width100,0.5,60,150,100,25,-37.044613373579644,-37.044613373579644,0.0,False
68,a0.5_te60_offset150_width100,0.5,60,150,100,50,-51.86245872301151,-51.86245872301151,0.0,False
68,a0.5_te60_offset150_width100,0.5,60,150,100,100,-51.86245872301151,-37.044613373579644,14.817845349431863,False
68,a0.5_te60_offset150_width200,0.5,60,150,200,25,-37.044613373579644,-37.044613373579644,0.0,False
68,a0.5_te60_offset150_width200,0.5,60,150,200,50,-51.86245872301151,-51.86245872301151,0.0,False
68,a0.5_te60_offset150_width200,0.5,60,150,200,100,-51.86245872301151,-51.86245872301151,0.0,False
68,a1_te10_offset-150_width100,1,10,-150,100,25,-37.044613373579644,-37.044613373579644,0.0,False
68,a1_te10_offset-150_width100,1,10,-150,100,50,-51.86245872301151,-51.86245872301151,0.0,False
68,a1_te10_offset-150_width100,1,10,-150,100,100,-51.86245872301151,-37.044613373579644,14.817845349431863,False
68,a1_te10_offset-150_width200,1,10,-150,200,25,-37.044613373579644,-37.044613373579644,0.0,False
68,a1_te10_offset-150_width200,1,10,-150,200,50,-51.86245872301151,-51.86245872301151,0.0,False
68,a1_te10_offset-150_width200,1,10,-150,200,100,-51.86245872301151,-51.86245872301151,0.0,False
68,a1_te10_offset150_width100,1,10,150,100,25,-37.044613373579644,-37.044613373579644,0.0,False
68,a1_te10_offset150_width100,1,10,150,100,50,-51.86245872301151,-51.86245872301151,0.0,False
68,a1_te10_offset150_width100,1,10,150,100,100,-51.86245872301151,-51.86245872301151,0.0,False
68,a1_te10_offset150_width200,1,10,150,200,25,-37.044613373579644,-37.044613373579644,0.0,False
68,a1_te10_offset150_width200,1,10,150,200,50,-51.86245872301151,-51.86245872301151,0.0,False
68,a1_te10_offset150_width200,1,10,150,200,100,-51.86245872301151,-51.86245872301151,0.0,False
68,a1_te30_offset-150_width100,1,30,-150,100,25,-37.044613373579644,-37.044613373579644,0.0,False
68,a1_te30_offset-150_width100,1,30,-150,100,50,-51.86245872301151,-51.86245872301151,0.0,False
68,a1_te30_offset-150_width100,1,30,-150,100,100,-51.86245872301151,-37.044613373579644,14.817845349431863,False
68,a1_te30_offset-150_width200,1,30,-150,200,25,-37.044613373579644,-37.044613373579644,0.0,False
68,a1_te30_offset-150_width200,1,30,-150,200,50,-51.86245872301151,-51.86245872301151,0.0,False
68,a1_te30_offset-150_width200,1,30,-150,200,100,-51.86245872301151,-51.86245872301151,0.0,False
68,a1_te30_offset150_width100,1,30,150,100,25,-37.044613373579644,-37.044613373579644,0.0,False
68,a1_te30_offset150_width100,1,30,150,100,50,-51.86245872301151,-51.86245872301151,0.0,False
68,a1_te30_offset150_width100,1,30,150,100,100,-51.86245872301151,-37.044613373579644,14.817845349431863,False
68,a1_te30_offset150_width200,1,30,150,200,25,-37.044613373579644,-37.044613373579644,0.0,False
68,a1_te30_offset150_width200,1,30,150,200,50,-51.86245872301151,-51.86245872301151,0.0,False
68,a1_te30_offset150_width200,1,30,150,200,100,-51.86245872301151,-51.86245872301151,0.0,False
68,a1_te60_offset-150_width100,1,60,-150,100,25,-37.044613373579644,-259.3122936150575,-222.26768024147788,False
68,a1_te60_offset-150_width100,1,60,-150,100,50,-51.86245872301151,-37.044613373579644,14.817845349431863,False
68,a1_te60_offset-150_width100,1,60,-150,100,100,-51.86245872301151,-37.044613373579644,14.817845349431863,False
68,a1_te60_offset-150_width200,1,60,-150,200,25,-37.044613373579644,-37.044613373579644,0.0,False
68,a1_te60_offset-150_width200,1,60,-150,200,50,-51.86245872301151,-51.86245872301151,0.0,False
68,a1_te60_offset-150_width200,1,60,-150,200,100,-51.86245872301151,-51.86245872301151,0.0,False
68,a1_te60_offset150_width100,1,60,150,100,25,-37.044613373579644,-37.044613373579644,0.0,False
68,a1_te60_offset150_width100,1,60,150,100,50,-51.86245872301151,-51.86245872301151,0.0,False
68,a1_te60_offset150_width100,1,60,150,100,100,-51.86245872301151,-37.044613373579644,14.817845349431863,False
68,a1_te60_offset150_width200,1,60,150,200,25,-37.044613373579644,-37.044613373579644,0.0,False
68,a1_te60_offset150_width200,1,60,150,200,50,-51.86245872301151,-51.86245872301151,0.0,False
68,a1_te60_offset150_width200,1,60,150,200,100,-51.86245872301151,-51.86245872301151,0.0,False
74,a0_te30_offset150_width100,0,30,150,100,25,-392.67290175994424,-392.67290175994424,0.0,False
74,a0_te30_offset150_width100,0,30,150,100,50,-392.67290175994424,-392.67290175994424,0.0,False
74,a0_te30_offset150_width100,0,30,150,100,100,-392.67290175994424,-392.67290175994424,0.0,False
74,a-1_te10_offset-150_width100,-1,10,-150,100,25,-392.67290175994424,-392.67290175994424,0.0,False
74,a-1_te10_offset-150_width100,-1,10,-150,100,50,-392.67290175994424,-392.67290175994424,0.0,False
74,a-1_te10_offset-150_width100,-1,10,-150,100,100,-392.67290175994424,-392.67290175994424,0.0,False
74,a-1_te10_offset-150_width200,-1,10,-150,200,25,-392.67290175994424,-392.67290175994424,0.0,False
74,a-1_te10_offset-150_width200,-1,10,-150,200,50,-392.67290175994424,-392.67290175994424,0.0,False
74,a-1_te10_offset-150_width200,-1,10,-150,200,100,-392.67290175994424,-392.67290175994424,0.0,False
74,a-1_te10_offset150_width100,-1,10,150,100,25,-392.67290175994424,-392.67290175994424,0.0,False
74,a-1_te10_offset150_width100,-1,10,150,100,50,-392.67290175994424,-392.67290175994424,0.0,False
74,a-1_te10_offset150_width100,-1,10,150,100,100,-392.67290175994424,-392.67290175994424,0.0,False
74,a-1_te10_offset150_width200,-1,10,150,200,25,-392.67290175994424,-392.67290175994424,0.0,False
74,a-1_te10_offset150_width200,-1,10,150,200,50,-392.67290175994424,-392.67290175994424,0.0,False
74,a-1_te10_offset150_width200,-1,10,150,200,100,-392.67290175994424,-392.67290175994424,0.0,False
74,a-1_te30_offset-150_width100,-1,30,-150,100,25,-392.67290175994424,-392.67290175994424,0.0,False
74,a-1_te30_offset-150_width100,-1,30,-150,100,50,-392.67290175994424,-392.67290175994424,0.0,False
74,a-1_te30_offset-150_width100,-1,30,-150,100,100,-392.67290175994424,-392.67290175994424,0.0,False
74,a-1_te30_offset-150_width200,-1,30,-150,200,25,-392.67290175994424,-392.67290175994424,0.0,False
74,a-1_te30_offset-150_width200,-1,30,-150,200,50,-392.67290175994424,-392.67290175994424,0.0,False
74,a-1_te30_offset-150_width200,-1,30,-150,200,100,-392.67290175994424,-392.67290175994424,0.0,False
74,a-1_te30_offset150_width100,-1,30,150,100,25,-392.67290175994424,-392.67290175994424,0.0,False
74,a-1_te30_offset150_width100,-1,30,150,100,50,-392.67290175994424,-392.67290175994424,0.0,False
74,a-1_te30_offset150_width100,-1,30,150,100,100,-392.67290175994424,-392.67290175994424,0.0,False
74,a-1_te30_offset150_width200,-1,30,150,200,25,-392.67290175994424,-392.67290175994424,0.0,False
74,a-1_te30_offset150_width200,-1,30,150,200,50,-392.67290175994424,-392.67290175994424,0.0,False
74,a-1_te30_offset150_width200,-1,30,150,200,100,-392.67290175994424,-392.67290175994424,0.0,False
74,a-1_te60_offset-150_width100,-1,60,-150,100,25,-392.67290175994424,-392.67290175994424,0.0,False
74,a-1_te60_offset-150_width100,-1,60,-150,100,50,-392.67290175994424,-392.67290175994424,0.0,False
74,a-1_te60_offset-150_width100,-1,60,-150,100,100,-392.67290175994424,-392.67290175994424,0.0,False
74,a-1_te60_offset-150_width200,-1,60,-150,200,25,-392.67290175994424,-392.67290175994424,0.0,False
74,a-1_te60_offset-150_width200,-1,60,-150,200,50,-392.67290175994424,-392.67290175994424,0.0,False
74,a-1_te60_offset-150_width200,-1,60,-150,200,100,-392.67290175994424,-392.67290175994424,0.0,False
74,a-1_te60_offset150_width100,-1,60,150,100,25,-392.67290175994424,-392.67290175994424,0.0,False
74,a-1_te60_offset150_width100,-1,60,150,100,50,-392.67290175994424,-392.67290175994424,0.0,False
74,a-1_te60_offset150_width100,-1,60,150,100,100,-392.67290175994424,-392.67290175994424,0.0,False
74,a-1_te60_offset150_width200,-1,60,150,200,25,-392.67290175994424,-392.67290175994424,0.0,False
74,a-1_te60_offset150_width200,-1,60,150,200,50,-392.67290175994424,-392.67290175994424,0.0,False
74,a-1_te60_offset150_width200,-1,60,150,200,100,-392.67290175994424,-392.67290175994424,0.0,False
74,a-0.5_te10_offset-150_width100,-0.5,10,-150,100,25,-392.67290175994424,-392.67290175994424,0.0,False
74,a-0.5_te10_offset-150_width100,-0.5,10,-150,100,50,-392.67290175994424,-392.67290175994424,0.0,False
74,a-0.5_te10_offset-150_width100,-0.5,10,-150,100,100,-392.67290175994424,-392.67290175994424,0.0,False
74,a-0.5_te10_offset-150_width200,-0.5,10,-150,200,25,-392.67290175994424,-392.67290175994424,0.0,False
74,a-0.5_te10_offset-150_width200,-0.5,10,-150,200,50,-392.67290175994424,-392.67290175994424,0.0,False
74,a-0.5_te10_offset-150_width200,-0.5,10,-150,200,100,-392.67290175994424,-392.67290175994424,0.0,False
74,a-0.5_te10_offset150_width100,-0.5,10,150,100,25,-392.67290175994424,-392.67290175994424,0.0,False
74,a-0.5_te10_offset150_width100,-0.5,10,150,100,50,-392.67290175994424,-392.67290175994424,0.0,False
74,a-0.5_te10_offset150_width100,-0.5,10,150,100,100,-392.67290175994424,-392.67290175994424,0.0,False
74,a-0.5_te10_offset150_width200,-0.5,10,150,200,25,-392.67290175994424,-392.67290175994424,0.0,False
74,a-0.5_te10_offset150_width200,-0.5,10,150,200,50,-392.67290175994424,-392.67290175994424,0.0,False
74,a-0.5_te10_offset150_width200,-0.5,10,150,200,100,-392.67290175994424,-392.67290175994424,0.0,False
74,a-0.5_te30_offset-150_width100,-0.5,30,-150,100,25,-392.67290175994424,-392.67290175994424,0.0,False
74,a-0.5_te30_offset-150_width100,-0.5,30,-150,100,50,-392.67290175994424,-392.67290175994424,0.0,False
74,a-0.5_te30_offset-150_width100,-0.5,30,-150,100,100,-392.67290175994424,-392.67290175994424,0.0,False
74,a-0.5_te30_offset-150_width200,-0.5,30,-150,200,25,-392.67290175994424,-392.67290175994424,0.0,False
74,a-0.5_te30_offset-150_width200,-0.5,30,-150,200,50,-392.67290175994424,-392.67290175994424,0.0,False
74,a-0.5_te30_offset-150_width200,-0.5,30,-150,200,100,-392.67290175994424,-392.67290175994424,0.0,False
74,a-0.5_te30_offset150_width100,-0.5,30,150,100,25,-392.67290175994424,-392.67290175994424,0.0,False
74,a-0.5_te30_offset150_width100,-0.5,30,150,100,50,-392.67290175994424,-392.67290175994424,0.0,False
74,a-0.5_te30_offset150_width100,-0.5,30,150,100,100,-392.67290175994424,-392.67290175994424,0.0,False
74,a-0.5_te30_offset150_width200,-0.5,30,150,200,25,-392.67290175994424,-392.67290175994424,0.0,False
74,a-0.5_te30_offset150_width200,-0.5,30,150,200,50,-392.67290175994424,-392.67290175994424,0.0,False
74,a-0.5_te30_offset150_width200,-0.5,30,150,200,100,-392.67290175994424,-392.67290175994424,0.0,False
74,a-0.5_te60_offset-150_width100,-0.5,60,-150,100,25,-392.67290175994424,-392.67290175994424,0.0,False
74,a-0.5_te60_offset-150_width100,-0.5,60,-150,100,50,-392.67290175994424,-392.67290175994424,0.0,False
74,a-0.5_te60_offset-150_width100,-0.5,60,-150,100,100,-392.67290175994424,-392.67290175994424,0.0,False
74,a-0.5_te60_offset-150_width200,-0.5,60,-150,200,25,-392.67290175994424,-392.67290175994424,0.0,False
74,a-0.5_te60_offset-150_width200,-0.5,60,-150,200,50,-392.67290175994424,-392.67290175994424,0.0,False
74,a-0.5_te60_offset-150_width200,-0.5,60,-150,200,100,-392.67290175994424,-392.67290175994424,0.0,False
74,a-0.5_te60_offset150_width100,-0.5,60,150,100,25,-392.67290175994424,-392.67290175994424,0.0,False
74,a-0.5_te60_offset150_width100,-0.5,60,150,100,50,-392.67290175994424,-392.67290175994424,0.0,False
74,a-0.5_te60_offset150_width100,-0.5,60,150,100,100,-392.67290175994424,-392.67290175994424,0.0,False
74,a-0.5_te60_offset150_width200,-0.5,60,150,200,25,-392.67290175994424,-392.67290175994424,0.0,False
74,a-0.5_te60_offset150_width200,-0.5,60,150,200,50,-392.67290175994424,-392.67290175994424,0.0,False
74,a-0.5_te60_offset150_width200,-0.5,60,150,200,100,-392.67290175994424,-392.67290175994424,0.0,False
74,a0.5_te10_offset-150_width100,0.5,10,-150,100,25,-392.67290175994424,-392.67290175994424,0.0,False
74,a0.5_te10_offset-150_width100,0.5,10,-150,100,50,-392.67290175994424,-392.67290175994424,0.0,False
74,a0.5_te10_offset-150_width100,0.5,10,-150,100,100,-392.67290175994424,-392.67290175994424,0.0,False
74,a0.5_te10_offset-150_width200,0.5,10,-150,200,25,-392.67290175994424,-392.67290175994424,0.0,False
74,a0.5_te10_offset-150_width200,0.5,10,-150,200,50,-392.67290175994424,-392.67290175994424,0.0,False
74,a0.5_te10_offset-150_width200,0.5,10,-150,200,100,-392.67290175994424,-392.67290175994424,0.0,False
74,a0.5_te10_offset150_width100,0.5,10,150,100,25,-392.67290175994424,-392.67290175994424,0.0,False
74,a0.5_te10_offset150_width100,0.5,10,150,100,50,-392.67290175994424,-392.67290175994424,0.0,False
74,a0.5_te10_offset150_width100,0.5,10,150,100,100,-392.67290175994424,-392.67290175994424,0.0,False
74,a0.5_te10_offset150_width200,0.5,10,150,200,25,-392.67290175994424,-392.67290175994424,0.0,False
74,a0.5_te10_offset150_width200,0.5,10,150,200,50,-392.67290175994424,-392.67290175994424,0.0,False
74,a0.5_te10_offset150_width200,0.5,10,150,200,100,-392.67290175994424,-392.67290175994424,0.0,False
74,a0.5_te30_offset-150_width100,0.5,30,-150,100,25,-392.67290175994424,-392.67290175994424,0.0,False
74,a0.5_te30_offset-150_width100,0.5,30,-150,100,50,-392.67290175994424,-392.67290175994424,0.0,False
74,a0.5_te30_offset-150_width100,0.5,30,-150,100,100,-392.67290175994424,-377.85505641051236,14.817845349431877,False
74,a0.5_te30_offset-150_width200,0.5,30,-150,200,25,-392.67290175994424,-392.67290175994424,0.0,False
74,a0.5_te30_offset-150_width200,0.5,30,-150,200,50,-392.67290175994424,-392.67290175994424,0.0,False
74,a0.5_te30_offset-150_width200,0.5,30,-150,200,100,-392.67290175994424,-392.67290175994424,0.0,False
74,a0.5_te30_offset150_width100,0.5,30,150,100,25,-392.67290175994424,-392.67290175994424,0.0,False
74,a0.5_te30_offset150_width100,0.5,30,150,100,50,-392.67290175994424,-392.67290175994424,0.0,False
74,a0.5_te30_offset150_width100,0.5,30,150,100,100,-392.67290175994424,-392.67290175994424,0.0,False
74,a0.5_te30_offset150_width200,0.5,30,150,200,25,-392.67290175994424,-392.67290175994424,0.0,False
74,a0.5_te30_offset150_width200,0.5,30,150,200,50,-392.67290175994424,-392.67290175994424,0.0,False
74,a0.5_te30_offset150_width200,0.5,30,150,200,100,-392.67290175994424,-392.67290175994424,0.0,False
74,a0.5_te60_offset-150_width100,0.5,60,-150,100,25,-392.67290175994424,-392.67290175994424,0.0,False
74,a0.5_te60_offset-150_width100,0.5,60,-150,100,50,-392.67290175994424,-377.85505641051236,14.817845349431877,False
74,a0.5_te60_offset-150_width100,0.5,60,-150,100,100,-392.67290175994424,-377.85505641051236,14.817845349431877,False
74,a0.5_te60_offset-150_width200,0.5,60,-150,200,25,-392.67290175994424,-392.67290175994424,0.0,False
74,a0.5_te60_offset-150_width200,0.5,60,-150,200,50,-392.67290175994424,-392.67290175994424,0.0,False
74,a0.5_te60_offset-150_width200,0.5,60,-150,200,100,-392.67290175994424,-392.67290175994424,0.0,False
74,a0.5_te60_offset150_width100,0.5,60,150,100,25,-392.67290175994424,-392.67290175994424,0.0,False
74,a0.5_te60_offset150_width100,0.5,60,150,100,50,-392.67290175994424,-377.85505641051236,14.817845349431877,False
74,a0.5_te60_offset150_width100,0.5,60,150,100,100,-392.67290175994424,-392.67290175994424,0.0,False
74,a0.5_te60_offset150_width200,0.5,60,150,200,25,-392.67290175994424,-392.67290175994424,0.0,False
74,a0.5_te60_offset150_width200,0.5,60,150,200,50,-392.67290175994424,-392.67290175994424,0.0,False
74,a0.5_te60_offset150_width200,0.5,60,150,200,100,-392.67290175994424,-392.67290175994424,0.0,False
74,a1_te10_offset-150_width100,1,10,-150,100,25,-392.67290175994424,-392.67290175994424,0.0,False
74,a1_te10_offset-150_width100,1,10,-150,100,50,-392.67290175994424,-392.67290175994424,0.0,False
74,a1_te10_offset-150_width100,1,10,-150,100,100,-392.67290175994424,-392.67290175994424,0.0,False
74,a1_te10_offset-150_width200,1,10,-150,200,25,-392.67290175994424,-392.67290175994424,0.0,False
74,a1_te10_offset-150_width200,1,10,-150,200,50,-392.67290175994424,-392.67290175994424,0.0,False
74,a1_te10_offset-150_width200,1,10,-150,200,100,-392.67290175994424,-392.67290175994424,0.0,False
74,a1_te10_offset150_width100,1,10,150,100,25,-392.67290175994424,-392.67290175994424,0.0,False
74,a1_te10_offset150_width100,1,10,150,100,50,-392.67290175994424,-392.67290175994424,0.0,False
74,a1_te10_offset150_width100,1,10,150,100,100,-392.67290175994424,-392.67290175994424,0.0,False
74,a1_te10_offset150_width200,1,10,150,200,25,-392.67290175994424,-392.67290175994424,0.0,False
74,a1_te10_offset150_width200,1,10,150,200,50,-392.67290175994424,-392.67290175994424,0.0,False
74,a1_te10_offset150_width200,1,10,150,200,100,-392.67290175994424,-392.67290175994424,0.0,False
74,a1_te30_offset-150_width100,1,30,-150,100,25,-392.67290175994424,-392.67290175994424,0.0,False
74,a1_te30_offset-150_width100,1,30,-150,100,50,-392.67290175994424,-377.85505641051236,14.817845349431877,False
74,a1_te30_offset-150_width100,1,30,-150,100,100,-392.67290175994424,-377.85505641051236,14.817845349431877,False
74,a1_te30_offset-150_width200,1,30,-150,200,25,-392.67290175994424,-392.67290175994424,0.0,False
74,a1_te30_offset-150_width200,1,30,-150,200,50,-392.67290175994424,-392.67290175994424,0.0,False
74,a1_te30_offset-150_width200,1,30,-150,200,100,-392.67290175994424,-392.67290175994424,0.0,False
74,a1_te30_offset150_width100,1,30,150,100,25,-392.67290175994424,-392.67290175994424,0.0,False
74,a1_te30_offset150_width100,1,30,150,100,50,-392.67290175994424,-377.85505641051236,14.817845349431877,False
74,a1_te30_offset150_width100,1,30,150,100,100,-392.67290175994424,-377.85505641051236,14.817845349431877,False
74,a1_te30_offset150_width200,1,30,150,200,25,-392.67290175994424,-392.67290175994424,0.0,False
74,a1_te30_offset150_width200,1,30,150,200,50,-392.67290175994424,-392.67290175994424,0.0,False
74,a1_te30_offset150_width200,1,30,150,200,100,-392.67290175994424,-392.67290175994424,0.0,False
74,a1_te60_offset-150_width100,1,60,-150,100,25,-392.67290175994424,-392.67290175994424,0.0,False
74,a1_te60_offset-150_width100,1,60,-150,100,50,-392.67290175994424,-377.85505641051236,14.817845349431877,False
74,a1_te60_offset-150_width100,1,60,-150,100,100,-392.67290175994424,-377.85505641051236,14.817845349431877,False
74,a1_te60_offset-150_width200,1,60,-150,200,25,-392.67290175994424,-392.67290175994424,0.0,False
74,a1_te60_offset-150_width200,1,60,-150,200,50,-392.67290175994424,-392.67290175994424,0.0,False
74,a1_te60_offset-150_width200,1,60,-150,200,100,-392.67290175994424,-392.67290175994424,0.0,False
74,a1_te60_offset150_width100,1,60,150,100,25,-392.67290175994424,-392.67290175994424,0.0,False
74,a1_te60_offset150_width100,1,60,150,100,50,-392.67290175994424,-377.85505641051236,14.817845349431877,False
74,a1_te60_offset150_width100,1,60,150,100,100,-392.67290175994424,-377.85505641051236,14.817845349431877,False
74,a1_te60_offset150_width200,1,60,150,200,25,-392.67290175994424,-392.67290175994424,0.0,False
74,a1_te60_offset150_width200,1,60,150,200,50,-392.67290175994424,-392.67290175994424,0.0,False
74,a1_te60_offset150_width200,1,60,150,200,100,-392.67290175994424,-392.67290175994424,0.0,False
