south_density_kg_m3,north_density_kg_m3,north_thickness_km,south_thickness_km,north_elevation_km,south_elevation_km,mantle_density_kg_m3,thickness_support_km,density_support_km,total_support_contrast_km,observed_relief_contrast_km
2600.0,2900.0,42.35225036809499,39.9988573039367,-2.427687379807436,0.7556307126009026,3400,-0.4499133799126142,3.633137103177869,3.1832237232652565,3.1833180924083386
2600.0,2900.0,42.35225036809499,39.9988573039367,-2.427687379807436,0.7556307126009026,3500,-0.504298513748205,3.5293331859442154,3.0250346721960124,3.1833180924083386
2600.0,2900.0,42.35225036809499,39.9988573039367,-2.427687379807436,0.7556307126009026,3600,-0.5556622512595963,3.4312961530013206,2.8756339017417254,3.1833180924083386
2700.0,2900.0,42.55133580730877,46.07815127317513,-2.427687379807436,0.7556307126009026,3400,0.6223791998587701,2.6067496200142326,3.2291288198730026,3.1833180924083386
2700.0,2900.0,42.55133580730877,46.07815127317513,-2.427687379807436,0.7556307126009026,3500,0.7053630931732725,2.5322710594423974,3.2376341526156702,3.1833180924083386
2700.0,2900.0,42.55133580730877,46.07815127317513,-2.427687379807436,0.7556307126009026,3600,0.7837367701925251,2.4619301966801084,3.2456669668726352,3.1833180924083386
2800.0,2900.0,42.77909971504382,54.33396109125526,-2.427687379807436,0.7556307126009026,3400,1.8691687520342035,1.428133247151457,3.2973019991856614,3.1833180924083386
2800.0,2900.0,42.77909971504382,54.33396109125526,-2.427687379807436,0.7556307126009026,3500,2.1459028270106963,1.3873294400899867,3.533232267100683,3.1833180924083386
2800.0,2900.0,42.77909971504382,54.33396109125526,-2.427687379807436,0.7556307126009026,3600,2.4072627867107173,1.3487925111985983,3.7560552979093167,3.1833180924083386
2900.0,2900.0,43.06365369238581,66.21039744836364,-2.427687379807436,0.7556307126009026,3400,3.403932905290857,-0.0,3.4039329052908567,3.1833180924083386
2900.0,2900.0,43.06365369238581,66.21039744836364,-2.427687379807436,0.7556307126009026,3500,3.968013215310483,-0.0,3.9680132153104832,3.1833180924083386
2900.0,2900.0,43.06365369238581,66.21039744836364,-2.427687379807436,0.7556307126009026,3600,4.50075573032902,-0.0,4.500755730329022,3.1833180924083386
