lid_km,degree,dimensionless_basal_response,relative_growth_rate
50,1,0.00010768113730399786,1.0
50,2,0.00010764172805502651,0.999634019012447
50,3,0.00010758266689246534,0.9990855370402104
50,4,0.00010750401691210832,0.9983551400335835
50,5,0.000107405861978349,0.9974436068141469
50,6,0.00010728830650963693,0.9963519070823712
50,7,0.0001071514751908826,0.9950811987468153
50,8,0.00010699551265333775,0.9936328249512772
50,9,0.0001068205830918908,0.9920083105207405
50,10,0.00010662686984564752,0.9902093580663621
50,11,0.00010641457491224155,0.988237843475031
50,12,0.00010618391843543499,0.9860958111508794
50,13,0.00010593513815009024,0.9837854688609163
50,14,0.00010566848876957895,0.981309182046091
50,15,0.0001053842413626399,0.9786694680343733
50,16,0.00010508268267759973,0.9758689897650101
50,17,0.00010476411443648404,0.9729105492331616
50,18,0.00010442885261962622,0.9697970808462952
50,19,0.00010407722669857808,0.9665316443004733
50,20,0.00010370957887503511,0.9631174175124978
50,21,0.00010332626328195348,0.9595576892009415
50,22,0.000102927645178932,0.955855851413919
50,23,0.00010251410013598033,0.9520153919490068
50,24,0.00010208601320031231,0.9480398866155195
50,25,0.00010164377807526798,0.9439329916094253
50,26,0.00010118779628024449,0.9396984357118943
50,27,0.00010071847631926542,0.93534001256807
50,28,0.00010023623285224887,0.9308615729909032
50,29,9.974148587258002e-05,0.926267017323534
50,30,9.923465989216805e-05,0.9215602878711775
50,31,9.871618314634723e-05,0.9167453615172971
50,32,9.818648679619389e-05,0.9118262423157797
50,33,9.764600416377987e-05,0.90680695438898
50,34,9.70951699772445e-05,0.9016915349169484
50,35,9.653441963589864e-05,0.8964840273126892
50,36,9.596418850546782e-05,0.8911884746773099
50,37,9.538491121875356e-05,0.8858089133054896
50,38,9.47970210253085e-05,0.8803493666461208
50,39,9.420094914279809e-05,0.8748138392786153
50,40,9.359712415181087e-05,0.8692063112927012
100,1,0.00042621003978921907,1.0
100,2,0.00042558082186080435,0.9985236905054468
100,3,0.0004246403810961873,0.9963171710037426
100,4,0.0004233927402971048,0.9933898800377683
100,5,0.00042184319644483065,0.989754245708177
100,6,0.0004199982651639399,0.9854255553708889
100,7,0.0004178656134357405,0.9804217977652396
100,8,0.0004154539816984744,0.9747634802407188
100,9,0.0004127730968862819,0.9684734247236823
100,10,0.0004098335779728079,0.9615765460979988
100,11,0.00040664683556073923,0.9540996166158949
100,12,0.00040322496738387406,0.9460710207185353
100,13,0.0003995806512159665,0.9375205037722197
100,14,0.00039572703693498053,0.9284789188229498
100,15,0.00039167763924576304,0.9189779748958191
100,16,0.00038744623249328976,0.9090499901994336
100,17,0.000383046748908498,0.8987276533840748
100,18,0.00037849318131315257,0.8880437952619212
100,19,0.0003737994914209516,0.877031173657507
100,20,0.0003689795243653933,0.8657222728677885
100,21,0.0003640469301748064,0.8541491194220688
100,22,0.0003590150925956118,0.8423431150827927
100,23,0.0003538970655507377,0.830334887760402
100,24,0.00034870551738229043,0.8181541606920891
100,25,0.0003434526827865728,0.8058296396688035
100,26,0.00033815032243174,0.7933889182877326
100,27,0.00033280968988791274,0.7808584003617156
100,28,0.00032744150561993767,0.7682632388994706
100,29,0.0003220559376077148,0.755627290635825
100,30,0.000316662588167323,0.742973085110636
100,31,0.0003112704864098873,0.7303218069753242
100,32,0.0003058880859292775,0.7176932905676121
100,33,0.0003005232670789091,0.7051060252534924
100,34,0.0002951833433756909,0.6925771704525613
100,35,0.00028987507148782183,0.6801225790719962
100,36,0.000284604664298402,0.6677568281571977
100,37,0.0002793778065897954,0.6554932556913978
100,38,0.0002741996728355377,0.6433440023401193
100,39,0.00026907494677007613,0.6313200573668944
100,40,0.00026400784225875685,0.6194313075997017
200,1,0.0016668420443994563,1.0
200,2,0.001656860730778342,0.9940118419410817
200,3,0.0016421047870572908,0.9851592072414528
200,4,0.0016228231280133274,0.9735914290535019
200,5,0.0015993313116190997,0.9594978222398513
200,6,0.001571999165208106,0.9431002598536438
200,7,0.001541237112611297,0.924644970283664
200,8,0.0015074820823997718,0.9043940830895587
200,9,0.0014711838078232166,0.882617409829776
200,10,0.0014327921946430578,0.8595848655589174
200,11,0.0013927462609935536,0.8355598334426126
200,12,0.0013514649664064385,0.810793662751263
200,13,0.00130934006950628,0.7855213839281454
200,14,0.0012667310007653603,0.7599586325660201
200,15,0.0012239616168021584,0.73429970219112
200,16,0.0011813186210018144,0.7087165967351332
200,17,0.00113905138731086,0.6833589248231657
200,18,0.0010973729075406094,0.6583544680959736
200,19,0.0010564615881886175,0.6338102591894053
200,20,0.0010164636453694061,0.6098140185416466
200,21,0.0009774958785551489,0.5864358184625281
200,22,0.0009396486407446898,0.5637298650474312
200,23,0.0009029888595060368,0.5417363106120672
200,24,0.0008675629986423678,0.5204830305051134
200,25,0.0008333998808328093,0.49998731651448924
200,26,0.0008005133181808018,0.4802574550303099
200,27,0.0007689045187218122,0.46129417079759316
200,28,0.0007385642537756824,0.44309192719084456
200,29,0.0007094747836685996,0.42564008152567034
200,30,0.0006816115482652473,0.40892389927134576
200,31,0.000654944634975513,0.3929254347621654
200,32,0.0006294400407841803,0.3776242883355874
200,33,0.0006050607467931576,0.3629982509897355
200,34,0.0005817676246866097,0.3490238482052532
200,35,0.0005595201942114989,0.3356767943858096
200,36,0.0005382772500816974,0.3229323689609908
200,37,0.000517997375387587,0.31076572439964784
200,38,0.0004986393573056194,0.2991521356093902
200,39,0.0004801625191677311,0.28806719915727114
200,40,0.00046252698159401977,0.27748698993290805
