longitude_center_deg_e,latitude_deg_n,median_elevation_km,strip_q25_km,strip_q75_km
56,10.125,1.5805,1.457,1.62575
56,10.375,1.4565000000000001,1.21625,1.65225
56,10.625,1.423,1.182,1.53925
56,10.875,1.4455,1.12625,1.50325
56,11.125,1.309,1.0614999999999999,1.5242499999999999
56,11.375,1.307,1.1037499999999998,1.3715
56,11.625,1.248,1.2155,1.27
56,11.875,1.0870000000000002,1.02925,1.20875
56,12.125,0.9724999999999999,0.859,1.1295000000000002
56,12.375,0.871,0.85,0.89625
56,12.625,0.868,0.8574999999999999,0.92875
56,12.875,0.8434999999999999,0.77175,0.87375
56,13.125,0.828,0.7917500000000001,0.8565
56,13.375,0.849,0.8135,0.8965000000000001
56,13.625,0.843,0.81325,0.883
56,13.875,0.8354999999999999,0.8194999999999999,0.89425
56,14.125,0.8654999999999999,0.82875,0.8845000000000001
56,14.375,0.881,0.85125,0.999
56,14.625,1.0095,0.9492499999999999,1.11125
56,14.875,1.043,0.92625,1.2145
56,15.125,1.146,0.9722500000000001,1.2854999999999999
56,15.375,1.1365,0.9615,1.2502499999999999
56,15.625,1.0365,1.00175,1.0779999999999998
56,15.875,0.8875,0.785,1.16325
56,16.125,0.956,0.8472500000000001,1.266
56,16.375,1.432,1.2967499999999998,1.47475
56,16.625,1.5154999999999998,1.3995,1.5979999999999999
56,16.875,1.4265,1.2425,1.58325
56,17.125,0.932,0.7765,1.23425
56,17.375,0.7865,0.72875,0.85575
56,17.625,0.64,0.50825,0.9047499999999999
56,17.875,0.556,0.51275,0.9345
56,18.125,0.766,0.6749999999999999,1.002
56,18.375,1.1720000000000002,1.05825,1.431
56,18.625,0.806,0.49675,1.0525
56,18.875,0.41000000000000003,0.27775,0.6697500000000001
56,19.125,0.2465,0.145,0.425
56,19.375,0.20550000000000002,0.1005,0.43775
56,19.625,0.20450000000000002,0.151,0.59375
56,19.875,0.40149999999999997,0.156,1.0142499999999999
56,20.125,0.9575,0.50575,1.159
56,20.375,1.001,0.9624999999999999,1.11625
56,20.625,0.9390000000000001,0.8552500000000001,1.1992500000000001
56,20.875,0.9675,0.8215,1.2965
56,21.125,0.9555,0.69075,1.3472499999999998
56,21.375,0.881,0.6637500000000001,1.28975
56,21.625,0.9715,0.5529999999999999,1.19225
56,21.875,0.8315,0.43775,1.117
56,22.125,1.02,0.55925,1.15675
56,22.375,1.0695000000000001,0.81025,1.32525
56,22.625,1.149,0.79125,1.31975
56,22.875,1.213,0.8465,1.40325
56,23.125,1.264,1.0010000000000001,1.33725
56,23.375,1.2335,1.1132499999999999,1.27325
56,23.625,1.196,1.1195,1.2165000000000001
56,23.875,1.1295,1.1005,1.16525
56,24.125,1.158,1.1277499999999998,1.196
56,24.375,1.225,1.148,1.26125
56,24.625,1.079,1.01375,1.258
56,24.875,1.115,0.9712500000000001,1.1675
56,25.125,1.21,0.8390000000000001,1.36325
56,25.375,0.4075,-0.28725,0.73
56,25.625,-0.499,-0.59225,-0.1625
56,25.875,-0.7375,-1.0255,-0.355
56,26.125,-0.609,-0.7907500000000001,-0.33975
56,26.375,-0.831,-1.1745,-0.644
56,26.625,-0.823,-0.98475,-0.496
56,26.875,-0.49550000000000005,-0.79075,-0.04375
56,27.125,0.5645,-0.007750000000000035,0.72675
56,27.375,0.6605000000000001,0.37075,0.7002499999999999
56,27.625,0.5115000000000001,0.49,0.5712499999999999
56,27.875,0.3155,0.245,0.4045
56,28.125,0.10800000000000001,0.03625,0.14625
56,28.375,0.0505,0.018,0.0865
56,28.625,0.078,0.022250000000000002,0.12425
56,28.875,0.0905,-0.0125,0.15775
56,29.125,0.1055,0.07225,0.193
56,29.375,0.1015,0.0635,0.13525
56,29.625,-0.078,-0.43400000000000005,0.02825
56,29.875,0.0145,-0.01475,0.0365
56,30.125,-0.0625,-0.07200000000000001,-0.01575
56,30.375,-0.051000000000000004,-0.162,-0.0305
56,30.625,-0.109,-0.1335,-0.060750000000000005
56,30.875,-0.1745,-0.2155,-0.11074999999999999
56,31.125,-0.1915,-0.20425,-0.16974999999999998
56,31.375,-0.20500000000000002,-0.22675,-0.13949999999999999
56,31.625,-0.19,-0.23225,-0.158
56,31.875,-0.2235,-0.31275,-0.18775
56,32.125,-0.22799999999999998,-0.321,-0.1885
56,32.375,-0.436,-0.4945,-0.1855
56,32.625,-0.444,-1.053,-0.30474999999999997
56,32.875,-0.3795,-0.62125,-0.2855
56,33.125,-0.45199999999999996,-0.6325,-0.39525
56,33.375,-0.47550000000000003,-0.579,-0.42275
56,33.625,-0.5035000000000001,-0.53075,-0.481
56,33.875,-0.5645,-0.6105,-0.54225
56,34.125,-0.4625,-0.51525,-0.434
56,34.375,-0.503,-0.60825,-0.354
56,34.625,-0.41000000000000003,-0.5275,-0.35775
56,34.875,-0.3075,-0.349,-0.29675
56,35.125,-0.377,-0.50075,-0.28175
56,35.375,-1.0165,-1.159,-0.19875
56,35.625,-0.522,-1.472,-0.1825
56,35.875,-0.23099999999999998,-0.3645,-0.14200000000000002
56,36.125,-1.138,-2.1854999999999998,-0.1855
56,36.375,-1.9969999999999999,-2.62325,-0.044
56,36.625,-2.3335,-2.5500000000000003,-0.5175
56,36.875,-2.1685,-2.60675,-0.9077500000000001
56,37.125,-1.6435,-2.323,-0.8484999999999999
56,37.375,-0.681,-1.87825,-0.34125
56,37.625,-0.642,-1.686,-0.38425
56,37.875,-0.5409999999999999,-1.9217499999999998,-0.4515
56,38.125,-0.5589999999999999,-1.86875,-0.52775
56,38.375,-0.9225,-1.44,-0.61425
56,38.625,-1.141,-1.51525,-0.7292500000000001
56,38.875,-1.1435,-1.7770000000000001,-0.66775
56,39.125,-2.0575,-2.7582500000000003,-0.60275
56,39.375,-2.5635,-2.875,-1.0645
56,39.625,-2.387,-2.76675,-1.36225
56,39.875,-2.456,-2.75,-1.67875
56,40.125,-2.4795,-2.5715,-1.70575
56,40.375,-2.4495,-2.5685,-1.6775000000000002
56,40.625,-2.2175,-2.4765,-1.7635
56,40.875,-1.96,-2.35125,-1.7515
56,41.125,-1.9580000000000002,-2.1875,-1.377
56,41.375,-2.262,-2.373,-1.6629999999999998
56,41.625,-2.194,-2.56975,-2.0465
56,41.875,-2.592,-2.7355,-2.4690000000000003
56,42.125,-2.6814999999999998,-2.724,-2.54875
56,42.375,-2.479,-2.64975,-2.34375
56,42.625,-2.5700000000000003,-2.6235,-2.4985
56,42.875,-2.657,-2.67575,-2.56775
56,43.125,-2.6005000000000003,-2.67,-2.5275
56,43.375,-2.678,-2.6959999999999997,-2.6255
56,43.625,-2.6565,-2.72325,-2.62675
56,43.875,-2.604,-2.683,-2.51825
56,44.125,-2.6334999999999997,-2.6712499999999997,-2.60025
56,44.375,-2.752,-2.76675,-2.7265
56,44.625,-2.7504999999999997,-2.7960000000000003,-2.6675
56,44.875,-2.8825000000000003,-2.9154999999999998,-2.746
56,45.125,-2.8765,-2.88575,-2.85675
56,45.375,-2.782,-2.87775,-2.76875
56,45.625,-2.874,-2.8787499999999997,-2.815
56,45.875,-2.857,-2.879,-2.84725
56,46.125,-2.8725,-2.9427499999999998,-2.83225
56,46.375,-2.9145,-2.94275,-2.88675
56,46.625,-2.9215,-2.95375,-2.88525
56,46.875,-2.9885,-3.01425,-2.92325
56,47.125,-3.0389999999999997,-3.0509999999999997,-3.0010000000000003
56,47.375,-3.1165000000000003,-3.13025,-3.10475
56,47.625,-3.2205000000000004,-3.23775,-3.203
56,47.875,-3.251,-3.26825,-3.223
56,48.125,-3.2815000000000003,-3.3075,-3.261
56,48.375,-3.2965,-3.34675,-3.2634999999999996
56,48.625,-3.2865,-3.35575,-3.2765
56,48.875,-3.2975,-3.3390000000000004,-3.2752499999999998
56,49.125,-3.375,-3.4025,-3.344
56,49.375,-3.3890000000000002,-3.42525,-3.37975
56,49.625,-3.4465000000000003,-3.44825,-3.434
56,49.875,-3.4615,-3.4745,-3.45925
56,50.125,-3.4685,-3.48025,-3.45425
56,50.375,-3.4675000000000002,-3.47575,-3.45875
56,50.625,-3.4825,-3.49225,-3.4785
56,50.875,-3.4805,-3.5025,-3.4610000000000003
56,51.125,-3.5054999999999996,-3.5410000000000004,-3.5025
56,51.375,-3.505,-3.51275,-3.50275
56,51.625,-3.491,-3.5065,-3.4875000000000003
56,51.875,-3.5715,-3.5869999999999997,-3.532
56,52.125,-3.624,-3.64475,-3.6020000000000003
56,52.375,-3.643,-3.68,-3.62175
56,52.625,-3.6625,-3.67425,-3.659
56,52.875,-3.6950000000000003,-3.70025,-3.67875
56,53.125,-3.7015000000000002,-3.7065,-3.68875
56,53.375,-3.7265,-3.74775,-3.7035
56,53.625,-3.7395,-3.7817499999999997,-3.718
56,53.875,-3.7640000000000002,-3.78425,-3.74375
56,54.125,-3.766,-3.8055,-3.72375
56,54.375,-3.803,-3.8245,-3.78925
56,54.625,-3.818,-3.8475,-3.79325
56,54.875,-3.8310000000000004,-3.8442499999999997,-3.822
56,55.125,-3.8445,-3.847,-3.83075
56,55.375,-3.848,-3.86175,-3.83575
56,55.625,-3.8345000000000002,-3.85875,-3.82075
56,55.875,-3.866,-3.87925,-3.86325
56,56.125,-3.8865,-3.89525,-3.859
56,56.375,-3.9135,-3.9267499999999997,-3.8985
56,56.625,-3.957,-3.96375,-3.92275
56,56.875,-3.951,-3.969,-3.91725
56,57.125,-3.9705,-3.97825,-3.9392500000000004
56,57.375,-3.9815,-3.98425,-3.9785
56,57.625,-3.9800000000000004,-3.991,-3.97125
56,57.875,-3.9290000000000003,-3.9757499999999997,-3.895
56,58.125,-3.934,-3.974,-3.913
56,58.375,-3.9645,-3.974,-3.95
56,58.625,-4.005,-4.0142500000000005,-3.99425
56,58.875,-3.9844999999999997,-4.00325,-3.96575
56,59.125,-3.98,-4.0075,-3.9547499999999998
56,59.375,-4.0365,-4.053,-4.01225
56,59.625,-4.029999999999999,-4.05675,-3.964
56,59.875,-4.013,-4.05525,-3.96
62,10.125,1.608,1.5795000000000001,1.62375
62,10.375,1.6,1.58925,1.61675
62,10.625,1.5745,1.55375,1.61025
62,10.875,1.568,1.554,1.589
62,11.125,1.564,1.5425,1.58325
62,11.375,1.566,1.5425,1.5859999999999999
62,11.625,1.5805,1.5350000000000001,1.59275
62,11.875,1.549,1.503,1.5795000000000001
62,12.125,1.5365,1.5002499999999999,1.552
62,12.375,1.5114999999999998,1.4715,1.5245
62,12.625,1.5085,1.4612500000000002,1.5202499999999999
62,12.875,1.4935,1.45825,1.51525
62,13.125,1.4315,1.392,1.47575
62,13.375,1.3210000000000002,1.27225,1.345
62,13.625,1.273,1.02975,1.3202500000000001
62,13.875,1.3645,1.28525,1.41625
62,14.125,1.2730000000000001,1.09575,1.35925
62,14.375,1.256,1.228,1.2845
62,14.625,1.2305000000000001,1.21625,1.2575
62,14.875,1.194,1.1705,1.213
62,15.125,1.186,1.1684999999999999,1.2035
62,15.375,1.158,1.12025,1.22275
62,15.625,1.1055000000000001,1.06975,1.161
62,15.875,1.081,1.065,1.1142500000000002
62,16.125,1.0354999999999999,0.99175,1.0590000000000002
62,16.375,0.999,0.9572499999999999,1.0282499999999999
62,16.625,0.994,0.93,1.0227499999999998
62,16.875,0.9949999999999999,0.9405,1.068
62,17.125,1.0325,0.95425,1.04575
62,17.375,1.006,0.92525,1.08675
62,17.625,1.1030000000000002,0.9979999999999999,1.31025
62,17.875,1.2,1.0745,1.2965
62,18.125,1.105,1.03925,1.20475
62,18.375,0.5325,0.39175,0.9187500000000001
62,18.625,0.353,0.25225,0.46175
62,18.875,0.37,0.12025000000000001,0.41874999999999996
62,19.125,0.252,0.19375,0.27375
62,19.375,0.1385,0.11775,0.22975
62,19.625,0.0685,0.05425,0.15575
62,19.875,0.067,0.050249999999999996,0.0965
62,20.125,0.0765,0.049749999999999996,0.1095
62,20.375,0.07350000000000001,0.04825,0.101
62,20.625,0.0945,0.06949999999999999,0.113
62,20.875,0.0895,0.0735,0.107
62,21.125,0.094,0.0595,0.10350000000000001
62,21.375,0.101,0.08175,0.12125
62,21.625,0.1095,0.09875,0.1245
62,21.875,0.139,0.1115,0.16075
62,22.125,0.109,-0.158,0.14425000000000002
62,22.375,0.11349999999999999,0.09325,0.20225
62,22.625,0.157,0.09525,0.20875
62,22.875,0.132,0.1085,0.16999999999999998
62,23.125,0.14750000000000002,0.11725,0.20350000000000001
62,23.375,0.264,0.22025,0.27575
62,23.625,0.2825,0.256,0.37274999999999997
62,23.875,0.4,0.3545,0.48625
62,24.125,0.4125,0.34075,0.6065
62,24.375,0.339,0.3265,0.57025
62,24.625,0.7525,0.5385,0.7967500000000001
62,24.875,0.794,0.7585,0.929
62,25.125,0.7895,0.74075,0.8734999999999999
62,25.375,0.6705000000000001,0.45325,0.8987499999999999
62,25.625,0.456,0.361,0.55025
62,25.875,0.122,-0.657,0.5914999999999999
62,26.125,-0.53,-1.02925,-0.18450000000000003
62,26.375,-0.11650000000000002,-0.75825,0.61975
62,26.625,0.131,-0.9420000000000001,0.51675
62,26.875,0.318,-0.9045,0.44125
62,27.125,0.36450000000000005,-0.46950000000000003,0.4885
62,27.375,0.3405,0.015,0.48824999999999996
62,27.625,0.5275,0.36825,0.6485000000000001
62,27.875,0.23,0.149,0.40225
62,28.125,0.211,0.09075,0.349
62,28.375,0.27349999999999997,0.18525,0.363
62,28.625,0.3765,0.31,0.484
62,28.875,-0.028000000000000004,-0.37,0.151
62,29.125,0.0995,-0.1185,0.376
62,29.375,0.3325,0.01225,0.41475
62,29.625,0.2905,0.1,0.4295
62,29.875,0.1425,-0.019500000000000003,0.3275
62,30.125,-0.493,-0.67425,-0.0655
62,30.375,-1.025,-1.40325,-0.209
62,30.625,-0.8240000000000001,-1.02075,-0.25775000000000003
62,30.875,-0.219,-0.4545,0.08650000000000001
62,31.125,-0.20900000000000002,-0.5680000000000001,-0.0775
62,31.375,-0.2285,-0.49075,-0.09675
62,31.625,-0.1765,-0.4295,-0.13199999999999998
62,31.875,-0.23249999999999998,-0.29525,-0.212
62,32.125,-0.42200000000000004,-0.83425,-0.2815
62,32.375,-1.1275,-1.431,-0.7404999999999999
62,32.625,-0.771,-1.4347500000000002,-0.72575
62,32.875,-1.1115,-1.186,-0.66025
62,33.125,-1.004,-1.337,-0.90025
62,33.375,-1.9255,-2.0927499999999997,-1.5474999999999999
62,33.625,-1.8820000000000001,-1.97875,-1.7534999999999998
62,33.875,-1.5939999999999999,-1.6615,-1.5187499999999998
62,34.125,-1.546,-1.72075,-1.4537499999999999
62,34.375,-1.5434999999999999,-1.86575,-1.4545000000000001
62,34.625,-1.7959999999999998,-1.97025,-1.579
62,34.875,-1.5705,-1.8712499999999999,-1.29
62,35.125,-1.927,-1.9957500000000001,-1.80475
62,35.375,-1.9475000000000002,-2.1205,-1.7515
62,35.625,-1.8719999999999999,-1.96025,-1.7715
62,35.875,-1.8304999999999998,-1.95475,-1.388
62,36.125,-1.685,-2.0055,-1.29375
62,36.375,-1.58,-1.90275,-1.18625
62,36.625,-1.7085,-1.8119999999999998,-1.5025
62,36.875,-2.018,-2.0615,-1.8399999999999999
62,37.125,-1.941,-2.04075,-1.799
62,37.375,-1.981,-2.10425,-1.7625
62,37.625,-2.1825,-2.37475,-2.05575
62,37.875,-2.3335,-2.37825,-2.18625
62,38.125,-2.2039999999999997,-2.23575,-2.1845
62,38.375,-2.1795,-2.259,-2.15125
62,38.625,-2.229,-2.3135,-2.15325
62,38.875,-2.2510000000000003,-2.27,-2.2070000000000003
62,39.125,-2.217,-2.2897499999999997,-2.192
62,39.375,-2.1900000000000004,-2.2872500000000002,-2.1342499999999998
62,39.625,-2.2355,-2.326,-2.1885
62,39.875,-2.401,-2.436,-2.36775
62,40.125,-2.5060000000000002,-2.549,-2.48625
62,40.375,-2.5215,-2.55525,-2.50975
62,40.625,-2.4775,-2.49875,-2.42425
62,40.875,-2.3695,-2.4137500000000003,-2.3585000000000003
62,41.125,-2.4335,-2.454,-2.384
62,41.375,-2.259,-2.3267499999999997,-2.2310000000000003
62,41.625,-2.399,-3.193,-2.3449999999999998
62,41.875,-3.013,-3.855,-2.35925
62,42.125,-3.0365,-3.853,-2.44125
62,42.375,-2.6685,-3.6045000000000003,-2.4325
62,42.625,-2.499,-2.56825,-2.42975
62,42.875,-2.7145,-2.73125,-2.663
62,43.125,-2.7335,-2.7565,-2.7015000000000002
62,43.375,-2.8185000000000002,-2.82325,-2.8040000000000003
62,43.625,-2.8525,-2.9065000000000003,-2.8315
62,43.875,-2.899,-2.917,-2.86125
62,44.125,-2.9,-2.9375,-2.8802499999999998
62,44.375,-2.9585,-2.991,-2.94125
62,44.625,-2.9915000000000003,-3.05875,-2.9757499999999997
62,44.875,-3.0285,-3.105,-3.0132499999999998
62,45.125,-3.075,-3.14225,-3.0067500000000003
62,45.375,-3.1175,-3.15275,-3.0935
62,45.625,-3.1185,-3.153,-3.04075
62,45.875,-3.1395,-3.16325,-3.037
62,46.125,-3.16,-3.17075,-3.1414999999999997
62,46.375,-3.1675,-3.21325,-3.1574999999999998
62,46.625,-3.2135,-3.22675,-3.19975
62,46.875,-3.237,-3.2672499999999998,-3.21
62,47.125,-3.247,-3.25775,-3.22
62,47.375,-3.2715,-3.27625,-3.26125
62,47.625,-3.276,-3.3035,-3.26575
62,47.875,-3.3145,-3.321,-3.2859999999999996
62,48.125,-3.3085,-3.31825,-3.262
62,48.375,-3.314,-3.33875,-3.292
62,48.625,-3.333,-3.35675,-3.322
62,48.875,-3.3655,-3.379,-3.348
62,49.125,-3.394,-3.403,-3.3850000000000002
62,49.375,-3.382,-3.40825,-3.359
62,49.625,-3.4139999999999997,-3.5010000000000003,-3.38325
62,49.875,-3.4775,-3.502,-3.46225
62,50.125,-3.5069999999999997,-3.52475,-3.48825
62,50.375,-3.5229999999999997,-3.5317499999999997,-3.5025
62,50.625,-3.535,-3.5429999999999997,-3.51275
62,50.875,-3.528,-3.549,-3.50975
62,51.125,-3.5534999999999997,-3.5745,-3.54
62,51.375,-3.6159999999999997,-3.62425,-3.59975
62,51.625,-3.621,-3.6215,-3.6065
62,51.875,-3.6225,-3.6462499999999998,-3.61125
62,52.125,-3.6275,-3.641,-3.6195
62,52.375,-3.6345,-3.6475,-3.6255
62,52.625,-3.625,-3.6485000000000003,-3.61675
62,52.875,-3.641,-3.6519999999999997,-3.6304999999999996
62,53.125,-3.6565000000000003,-3.677,-3.6365
62,53.375,-3.641,-3.67,-3.6340000000000003
62,53.625,-3.6585,-3.6745,-3.6422499999999998
62,53.875,-3.6555,-3.66,-3.64125
62,54.125,-3.674,-3.69025,-3.6614999999999998
62,54.375,-3.6734999999999998,-3.6945,-3.6622500000000002
62,54.625,-3.6725000000000003,-3.707,-3.6590000000000003
62,54.875,-3.6955,-3.7045000000000003,-3.68725
62,55.125,-3.7135,-3.7239999999999998,-3.699
62,55.375,-3.751,-3.77725,-3.73375
62,55.625,-3.76,-3.79425,-3.72675
62,55.875,-3.782,-3.79325,-3.77325
62,56.125,-3.7805,-3.80525,-3.77825
62,56.375,-3.79,-3.79875,-3.78125
62,56.625,-3.7714999999999996,-3.799,-3.7272499999999997
62,56.875,-3.757,-3.76675,-3.7255
62,57.125,-3.7435,-3.7835,-3.7287500000000002
62,57.375,-3.7904999999999998,-3.7995,-3.769
62,57.625,-3.8,-3.8085,-3.78775
62,57.875,-3.7365000000000004,-3.77675,-3.70475
62,58.125,-3.784,-3.8915,-3.69475
62,58.375,-3.723,-3.77075,-3.66675
62,58.625,-3.808,-3.87075,-3.77425
62,58.875,-3.8335,-3.865,-3.8137499999999998
62,59.125,-3.8754999999999997,-3.8897500000000003,-3.8475
62,59.375,-3.9085,-3.9245,-3.886
62,59.625,-3.941,-3.95,-3.9267499999999997
62,59.875,-3.9615,-3.9665,-3.9530000000000003
68,10.125,1.695,1.678,1.845
68,10.375,1.8185,1.77975,1.94825
68,10.625,1.8645,1.842,1.9855
68,10.875,1.9245,1.87375,2.02275
68,11.125,1.8895,1.83325,1.9785000000000001
68,11.375,1.854,1.8159999999999998,1.9097499999999998
68,11.625,1.8035,1.7785,1.845
68,11.875,1.7534999999999998,1.73025,1.78725
68,12.125,1.7125,1.6372499999999999,1.7315
68,12.375,1.658,1.5907499999999999,1.68175
68,12.625,1.6115,1.58175,1.63975
68,12.875,1.564,1.536,1.58775
68,13.125,1.4925000000000002,1.464,1.5294999999999999
68,13.375,1.4405000000000001,1.42325,1.4585000000000001
68,13.625,1.3824999999999998,1.35725,1.40575
68,13.875,1.3195000000000001,1.30225,1.33875
68,14.125,1.2825,1.25575,1.311
68,14.375,1.2349999999999999,1.1992500000000001,1.26525
68,14.625,1.242,1.18225,1.264
68,14.875,1.1665,1.10975,1.1952500000000001
68,15.125,1.0939999999999999,0.754,1.1475
68,15.375,1.052,0.8012499999999999,1.108
68,15.625,1.069,1.035,1.1165
68,15.875,1.0015,0.9535,1.02325
68,16.125,0.933,0.9167500000000001,0.952
68,16.375,0.9115,0.89075,0.926
68,16.625,0.8825000000000001,0.85575,0.89525
68,16.875,0.8294999999999999,0.7905,0.83975
68,17.125,0.778,0.76225,0.79425
68,17.375,0.734,0.7195,0.7585
68,17.625,0.7284999999999999,0.7015,0.74575
68,17.875,0.704,0.6709999999999999,0.7324999999999999
68,18.125,0.7104999999999999,0.6709999999999999,0.7444999999999999
68,18.375,0.6885,0.6817500000000001,0.69575
68,18.625,0.6415,0.6255,0.67
68,18.875,0.6335,0.6185,0.6922499999999999
68,19.125,0.7235,0.6845,0.8214999999999999
68,19.375,0.9665,0.7015,1.1555
68,19.625,1.2435,0.93075,1.512
68,19.875,1.347,1.253,1.58575
68,20.125,1.39,1.27775,1.4344999999999999
68,20.375,1.071,0.7835000000000001,1.202
68,20.625,0.788,0.21600000000000003,0.9570000000000001
68,20.875,0.5800000000000001,0.23175,0.72975
68,21.125,0.754,0.48675,0.888
68,21.375,0.7415,0.16925,0.9632499999999999
68,21.625,0.6890000000000001,0.31425000000000003,0.7827500000000001
68,21.875,0.665,0.47525,0.77125
68,22.125,0.7055,0.54125,0.8915
68,22.375,0.6855,0.52275,0.86325
68,22.625,0.39849999999999997,0.014000000000000005,0.5607500000000001
68,22.875,0.09799999999999999,-0.9027499999999999,0.4995
68,23.125,0.263,-0.824,0.5555
68,23.375,0.269,0.08574999999999999,0.595
68,23.625,0.581,0.471,0.62075
68,23.875,0.557,0.4595,0.588
68,24.125,0.603,0.5625,0.612
68,24.375,0.5660000000000001,0.51375,0.62475
68,24.625,0.5654999999999999,0.53625,0.6425000000000001
68,24.875,0.5655,0.55125,0.6224999999999999
68,25.125,0.48050000000000004,0.4065,0.56425
68,25.375,0.4345,0.32575,0.5905
68,25.625,0.484,0.26025000000000004,0.71375
68,25.875,0.623,0.35325,0.827
68,26.125,0.7749999999999999,0.3265,0.84825
68,26.375,0.552,0.39649999999999996,0.8405
68,26.625,0.7709999999999999,0.5429999999999999,0.885
68,26.875,0.2905,0.09175,0.64425
68,27.125,0.2495,0.0032499999999999994,0.4525
68,27.375,0.4135,0.19425,0.5217499999999999
68,27.625,0.681,0.2545,0.854
68,27.875,-0.0025,-0.107,0.1135
68,28.125,0.16549999999999998,-0.057,0.7080000000000001
68,28.375,0.24000000000000002,-0.107,0.57475
68,28.625,0.478,0.44825000000000004,0.737
68,28.875,0.571,0.2925,0.798
68,29.125,0.0995,-0.1545,0.20325
68,29.375,-0.1585,-0.485,0.20875
68,29.625,0.187,0.0030000000000000027,0.43075
68,29.875,0.6435,0.46549999999999997,0.69075
68,30.125,0.5485,0.13249999999999998,0.6745000000000001
68,30.375,0.4215,-0.12075000000000002,0.5925
68,30.625,-0.341,-0.5765,0.6005
68,30.875,-0.8,-0.8855,0.176
68,31.125,-0.7095,-0.786,-0.1005
68,31.375,-0.5495,-0.62425,0.133
68,31.625,-0.1355,-0.33275,0.0665
68,31.875,0.028499999999999998,-0.316,0.28975
68,32.125,0.092,-0.29125,0.21925
68,32.375,0.043,-0.25725,0.1505
68,32.625,0.1905,-0.0455,0.244
68,32.875,-0.027,-0.096,0.1245
68,33.125,-0.075,-0.51125,0.016
68,33.375,-0.3355,-0.4935,-0.16425
68,33.625,-0.5575,-1.0867499999999999,-0.386
68,33.875,-0.8805000000000001,-1.08825,-0.7215
68,34.125,-0.7815000000000001,-1.30975,-0.37475
68,34.375,-1.3525,-1.4809999999999999,-1.2422499999999999
68,34.625,-1.9249999999999998,-1.9955,-1.59575
68,34.875,-2.005,-2.1135,-1.568
68,35.125,-2.1105,-2.122,-1.8752499999999999
68,35.375,-2.3165,-2.37325,-2.16875
68,35.625,-2.2335000000000003,-2.27325,-2.192
68,35.875,-2.2880000000000003,-2.32475,-2.1345
68,36.125,-2.088,-2.145,-2.0374999999999996
68,36.375,-2.1195,-2.152,-1.9849999999999999
68,36.625,-2.1334999999999997,-2.20225,-1.9805
68,36.875,-2.1935000000000002,-2.3355,-2.0285
68,37.125,-2.0949999999999998,-2.4225000000000003,-1.9075
68,37.375,-2.1995,-2.45625,-1.9737500000000001
68,37.625,-2.287,-2.3529999999999998,-2.07425
68,37.875,-2.3375,-2.42875,-2.202
68,38.125,-2.3575,-2.47275,-2.2435
68,38.375,-2.4859999999999998,-2.515,-2.31825
68,38.625,-2.512,-2.5512499999999996,-2.4975
68,38.875,-2.5629999999999997,-2.5962500000000004,-2.511
68,39.125,-2.5915,-2.6275,-2.55775
68,39.375,-2.6405000000000003,-2.6745,-2.62475
68,39.625,-2.662,-2.68825,-2.60925
68,39.875,-2.705,-2.7695,-2.6805000000000003
68,40.125,-2.7485,-2.79425,-2.70975
68,40.375,-2.8215,-2.86525,-2.74425
68,40.625,-2.8360000000000003,-2.87175,-2.7875
68,40.875,-2.8659999999999997,-2.899,-2.841
68,41.125,-2.8674999999999997,-2.936,-2.8305000000000002
68,41.375,-2.91,-3.0415,-2.85625
68,41.625,-2.951,-3.0625,-2.9015
68,41.875,-3.0265,-3.0692500000000003,-2.99125
68,42.125,-3.0279999999999996,-3.07125,-2.86225
68,42.375,-3.0925000000000002,-3.92375,-3.061
68,42.625,-3.121,-4.3427500000000006,-3.09725
68,42.875,-3.1385,-3.689,-3.12175
68,43.125,-3.086,-3.18025,-3.00725
68,43.375,-3.1865,-3.23075,-3.16175
68,43.625,-3.1645000000000003,-3.2145,-3.1157500000000002
68,43.875,-3.218,-3.24425,-3.1905
68,44.125,-3.2365000000000004,-3.282,-3.1795
68,44.375,-3.3185000000000002,-3.3395,-3.2262500000000003
68,44.625,-3.3315,-3.3785,-3.27625
68,44.875,-3.3205,-3.4015,-3.2969999999999997
68,45.125,-3.3425000000000002,-3.3525,-3.3125
68,45.375,-3.3495,-3.3905,-3.31725
68,45.625,-3.3875,-3.45375,-3.3352500000000003
68,45.875,-3.4314999999999998,-3.47425,-3.3897500000000003
68,46.125,-3.464,-3.4675000000000002,-3.41425
68,46.375,-3.4775,-3.4905,-3.45425
68,46.625,-3.491,-3.51475,-3.45925
68,46.875,-3.4985,-3.51675,-3.4545
68,47.125,-3.4720000000000004,-3.48925,-3.4515000000000002
68,47.375,-3.4690000000000003,-3.521,-3.45125
68,47.625,-3.4445,-3.46,-3.41225
68,47.875,-3.4234999999999998,-3.4712500000000004,-3.4002499999999998
68,48.125,-3.4530000000000003,-3.4795,-3.4275
68,48.375,-3.4635,-3.4925,-3.431
68,48.625,-3.4829999999999997,-3.4895,-3.4617500000000003
68,48.875,-3.5084999999999997,-3.52,-3.495
68,49.125,-3.5445,-3.5495,-3.513
68,49.375,-3.558,-3.56625,-3.54575
68,49.625,-3.567,-3.568,-3.54825
68,49.875,-3.5614999999999997,-3.56925,-3.54975
68,50.125,-3.5645,-3.56725,-3.537
68,50.375,-3.559,-3.56725,-3.54175
68,50.625,-3.581,-3.58925,-3.54
68,50.875,-3.591,-3.5949999999999998,-3.52025
68,51.125,-3.5805,-3.58775,-3.57625
68,51.375,-3.5700000000000003,-3.5892500000000003,-3.5627500000000003
68,51.625,-3.5585,-3.5757499999999998,-3.5460000000000003
68,51.875,-3.646,-3.6545,-3.61625
68,52.125,-3.65,-3.65225,-3.62425
68,52.375,-3.6245000000000003,-3.6345,-3.62
68,52.625,-3.5860000000000003,-3.6022499999999997,-3.574
68,52.875,-3.644,-3.6465,-3.6357500000000003
68,53.125,-3.6420000000000003,-3.64575,-3.6397500000000003
68,53.375,-3.6355,-3.6425,-3.632
68,53.625,-3.611,-3.62,-3.61
68,53.875,-3.6079999999999997,-3.61975,-3.5985
68,54.125,-3.6005000000000003,-3.6055,-3.5934999999999997
68,54.375,-3.603,-3.604,-3.5965
68,54.625,-3.615,-3.6165000000000003,-3.604
68,54.875,-3.612,-3.61825,-3.6025
68,55.125,-3.6105,-3.6205000000000003,-3.598
68,55.375,-3.612,-3.6165000000000003,-3.56725
68,55.625,-3.606,-3.6102499999999997,-3.56625
68,55.875,-3.6065,-3.6235,-3.591
68,56.125,-3.6384999999999996,-3.6849999999999996,-3.613
68,56.375,-3.6405,-3.6694999999999998,-3.6237500000000002
68,56.625,-3.648,-3.66025,-3.624
68,56.875,-3.6660000000000004,-3.678,-3.6557500000000003
68,57.125,-3.7025,-3.73125,-3.681
68,57.375,-3.718,-3.72775,-3.70575
68,57.625,-3.7270000000000003,-3.738,-3.714
68,57.875,-3.7104999999999997,-3.72325,-3.6965
68,58.125,-3.6790000000000003,-3.6875,-3.66025
68,58.375,-3.6855,-3.70975,-3.6645
68,58.625,-3.7535,-3.75975,-3.73725
68,58.875,-3.7705,-3.7745,-3.7600000000000002
68,59.125,-3.7675,-3.7722499999999997,-3.7647500000000003
68,59.375,-3.7725,-3.7802499999999997,-3.7664999999999997
68,59.625,-3.775,-3.803,-3.76075
68,59.875,-3.791,-3.80175,-3.7705
74,10.125,0.8025,0.61575,0.949
74,10.375,0.738,0.57475,0.872
74,10.625,0.66,0.56525,0.799
74,10.875,0.6194999999999999,0.40725,0.7304999999999999
74,11.125,0.556,0.39725,0.6677500000000001
74,11.375,0.5245,0.32725,0.6105
74,11.625,0.4655,0.35425,0.54825
74,11.875,0.3255,0.20775,0.5297499999999999
74,12.125,0.31699999999999995,0.17875,0.49375
74,12.375,0.3305,0.149,0.51275
74,12.625,0.3595,0.15375,0.4295
74,12.875,0.239,0.026499999999999996,0.37875
74,13.125,0.24,0.043250000000000004,0.41125
74,13.375,0.21950000000000003,-0.037,0.39249999999999996
74,13.625,0.205,-0.06725,0.42825
74,13.875,0.1855,-0.11125,0.376
74,14.125,0.11200000000000002,-0.114,0.2465
74,14.375,0.0,-0.2025,0.244
74,14.625,-0.14150000000000001,-0.2915,0.10525000000000001
74,14.875,-0.2685,-0.3845,-0.027749999999999997
74,15.125,-0.38,-0.52675,-0.13724999999999998
74,15.375,-0.4665,-0.61125,-0.26749999999999996
74,15.625,-0.4515,-0.715,-0.391
74,15.875,-0.6535,-0.82825,-0.51325
74,16.125,-0.766,-0.9784999999999999,-0.63675
74,16.375,-0.8205,-0.9522499999999999,-0.67625
74,16.625,-0.7695000000000001,-0.83575,-0.6697500000000001
74,16.875,-0.7655000000000001,-0.82975,-0.567
74,17.125,-0.748,-0.87625,-0.679
74,17.375,-0.6945,-0.7947500000000001,-0.635
74,17.625,-0.6639999999999999,-0.75175,-0.60075
74,17.875,-0.5875,-0.6685000000000001,-0.4825
74,18.125,-0.4545,-0.57875,-0.3765
74,18.375,-0.281,-0.333,-0.19675
74,18.625,-0.263,-0.272,-0.2365
74,18.875,-0.28700000000000003,-0.305,-0.22925
74,19.125,-0.2005,-0.23825,-0.17099999999999999
74,19.375,-0.0645,-0.34450000000000003,0.25725
74,19.625,-0.118,-0.3605,0.0025000000000000005
74,19.875,-0.10400000000000001,-0.4355,0.16925
74,20.125,0.24,-0.014999999999999986,0.3055
74,20.375,0.02850000000000001,-0.483,0.29000000000000004
74,20.625,0.14200000000000002,-0.04875,0.20500000000000002
74,20.875,-0.107,-0.36,0.02475
74,21.125,-0.145,-0.3775,-0.0665
74,21.375,-0.0465,-0.36,0.2735
74,21.625,0.3155,-0.03450000000000003,0.435
74,21.875,0.5025,0.14275,0.606
74,22.125,0.178,-0.41225,0.5754999999999999
74,22.375,-0.20800000000000002,-0.55925,0.52125
74,22.625,0.0705,-0.4395,0.3875
74,22.875,-0.0825,-0.22325,0.04375
74,23.125,-0.199,-0.3355,0.02425000000000002
74,23.375,0.315,-0.011,0.66425
74,23.625,0.565,0.4545,0.656
74,23.875,0.4935,0.4435,0.604
74,24.125,0.3805,0.31625000000000003,0.45575
74,24.375,0.5515,-0.14824999999999997,0.726
74,24.625,0.45299999999999996,-0.8410000000000001,0.58425
74,24.875,0.4545,-0.35175,0.747
74,25.125,0.4245,0.19375,0.8147500000000001
74,25.375,0.3375,-0.03725,0.78225
74,25.625,0.08299999999999999,-0.077,1.018
74,25.875,0.9455,0.5125,1.13875
74,26.125,1.187,1.02575,1.32775
74,26.375,0.2725,-0.28025,1.31075
74,26.625,-0.04100000000000001,-0.4945,0.68075
74,26.875,-0.216,-0.5800000000000001,1.13975
74,27.125,0.1795,-0.3145,1.36
74,27.375,0.8025,0.47475,0.94075
74,27.625,0.8374999999999999,-0.38425,1.15925
74,27.875,0.004500000000000004,-0.5327500000000001,1.03725
74,28.125,-0.2575,-0.7505000000000001,0.66325
74,28.375,0.0755,-1.55875,0.20075
74,28.625,-1.6275,-1.964,-0.66
74,28.875,-1.8335,-1.931,-1.681
74,29.125,-1.8835,-2.003,-1.509
74,29.375,-2.111,-2.2075,-1.98975
74,29.625,-1.9064999999999999,-2.1407499999999997,-1.3785
74,29.875,-1.8935,-1.99725,-1.7109999999999999
74,30.125,-2.169,-2.22,-1.624
74,30.375,-1.8940000000000001,-2.0787500000000003,0.45599999999999996
74,30.625,-1.896,-2.1557500000000003,-1.61425
74,30.875,-1.728,-1.8805,-1.6275
74,31.125,-2.0,-2.0645,-1.3475
74,31.375,-2.0575,-2.107,-1.98375
74,31.625,-2.2279999999999998,-2.45125,-2.16975
74,31.875,-2.3985000000000003,-2.6905,-2.2355
74,32.125,-2.2245,-2.38675,-1.9180000000000001
74,32.375,-1.3239999999999998,-2.2225,-1.12475
74,32.625,-1.6920000000000002,-2.1985,-1.19275
74,32.875,-2.0374999999999996,-2.1765,-1.871
74,33.125,-2.251,-2.271,-2.17475
74,33.375,-2.2615,-2.3129999999999997,-2.15875
74,33.625,-2.2984999999999998,-2.3505,-2.1037500000000002
74,33.875,-2.2984999999999998,-2.30625,-2.2687500000000003
74,34.125,-2.263,-2.28625,-2.2352499999999997
74,34.375,-2.2695,-2.371,-2.21625
74,34.625,-2.324,-2.45925,-2.30275
74,34.875,-2.3665000000000003,-2.4065,-2.2874999999999996
74,35.125,-2.3795,-2.39075,-2.3355
74,35.375,-2.349,-2.37225,-2.307
74,35.625,-2.375,-2.3855,-2.34875
74,35.875,-2.4299999999999997,-2.46375,-2.3585000000000003
74,36.125,-2.4785,-2.52775,-2.464
74,36.375,-2.508,-2.533,-2.4795
74,36.625,-2.524,-2.569,-2.5067500000000003
74,36.875,-2.5265,-2.60475,-2.5090000000000003
74,37.125,-2.6390000000000002,-2.6555,-2.62925
74,37.375,-2.663,-2.70875,-2.63025
74,37.625,-2.6885000000000003,-2.75175,-2.65775
74,37.875,-2.7195,-2.7832500000000002,-2.6755
74,38.125,-2.806,-2.828,-2.78275
74,38.375,-2.927,-2.9524999999999997,-2.85375
74,38.625,-2.859,-2.87825,-2.83075
74,38.875,-2.9074999999999998,-2.9392500000000004,-2.86925
74,39.125,-2.9275,-3.037,-2.9105
74,39.375,-3.005,-3.0385,-2.9305
74,39.625,-3.0645,-3.1095,-3.0185
74,39.875,-3.115,-3.1414999999999997,-3.07275
74,40.125,-3.1265,-3.133,-3.1195
74,40.375,-3.1405,-3.14425,-3.133
74,40.625,-3.0885,-3.125,-3.065
74,40.875,-3.093,-3.124,-3.077
74,41.125,-3.137,-3.19225,-3.0749999999999997
74,41.375,-3.1085000000000003,-3.145,-3.035
74,41.625,-3.15,-3.16775,-3.088
74,41.875,-3.1870000000000003,-3.20275,-3.1445
74,42.125,-3.1565,-3.1715,-3.1445
74,42.375,-3.1879999999999997,-3.19575,-3.173
74,42.625,-3.253,-3.2615,-3.2350000000000003
74,42.875,-3.2355,-3.304,-3.2117500000000003
74,43.125,-3.274,-3.3695,-3.23
74,43.375,-3.359,-3.37825,-3.3325
74,43.625,-3.3899999999999997,-3.4107499999999997,-3.37875
74,43.875,-3.4035,-3.42075,-3.387
74,44.125,-3.396,-3.41275,-3.3715
74,44.375,-3.4234999999999998,-3.4485,-3.4130000000000003
74,44.625,-3.4459999999999997,-3.44975,-3.4345
74,44.875,-3.459,-3.4747500000000002,-3.4505
74,45.125,-3.5324999999999998,-3.54025,-3.505
74,45.375,-3.5355,-3.55675,-3.5265
74,45.625,-3.5445,-3.5484999999999998,-3.53725
74,45.875,-3.5605,-3.565,-3.551
74,46.125,-3.556,-3.55975,-3.5455
74,46.375,-3.5425,-3.54675,-3.53475
74,46.625,-3.5300000000000002,-3.5397499999999997,-3.516
74,46.875,-3.5255,-3.54225,-3.52125
74,47.125,-3.549,-3.5635,-3.53625
74,47.375,-3.5465,-3.567,-3.53025
74,47.625,-3.5789999999999997,-3.59575,-3.5279999999999996
74,47.875,-3.59,-3.6065,-3.558
74,48.125,-3.5825,-3.60725,-3.5515
74,48.375,-3.5949999999999998,-3.60625,-3.58175
74,48.625,-3.5915,-3.59425,-3.5815
74,48.875,-3.5745,-3.58575,-3.5585
74,49.125,-3.61,-3.656,-3.553
74,49.375,-3.6145,-3.66875,-3.57625
74,49.625,-3.6005000000000003,-3.66525,-3.58725
74,49.875,-3.5995,-3.64825,-3.58075
74,50.125,-3.598,-3.605,-3.5885
74,50.375,-3.5945,-3.60475,-3.575
74,50.625,-3.6185,-3.62225,-3.61175
74,50.875,-3.6045,-3.62,-3.59175
74,51.125,-3.5705,-3.58575,-3.5629999999999997
74,51.375,-3.5605,-3.604,-3.53875
74,51.625,-3.5765000000000002,-3.6157500000000002,-3.549
74,51.875,-3.577,-3.60625,-3.549
74,52.125,-3.598,-3.63575,-3.5612500000000002
74,52.375,-3.56,-3.6014999999999997,-3.50925
74,52.625,-3.582,-3.593,-3.54975
74,52.875,-3.6445,-3.6555,-3.62175
74,53.125,-3.65,-3.69925,-3.63725
74,53.375,-3.686,-3.72825,-3.63825
74,53.625,-3.7195,-3.741,-3.66875
74,53.875,-3.702,-3.729,-3.6502499999999998
74,54.125,-3.673,-3.6877500000000003,-3.6457499999999996
74,54.375,-3.667,-3.691,-3.6590000000000003
74,54.625,-3.7060000000000004,-3.7425,-3.68675
74,54.875,-3.7325,-3.77675,-3.70475
74,55.125,-3.6925,-3.74575,-3.6675
74,55.375,-3.718,-3.74525,-3.664
74,55.625,-3.702,-3.732,-3.69525
74,55.875,-3.7175000000000002,-3.7295,-3.68325
74,56.125,-3.7145,-3.73625,-3.6814999999999998
74,56.375,-3.694,-3.716,-3.67675
74,56.625,-3.696,-3.7085,-3.68325
74,56.875,-3.6950000000000003,-3.7045,-3.68175
74,57.125,-3.709,-3.71825,-3.68775
74,57.375,-3.7119999999999997,-3.7197500000000003,-3.6857499999999996
74,57.625,-3.692,-3.7125,-3.68275
74,57.875,-3.676,-3.6785,-3.67525
74,58.125,-3.6715,-3.737,-3.65125
74,58.375,-3.7115,-3.738,-3.682
74,58.625,-3.723,-3.72975,-3.70975
74,58.875,-3.7365,-3.7462500000000003,-3.71425
74,59.125,-3.725,-3.7315,-3.721
74,59.375,-3.745,-3.7625,-3.7395
74,59.625,-3.7720000000000002,-3.811,-3.74675
74,59.875,-3.7560000000000002,-3.7714999999999996,-3.741
