hemisphere,density_kg_m3,matrix_density_kg_m3,pore_density_kg_m3,zero_carrier_porosity,physical_zero_carrier
North,2622,2400,0,-0.0925,False
North,2622,2400,1000,-0.15857142857142856,False
North,2622,2600,0,-0.008461538461538461,False
North,2622,2600,1000,-0.01375,False
North,2622,2700,0,0.028888888888888888,True
North,2622,2700,1000,0.04588235294117647,True
North,2622,2900,0,0.09586206896551724,True
North,2622,2900,1000,0.1463157894736842,True
North,2622,3100,0,0.15419354838709678,True
North,2622,3100,1000,0.2276190476190476,True
South,2492,2400,0,-0.03833333333333333,False
South,2492,2400,1000,-0.06571428571428571,False
South,2492,2600,0,0.04153846153846154,True
South,2492,2600,1000,0.0675,True
South,2492,2700,0,0.07703703703703704,True
South,2492,2700,1000,0.1223529411764706,True
South,2492,2900,0,0.1406896551724138,True
South,2492,2900,1000,0.21473684210526317,True
South,2492,3100,0,0.19612903225806452,True
South,2492,3100,1000,0.2895238095238095,True
